MeID,Length,Area,Circle,Density
0,408.97,9679.11,0.73,0.04
1,1569.86,33597.9,0.17,0.05
2,131.29,674.55,0.49,0.19
3,873.25,11668.5,0.19,0.07
4,570.24,11512.1,0.44,0.05
5,494.18,8647.48,0.44,0.06
6,2332.07,89688.1,0.21,0.03
7,567.41,8700.43,0.34,0.07
8,416.37,5639.25,0.41,0.07
9,869.31,19575.4,0.33,0.04
10,1596.85,21714,0.11,0.07
11,3341.79,108507,0.12,0.03
12,1483.64,51772.1,0.3,0.03
13,1098.56,20588.5,0.21,0.05
14,6182.78,1085260,0.36,0.01
15,554.66,15620.3,0.64,0.04
16,171.55,1615.1,0.69,0.11
17,154.17,1215.16,0.64,0.13
18,493.61,13347.8,0.69,0.04
19,155.6,490.69,0.25,0.32
20,1221.86,74582.2,0.63,0.02
21,208.83,851.78,0.25,0.25
22,95.71,541.32,0.74,0.18
23,232.37,1857.13,0.43,0.13
24,127.62,918.63,0.71,0.14
25,870.02,10890.5,0.18,0.08
26,1636.29,69417,0.33,0.02
27,501.78,7398.12,0.37,0.07
28,3708.81,47892.2,0.04,0.08
29,437.94,5061.92,0.33,0.09
30,332.3,4450.88,0.51,0.07
31,599.57,4095.18,0.14,0.15
32,436.98,2898.72,0.19,0.15
33,34267.7,43954300,0.47,0
34,1437.01,25983.4,0.16,0.06
35,380.88,5484.37,0.47,0.07
36,1909.06,94539.8,0.33,0.02
37,451.29,11127.7,0.69,0.04
38,339.43,6139.81,0.67,0.06
39,319.99,3718.07,0.46,0.09
40,338.06,4370.45,0.48,0.08
41,311.51,3169.02,0.41,0.1
42,287.22,2915.46,0.44,0.1
43,304.06,3245.95,0.44,0.09
44,316.32,3494.81,0.44,0.09
45,572.16,7089.19,0.27,0.08
46,327.12,4239.9,0.5,0.08
47,268.27,3008.97,0.53,0.09
48,535.48,12774.9,0.56,0.04
49,353.35,4954.92,0.5,0.07
50,326.13,4346.72,0.51,0.08
51,315.41,5102.57,0.64,0.06
52,139.81,1116.88,0.72,0.13
53,244.2,2454.69,0.52,0.1
54,378.88,7794.21,0.68,0.05
55,62.87,196.7,0.62,0.32
56,473.34,9757.53,0.55,0.05
57,187.23,1761.76,0.63,0.11
58,200.08,2212.75,0.69,0.09
59,215.02,2602.6,0.71,0.08
60,264.42,4209.1,0.76,0.06
61,402.25,7971.3,0.62,0.05
62,286.56,5371.65,0.82,0.05
63,3215.53,124623,0.15,0.03
64,1325.62,36572.2,0.26,0.04
65,163.34,1539.06,0.72,0.11
66,788.06,26568,0.54,0.03
67,1166.46,63512,0.59,0.02
68,379.74,4570.45,0.4,0.08
69,8.83,0.14,0.02,63.07
70,563.35,14336.9,0.57,0.04
71,353.68,2268.41,0.23,0.16
72,180.37,2172.47,0.84,0.08
73,891.28,23952.1,0.38,0.04
74,3199.71,354415,0.43,0.01
75,174.3,1768.76,0.73,0.1
76,181.62,1810.29,0.69,0.1
77,3931.31,428906,0.35,0.01
78,906.6,20712.1,0.32,0.04
79,23235.6,23088700,0.54,0
80,534.02,4805.63,0.21,0.11
81,2589.28,305466,0.57,0.01
82,334.32,5288.83,0.59,0.06
83,331.91,5197.64,0.59,0.06
84,331.32,5211.83,0.6,0.06
85,332.1,5181.65,0.59,0.06
86,428.3,4840.81,0.33,0.09
87,418.93,7539.22,0.54,0.06
88,207.67,1411.82,0.41,0.15
89,199.87,1288.01,0.4,0.16
90,1959.59,57208.8,0.19,0.03
91,2114.95,160387,0.45,0.01
92,652.68,13403.6,0.4,0.05
93,678.68,13356.9,0.36,0.05
94,689.22,10978.8,0.29,0.06
95,110.96,687.81,0.7,0.16
96,85.26,289.67,0.5,0.29
97,255.34,3270.83,0.63,0.08
98,473.47,11900,0.67,0.04
99,472.64,11278.2,0.63,0.04
100,37.67,49.97,0.44,0.75
101,264,2925.21,0.53,0.09
102,236.55,2401.38,0.54,0.1
103,290.94,4961.92,0.74,0.06
104,331.69,5957.54,0.68,0.06
105,876.34,35833.8,0.59,0.02
106,794.48,23187,0.46,0.03
107,383.1,7047.32,0.6,0.05
108,651.92,22513.9,0.67,0.03
109,373.18,7965.3,0.72,0.05
110,390.76,7715.36,0.63,0.05
111,729.2,30014.3,0.71,0.02
112,1594.96,51301.3,0.25,0.03
113,971.65,23059.2,0.31,0.04
114,3150.04,170446,0.22,0.02
115,2437.15,153130,0.32,0.02
116,679.94,15806.1,0.43,0.04
117,3584.21,686043,0.67,0.01
118,1320.91,96975.8,0.7,0.01
119,1942.16,172696,0.58,0.01
120,1099.57,34218.7,0.36,0.03
121,1075.06,43428.6,0.47,0.02
122,1080.9,62468.6,0.67,0.02
123,992.64,41127.7,0.52,0.02
124,19317,5270570,0.18,0
125,4973.91,681716,0.35,0.01
126,7300.32,1858230,0.44,0
127,579.07,14910.2,0.56,0.04
128,1087.27,64209.9,0.68,0.02
129,623.86,20231.1,0.65,0.03
130,1983.71,133998,0.43,0.01
131,629.78,14497.3,0.46,0.04
132,617.83,22622.7,0.74,0.03
133,238.63,823.75,0.18,0.29
134,2377.99,333423,0.74,0.01
135,640.11,25199.7,0.77,0.03
136,4645.38,1282610,0.75,0
137,828.21,38936.1,0.71,0.02
138,942.75,55401.2,0.78,0.02
139,533.65,16942.4,0.75,0.03
140,385.6,8711,0.74,0.04
141,209.58,2259.44,0.65,0.09
142,344.65,7256.32,0.77,0.05
143,551.39,9800.63,0.4,0.06
144,995.04,36824,0.47,0.03
145,527.11,14424.3,0.65,0.04
146,711.47,28138,0.7,0.03
147,1230.44,84550.3,0.7,0.01
148,516.26,6900.52,0.33,0.07
149,1056.98,65434.9,0.74,0.02
150,590.23,20730.6,0.75,0.03
151,2000.81,249150,0.78,0.01
152,381.17,1650.57,0.14,0.23
153,157.02,1097.58,0.56,0.14
154,5165.43,901660,0.42,0.01
155,395,9143.8,0.74,0.04
156,388.37,6090.87,0.51,0.06
157,3196.69,525657,0.65,0.01
158,1253.01,10476.8,0.08,0.12
159,1470.4,130081,0.76,0.01
160,2597.66,264100,0.49,0.01
161,252.03,4136.3,0.82,0.06
162,2701.76,284573,0.49,0.01
163,1949.22,59909.8,0.2,0.03
164,248.73,3038.85,0.62,0.08
165,960.16,48896.4,0.67,0.02
166,1412.93,81230.4,0.51,0.02
167,530.13,12013.2,0.54,0.04
168,302.74,4918.25,0.67,0.06
169,30957,12496300,0.16,0
170,829.81,23295.8,0.42,0.04
171,1257.75,92165.5,0.73,0.01
172,1739.76,90476.6,0.38,0.02
173,117.46,621.58,0.57,0.19
174,2410.36,277679,0.6,0.01
175,2350.03,140939,0.32,0.02
176,214.13,2583.66,0.71,0.08
177,93.5,515.94,0.74,0.18
178,2561.41,102189,0.2,0.03
179,1711.69,105939,0.45,0.02
180,5380.14,612112,0.27,0.01
181,450.84,4595.59,0.28,0.1
182,1017.83,58269.4,0.71,0.02
183,1384.3,122830,0.81,0.01
184,1520.36,138783,0.75,0.01
185,1648.2,101643,0.47,0.02
186,754.25,27856.8,0.62,0.03
187,348.96,6281.77,0.65,0.06
188,240.08,3278.31,0.71,0.07
189,215.39,2349.27,0.64,0.09
190,223.79,2664.98,0.67,0.08
191,304.47,5937.88,0.8,0.05
192,207.93,1359.78,0.4,0.15
193,604.46,20614.1,0.71,0.03
194,2425.14,250578,0.54,0.01
195,2643.08,206419,0.37,0.01
196,1181.28,79153.4,0.71,0.01
197,2665.11,395342,0.7,0.01
198,1754.38,192805,0.79,0.01
199,2194.69,256728,0.67,0.01
200,613.17,23713.1,0.79,0.03
201,3073.44,585213,0.78,0.01
202,669.83,28300.9,0.79,0.02
203,695.1,29913.2,0.78,0.02
204,647.52,25013.8,0.75,0.03
205,379.16,7979.21,0.7,0.05
206,4968.32,1312990,0.67,0
207,1015.21,51169.7,0.62,0.02
208,574.15,20482.4,0.78,0.03
209,612.74,23283.3,0.78,0.03
210,520.19,15016.6,0.7,0.03
211,1962.13,176493,0.58,0.01
212,3681.57,821429,0.76,0
213,3343.35,375270,0.42,0.01
214,737.97,32734,0.75,0.02
215,390.76,6634.04,0.55,0.06
216,280.98,4292.92,0.68,0.07
217,1000.49,47410.5,0.59,0.02
218,1204.9,89559.3,0.77,0.01
219,237.74,3374.18,0.75,0.07
220,383.83,8272.25,0.71,0.05
221,455.39,9674.52,0.59,0.05
222,296,5026.09,0.72,0.06
223,665.72,23939,0.68,0.03
224,1683.84,131767,0.58,0.01
225,1198.95,81747.2,0.71,0.01
226,1064.9,23938.5,0.27,0.04
227,5161.53,1090270,0.51,0
228,3821.42,774198,0.67,0
229,2505.9,363865,0.73,0.01
230,2656.02,359404,0.64,0.01
231,412.05,10645.6,0.79,0.04
232,476.51,14102.7,0.78,0.03
233,614.94,16328,0.54,0.04
234,497.9,12981.5,0.66,0.04
235,426.52,7204.52,0.5,0.06
236,428.99,7611.7,0.52,0.06
237,641.76,25464.7,0.78,0.03
238,3154.79,417311,0.53,0.01
239,338.09,7339.26,0.81,0.05
240,597.47,17544.3,0.62,0.03
241,271.17,3127.4,0.53,0.09
242,2424.18,326922,0.7,0.01
243,381.37,5832.02,0.5,0.07
244,465.43,12735.8,0.74,0.04
245,845.45,28844.8,0.51,0.03
246,886.22,38995.6,0.62,0.02
247,1685.09,141016,0.62,0.01
248,1742.71,146616,0.61,0.01
249,485.96,14206.5,0.76,0.03
250,822.85,34607,0.64,0.02
251,1481.7,50638.7,0.29,0.03
252,246.83,3819.64,0.79,0.06
253,505.94,12628.1,0.62,0.04
254,369.43,6123.23,0.56,0.06
255,199.75,1199.17,0.38,0.17
256,291.37,4544.86,0.67,0.06
257,97.74,299.41,0.39,0.33
258,95200.6,97967200,0.14,0
259,2314.02,95929.6,0.23,0.02
260,9259.7,1754460,0.26,0.01
261,3202.65,399469,0.49,0.01
262,782.81,35370.6,0.72,0.02
263,652.5,21960,0.65,0.03
264,531.15,14206,0.63,0.04
265,715.2,29562.5,0.73,0.02
266,991,49532.7,0.63,0.02
267,1100.29,46305.1,0.48,0.02
268,28784.8,16909800,0.26,0
269,149.12,894.49,0.51,0.17
270,667.95,18627.4,0.52,0.04
271,3510.15,480550,0.49,0.01
272,4475.25,632447,0.4,0.01
273,530.91,17302.3,0.77,0.03
274,1645.99,151606,0.7,0.01
275,3493.7,603997,0.62,0.01
276,1141.09,68758.1,0.66,0.02
277,1033.67,42980.2,0.51,0.02
278,1085.09,68793.3,0.73,0.02
279,84263.6,161396000,0.29,0
280,954.46,58250.1,0.8,0.02
281,874.54,52174.3,0.86,0.02
282,842.83,23785.3,0.42,0.04
283,18086,5556430,0.21,0
284,724.64,29186.2,0.7,0.02
285,1087,68944.2,0.73,0.02
286,461.02,6344.9,0.37,0.07
287,2347.52,330354,0.75,0.01
288,5301.25,852732,0.38,0.01
289,1411.01,116844,0.74,0.01
290,1664.29,153362,0.7,0.01
291,1443.4,121631,0.73,0.01
292,2520.91,346709,0.69,0.01
293,1168.37,25224.9,0.23,0.05
294,3869.26,314366,0.26,0.01
295,1180.19,36690.3,0.33,0.03
296,2589.47,54720.7,0.1,0.05
297,1558.62,54026,0.28,0.03
298,704.17,30786.6,0.78,0.02
299,1089.3,62353.4,0.66,0.02
300,4873.4,387480,0.2,0.01
301,681.04,19630.3,0.53,0.03
302,2184.27,77238,0.2,0.03
303,5867.81,1069070,0.39,0.01
304,651.9,17665.2,0.52,0.04
305,388.47,8354.11,0.7,0.05
306,378.53,7770.18,0.68,0.05
307,1238.56,65881.6,0.54,0.02
308,1785.87,173298,0.68,0.01
309,340.86,5718.92,0.62,0.06
310,410.77,8453.26,0.63,0.05
311,872.02,46494,0.77,0.02
312,1035.03,66734.1,0.78,0.02
313,649.36,18295,0.54,0.04
314,945,40647.1,0.57,0.02
315,977.71,58179.1,0.76,0.02
316,406.34,5484.28,0.42,0.07
317,2197.7,183816,0.48,0.01
318,5808.66,1091140,0.41,0.01
319,7650.54,2385910,0.51,0
320,11020.3,3335570,0.34,0
321,838.55,40655.7,0.73,0.02
322,350.4,6919.49,0.71,0.05
323,231.83,3095.29,0.72,0.07
324,199.27,2168.56,0.69,0.09
325,476.89,11807.9,0.65,0.04
326,219.57,2867.83,0.75,0.08
327,264.65,3682.26,0.66,0.07
328,800.45,28936.1,0.57,0.03
329,288.21,3958.22,0.6,0.07
330,266.72,3220.6,0.57,0.08
331,399.82,9904.21,0.78,0.04
332,468.28,11395.8,0.65,0.04
333,51803.5,51292700,0.24,0
334,473.05,11372.6,0.64,0.04
335,194097,445876000,0.15,0
336,434.44,7165.16,0.48,0.06
337,1869.55,191744,0.69,0.01
338,441.37,12488.1,0.81,0.04
339,851.56,28464.3,0.49,0.03
340,291.96,5057.34,0.75,0.06
341,1069.25,33931.2,0.37,0.03
342,472.55,13861.4,0.78,0.03
343,672.89,19724.3,0.55,0.03
344,248.06,3891.15,0.79,0.06
345,760.41,20814.3,0.45,0.04
346,845.84,41788.8,0.73,0.02
347,172.82,523.37,0.22,0.33
348,22650.2,10187400,0.25,0
349,6979.23,1729410,0.45,0
350,1196.14,61186.1,0.54,0.02
351,839.21,25436.4,0.45,0.03
352,688.26,29765.4,0.79,0.02
353,592.8,8606.93,0.31,0.07
354,373.87,8109.47,0.73,0.05
355,1735.64,163313,0.68,0.01
356,3252.14,393708,0.47,0.01
357,705.98,16881,0.43,0.04
358,670.08,25943.5,0.73,0.03
359,1313.64,63642.7,0.46,0.02
360,3256.56,142768,0.17,0.02
361,236.86,3357.02,0.75,0.07
362,606.63,18486.2,0.63,0.03
363,59776.3,50178600,0.18,0
364,569.29,6729.89,0.26,0.08
365,223.36,2159.63,0.54,0.1
366,111.52,233.12,0.24,0.48
367,837.06,19588.9,0.35,0.04
368,753,24217.2,0.54,0.03
369,327.53,3738.87,0.44,0.09
370,383.11,3213.93,0.28,0.12
371,614.51,16954.6,0.56,0.04
372,1308.12,58354.8,0.43,0.02
373,444.95,9697.68,0.62,0.05
374,52173.3,60313200,0.28,0
375,540.45,5535,0.24,0.1
376,623.86,11539.3,0.37,0.05
377,361.11,3413.11,0.33,0.11
378,117.35,886.65,0.81,0.13
379,297.49,1408.03,0.2,0.21
380,344.62,1410.22,0.15,0.24
381,692.17,7214.53,0.19,0.1
382,1004.9,30402.3,0.38,0.03
383,971.15,50878.4,0.68,0.02
384,312.93,5249.47,0.67,0.06
385,1478.11,51183.2,0.29,0.03
386,948.48,32031.9,0.45,0.03
387,185.98,1829.76,0.66,0.1
388,1233.96,33207,0.27,0.04
389,1319.17,73493.2,0.53,0.02
390,851.35,27495.9,0.48,0.03
391,836.06,26983.2,0.48,0.03
392,330.44,4254.9,0.49,0.08
393,458.67,12319.4,0.74,0.04
394,269.17,4593.12,0.8,0.06
395,449.89,11561.9,0.72,0.04
396,549.44,15338.9,0.64,0.04
397,7384.99,2018260,0.46,0
398,107.47,390.01,0.42,0.28
399,524.36,15043.9,0.69,0.03
400,344.57,6226.3,0.66,0.06
401,411.16,8415.91,0.63,0.05
402,5730.81,1258430,0.48,0
403,2813.51,309299,0.49,0.01
404,613.84,20367.7,0.68,0.03
405,1275.13,84523.9,0.65,0.02
406,1035.52,66169.1,0.78,0.02
407,702.96,30676.7,0.78,0.02
408,1190.67,22277.6,0.2,0.05
409,363.92,6576.86,0.62,0.06
410,3260.35,320187,0.38,0.01
411,1023.11,37517.4,0.45,0.03
412,195.48,1402.34,0.46,0.14
413,663.17,15011.7,0.43,0.04
414,1190.04,60592.2,0.54,0.02
415,626.02,14201.1,0.46,0.04
416,59863.1,74719300,0.26,0
417,198.72,2160.1,0.69,0.09
418,2068.09,72118.9,0.21,0.03
419,592.56,14738.7,0.53,0.04
420,904.48,22960,0.35,0.04
421,3256.9,283026,0.34,0.01
422,503.46,9770.22,0.48,0.05
423,1447.51,18320.6,0.11,0.08
424,3299.93,343325,0.4,0.01
425,491.28,15176.8,0.79,0.03
426,283.3,2706.77,0.42,0.1
427,500.4,11467.7,0.58,0.04
428,239.53,2480.7,0.54,0.1
429,459.98,6957.77,0.41,0.07
430,372.58,6841.74,0.62,0.05
431,1688.56,91778.5,0.4,0.02
432,84.75,339.13,0.59,0.25
433,244.95,2579.27,0.54,0.09
434,182.72,1537.95,0.58,0.12
435,351.9,5100.7,0.52,0.07
436,698.42,20654.7,0.53,0.03
437,312.9,4233.61,0.54,0.07
438,696.42,23210.8,0.6,0.03
439,685.25,26841.6,0.72,0.03
440,807.92,45872.2,0.88,0.02
441,971.59,49806.6,0.66,0.02
442,1841.85,164789,0.61,0.01
443,648.82,14851.6,0.44,0.04
444,2843.03,90705.4,0.14,0.03
445,615.31,8264.73,0.27,0.07
446,188.39,1624.74,0.58,0.12
447,103.04,282.12,0.33,0.37
448,272.27,1775.22,0.3,0.15
449,117.4,407.5,0.37,0.29
450,1839.84,143725,0.53,0.01
451,980.11,56352.5,0.74,0.02
452,1524.56,133035,0.72,0.01
453,433.56,11035.8,0.74,0.04
454,437.49,11343.1,0.74,0.04
455,314.17,6026.83,0.77,0.05
456,618.16,13041.7,0.43,0.05
457,732.95,22376.8,0.52,0.03
458,690.8,26229.3,0.69,0.03
459,714.16,16412.5,0.4,0.04
460,512.42,7447.46,0.36,0.07
461,9356.19,1332330,0.19,0.01
462,2336.47,177602,0.41,0.01
463,590.45,19166,0.69,0.03
464,2496.54,187176,0.38,0.01
465,2798.79,220383,0.35,0.01
466,405.06,10361,0.79,0.04
467,4017.97,634206,0.49,0.01
468,856.58,38095.6,0.65,0.02
469,3069.37,361693,0.48,0.01
470,1612.08,142271,0.69,0.01
471,520.32,14070,0.65,0.04
472,2482.65,152917,0.31,0.02
473,1916.52,226880,0.78,0.01
474,3549.94,328295,0.33,0.01
475,3063.39,344333,0.46,0.01
476,634.39,17178.2,0.54,0.04
477,195.78,1653.12,0.54,0.12
478,191.52,2356.53,0.81,0.08
479,1640.07,68748,0.32,0.02
480,2911.23,175625,0.26,0.02
481,5846.51,428214,0.16,0.01
482,510.2,16067.9,0.78,0.03
483,1626.66,75527.3,0.36,0.02
484,297.21,4810.6,0.68,0.06
485,351.14,6575.76,0.67,0.05
486,2165,107640,0.29,0.02
487,126.06,977.38,0.77,0.13
488,73.08,280.88,0.66,0.26
489,1935.12,63087,0.21,0.03
490,1037.67,55475.5,0.65,0.02
491,804.63,30248.2,0.59,0.03
492,1894.16,223742,0.78,0.01
493,779.24,37357.9,0.77,0.02
494,302.91,5964.44,0.82,0.05
495,206.59,1749.96,0.51,0.12
496,212.49,2008.94,0.56,0.11
497,4180.8,472472,0.34,0.01
498,5212.15,1475850,0.68,0
499,1451.61,47962.7,0.29,0.03
500,2160.53,229551,0.62,0.01
501,896.22,36176.5,0.57,0.02
502,780.69,22375.1,0.46,0.03
503,617.41,19862.5,0.65,0.03
504,664.3,26712.3,0.76,0.02
505,124.21,546.47,0.44,0.23
506,1058.74,64838.4,0.73,0.02
507,570.95,8738.27,0.34,0.07
508,590.58,3747.43,0.13,0.16
509,762.68,24476.6,0.53,0.03
510,1010.36,50134.4,0.62,0.02
511,1686.31,53371.4,0.24,0.03
512,113.21,214.37,0.21,0.53
513,310,5107.3,0.67,0.06
514,900.9,44770,0.69,0.02
515,446.18,5278.43,0.33,0.08
516,1026.05,63256.4,0.75,0.02
517,486.72,14149.9,0.75,0.03
518,577.78,23237,0.87,0.02
519,849.73,25372.4,0.44,0.03
520,11257.1,7329460,0.73,0
521,6648.94,2290110,0.65,0
522,9518.25,4164240,0.58,0
523,829.78,16754.4,0.31,0.05
524,2471.09,280802,0.58,0.01
525,23051.4,24350700,0.58,0
526,2850.03,382894,0.59,0.01
527,861.61,40528.4,0.69,0.02
528,1424.65,111813,0.69,0.01
529,1377.71,107206,0.71,0.01
530,588.51,11396.6,0.41,0.05
531,745.61,36199.4,0.82,0.02
532,369.43,8549.2,0.79,0.04
533,383.48,9388.18,0.8,0.04
534,472.82,14037.8,0.79,0.03
535,618.32,24044,0.79,0.03
536,613.32,23610.7,0.79,0.03
537,1242.1,59908.5,0.49,0.02
538,417.56,12205.1,0.88,0.03
539,5763.59,1005000,0.38,0.01
540,4294.31,612569,0.42,0.01
541,156.62,1222.41,0.63,0.13
542,308.55,3498.34,0.46,0.09
543,7033.11,1045430,0.27,0.01
544,484.25,11680.8,0.63,0.04
545,297.23,1678.82,0.24,0.18
546,1762.37,161156,0.65,0.01
547,18966.7,9431280,0.33,0
548,579.54,17965.6,0.67,0.03
549,1910.46,159079,0.55,0.01
550,1104.76,56810.8,0.58,0.02
551,134.45,598.01,0.42,0.22
552,612.55,13346.7,0.45,0.05
553,1761.76,96519.7,0.39,0.02
554,845.11,43983.8,0.77,0.02
555,1046.8,65013.5,0.75,0.02
556,1136.34,73484.9,0.71,0.02
557,539.09,18035,0.78,0.03
558,1204.45,74730.9,0.65,0.02
559,145.96,913.43,0.54,0.16
560,803.62,39530.6,0.77,0.02
561,12284.9,5288960,0.44,0
562,643.12,9711.66,0.29,0.07
563,1620.58,113132,0.54,0.01
564,3633.9,802348,0.76,0
565,3339.45,628474,0.71,0.01
566,3156.11,173091,0.22,0.02
567,85.45,349.15,0.6,0.24
568,461.63,12974.8,0.76,0.04
569,1762.64,114120,0.46,0.02
570,7564.46,1708920,0.38,0
571,9285.15,2198730,0.32,0
572,1761.37,155845,0.63,0.01
573,3610.82,220282,0.21,0.02
574,478.98,2501.61,0.14,0.19
575,665.8,21157.8,0.6,0.03
576,843.96,28051.3,0.49,0.03
577,1436.75,85418.8,0.52,0.02
578,12111.5,4076830,0.35,0
579,866.38,10771.6,0.18,0.08
580,3708.25,495959,0.45,0.01
581,3355.48,592889,0.66,0.01
582,72.17,232.5,0.56,0.31
583,109,349.12,0.37,0.31
584,2337.73,331004,0.76,0.01
585,2076.78,139892,0.41,0.01
586,9870.09,3262830,0.42,0
587,684.8,27834.8,0.75,0.02
588,503.02,10753.3,0.53,0.05
589,13874.6,4211480,0.27,0
590,2353.08,132453,0.3,0.02
591,1204.1,89425.4,0.77,0.01
592,9343.94,4630220,0.67,0
593,427.32,4271.23,0.29,0.1
594,98.95,236.93,0.3,0.42
595,124.67,316,0.26,0.39
596,857.68,16319.8,0.28,0.05
597,247.08,3679.78,0.76,0.07
598,180.37,819.8,0.32,0.22
599,245.95,3488.23,0.72,0.07
600,572.21,12506.1,0.48,0.05
601,858.52,17310.5,0.29,0.05
602,921.27,18384.2,0.27,0.05
603,1149.25,81758,0.78,0.01
604,125.64,516.84,0.41,0.24
605,1870.03,106197,0.38,0.02
606,245.81,3572.41,0.74,0.07
607,779.17,8746.83,0.18,0.09
608,81.35,271.37,0.52,0.3
609,2412.05,184599,0.4,0.01
610,3366.84,631899,0.7,0.01
611,185.17,1841.67,0.67,0.1
612,633.85,20209.4,0.63,0.03
613,299.58,3928.02,0.55,0.08
614,4203.54,385176,0.27,0.01
615,4260.3,771219,0.53,0.01
616,2224.58,46517.3,0.12,0.05
617,386.72,9188.61,0.77,0.04
618,2602.72,267773,0.5,0.01
619,751.5,28145.9,0.63,0.03
620,246.51,2899.02,0.6,0.09
621,21917.1,14125000,0.37,0
622,939.89,46752.5,0.66,0.02
623,974.24,55299,0.73,0.02
624,2076.69,257916,0.75,0.01
625,1523.57,143488,0.78,0.01
626,257.04,3832.45,0.73,0.07
627,31579,26044000,0.33,0
628,1065.68,57328.8,0.63,0.02
629,1711.51,129334,0.55,0.01
630,310.23,4378.01,0.57,0.07
631,484.07,9152.37,0.49,0.05
632,332.73,6624.68,0.75,0.05
633,465.02,9937.21,0.58,0.05
634,380.89,4586.63,0.4,0.08
635,526.79,13534.2,0.61,0.04
636,573.14,17999.6,0.69,0.03
637,3589.16,772601,0.75,0
638,424.5,9732.08,0.68,0.04
639,743.44,20648.4,0.47,0.04
640,713.52,18893.3,0.47,0.04
641,1116.3,36541.7,0.37,0.03
642,523.81,18235.3,0.83,0.03
643,679.42,24611.6,0.67,0.03
644,296.76,4341.76,0.62,0.07
645,391.39,7156.93,0.59,0.05
646,6411.9,863576,0.26,0.01
647,848.1,44277.6,0.77,0.02
648,1740.31,137998,0.57,0.01
649,1696.94,117866,0.51,0.01
650,1962.85,252785,0.82,0.01
651,4657.99,1089780,0.63,0
652,2676.17,235566,0.41,0.01
653,1276.39,104438,0.81,0.01
654,2705.04,295990,0.51,0.01
655,1410.36,80665,0.51,0.02
656,1665.32,76597.6,0.35,0.02
657,3720.54,694911,0.63,0.01
658,1406.84,112439,0.71,0.01
659,769.64,28681.4,0.61,0.03
660,566.06,20514.6,0.8,0.03
661,498.22,12387.2,0.63,0.04
662,730.03,20278.2,0.48,0.04
663,802.66,18644.7,0.36,0.04
664,575.48,11629,0.44,0.05
665,23809,6362680,0.14,0
666,6361.77,803656,0.25,0.01
667,409.85,7071.97,0.53,0.06
668,800.91,25592.3,0.5,0.03
669,238.28,678.52,0.15,0.35
670,1197.06,63899.7,0.56,0.02
671,658.39,23008.8,0.67,0.03
672,2097.29,86416.1,0.25,0.02
673,760.91,27001.1,0.59,0.03
674,5689.39,1066980,0.41,0.01
675,1763.97,134906,0.54,0.01
676,753.41,39158.1,0.87,0.02
677,435.62,7586.87,0.5,0.06
678,1007.05,41232.3,0.51,0.02
679,1843.78,148321,0.55,0.01
680,4115.61,527482,0.39,0.01
681,1005.42,52733.1,0.66,0.02
682,1226.93,66174.3,0.55,0.02
683,1912.85,222195,0.76,0.01
684,7895.67,2480010,0.5,0
685,3927.25,548627,0.45,0.01
686,1204.5,47009.2,0.41,0.03
687,2169.84,265874,0.71,0.01
688,1086.56,46377.9,0.49,0.02
689,1039.25,54927.1,0.64,0.02
690,865.76,34352.5,0.58,0.03
691,976.54,35614.4,0.47,0.03
692,797.73,26941.7,0.53,0.03
693,2492.56,131735,0.27,0.02
694,378.4,7563.88,0.66,0.05
695,505.6,14088.7,0.69,0.04
696,857.6,34142.4,0.58,0.03
697,15762.6,8891060,0.45,0
698,460.2,12495.6,0.74,0.04
699,949.76,43646.6,0.61,0.02
700,707.87,24190.1,0.61,0.03
701,693.43,31787.2,0.83,0.02
702,750.76,35348.5,0.79,0.02
703,379.59,3868.95,0.34,0.1
704,1680.2,162275,0.72,0.01
705,1282.61,94108.4,0.72,0.01
706,5644.5,1637710,0.65,0
707,835.81,43125.6,0.78,0.02
708,864.87,47059.7,0.79,0.02
709,4798.48,1000070,0.55,0
710,2445.33,180273,0.38,0.01
711,574.5,16631.5,0.63,0.03
712,403.41,9628.83,0.74,0.04
713,990.69,60813.9,0.78,0.02
714,345.57,6345.85,0.67,0.05
715,1958.57,204682,0.67,0.01
716,3222.04,420464,0.51,0.01
717,796.4,40875.9,0.81,0.02
718,1055.07,53434.1,0.6,0.02
719,556.15,18042.6,0.73,0.03
720,942.95,53823.1,0.76,0.02
721,1461.35,70729.4,0.42,0.02
722,737.98,14317,0.33,0.05
723,2586.3,232195,0.44,0.01
724,3651.05,733934,0.69,0
725,3529.53,635823,0.64,0.01
726,138.06,912.11,0.6,0.15
727,434.43,7596.33,0.51,0.06
728,811.76,24221.7,0.46,0.03
729,16704.1,13778700,0.62,0
730,715.52,28586.5,0.7,0.03
731,962.06,40447.8,0.55,0.02
732,870.14,40472.4,0.67,0.02
733,804.3,22827.5,0.44,0.04
734,577.55,19144,0.72,0.03
735,821.98,42541,0.79,0.02
736,4106.52,451999,0.34,0.01
737,2528.66,210943,0.41,0.01
738,3606.5,441850,0.43,0.01
739,1864.79,162362,0.59,0.01
740,1115.42,32728.4,0.33,0.03
741,1893.68,155966,0.55,0.01
742,2893.97,375884,0.56,0.01
743,19319.8,17628800,0.59,0
744,263.68,3415.42,0.62,0.08
745,238.33,2864.44,0.63,0.08
746,206.66,2361.08,0.69,0.09
747,259.62,3246.9,0.61,0.08
748,260.83,3329.8,0.61,0.08
749,207.15,2359.38,0.69,0.09
750,211.39,2488.63,0.7,0.08
751,210.48,2437.1,0.69,0.09
752,219.4,2733.61,0.71,0.08
753,252.31,2946.45,0.58,0.09
754,259.98,3328.47,0.62,0.08
755,259.34,3300.49,0.62,0.08
756,462.84,13185,0.77,0.04
757,343.14,4571,0.49,0.08
758,435.79,10434.6,0.69,0.04
759,370.35,5139.81,0.47,0.07
760,369.47,5271.79,0.49,0.07
761,437.01,5819.54,0.38,0.08
762,633.07,17695,0.55,0.04
763,242.05,2965.18,0.64,0.08
764,245.93,3092.69,0.64,0.08
765,246.71,3084.35,0.64,0.08
766,252.45,3293.27,0.65,0.08
767,249.26,3100.51,0.63,0.08
768,466.79,11110.4,0.64,0.04
769,215.49,2571.18,0.7,0.08
770,264.98,3593.83,0.64,0.07
771,1332.54,93054.9,0.66,0.01
772,30548.5,16808900,0.23,0
773,839.75,40231.6,0.72,0.02
774,223.92,2868.21,0.72,0.08
775,411.49,10166.7,0.75,0.04
776,766.14,30239.9,0.65,0.03
777,340.47,6537.07,0.71,0.05
778,2097.29,218357,0.62,0.01
779,638.07,22581.2,0.7,0.03
780,696.09,29536.9,0.77,0.02
781,475.39,11263.8,0.63,0.04
782,707.93,30628,0.77,0.02
783,798.01,27875.1,0.55,0.03
784,645.25,25942.8,0.78,0.02
785,1126.08,54612,0.54,0.02
786,454.6,12821.6,0.78,0.04
787,443.69,12022.2,0.77,0.04
788,389.13,9400.25,0.78,0.04
789,939.53,35386.7,0.5,0.03
790,414.91,8166.66,0.6,0.05
791,438.66,12612.1,0.82,0.03
792,292.81,3033.54,0.44,0.1
793,301.15,3330.3,0.46,0.09
794,307.76,3774.25,0.5,0.08
795,825.09,38961.2,0.72,0.02
796,207.5,2393.8,0.7,0.09
797,309.51,5949.9,0.78,0.05
798,745.71,34017.4,0.77,0.02
799,404.45,8579.54,0.66,0.05
800,248.73,3628.97,0.74,0.07
801,208.56,2206.59,0.64,0.09
802,749.37,24989.3,0.56,0.03
803,711.68,19995.9,0.5,0.04
804,1592.01,110904,0.55,0.01
805,299.65,5395.53,0.75,0.06
806,270.09,4503,0.78,0.06
807,1336.56,103493,0.73,0.01
808,803.49,40629,0.79,0.02
809,3827.45,575603,0.49,0.01
810,617.3,23223.8,0.77,0.03
811,4419.56,1034840,0.67,0
812,1120.95,69114,0.69,0.02
813,10140.1,4699150,0.57,0
814,484.09,12563,0.67,0.04
815,347.47,6669.73,0.69,0.05
816,800.86,35080.6,0.69,0.02
817,509.68,12255.7,0.59,0.04
818,514.64,12508.7,0.59,0.04
819,504.78,12160,0.6,0.04
820,5368.6,616390,0.27,0.01
821,737.41,14699.6,0.34,0.05
822,242.13,2058.94,0.44,0.12
823,369.33,6910.28,0.64,0.05
824,548.14,14269.5,0.6,0.04
825,1182.43,63568,0.57,0.02
826,306.05,5631.19,0.76,0.05
827,985.45,38491.5,0.5,0.03
828,957.96,45792.9,0.63,0.02
829,435.91,9737.52,0.64,0.04
830,353.76,7116.64,0.71,0.05
831,365.65,8256.72,0.78,0.04
832,1398.73,114322,0.73,0.01
833,1036.52,75076.2,0.88,0.01
834,1315.56,98711.3,0.72,0.01
835,484.23,11536.5,0.62,0.04
836,593.8,19736.9,0.7,0.03
837,490.91,12717,0.66,0.04
838,303.82,4387.19,0.6,0.07
839,5952.05,1846150,0.65,0
840,617.52,20164.6,0.66,0.03
841,2116.82,192682,0.54,0.01
842,1224.97,80587.8,0.67,0.02
843,561.35,14571.2,0.58,0.04
844,4034.6,826050,0.64,0
845,5694.95,1989390,0.77,0
846,572.75,19971.7,0.76,0.03
847,9193,316133,0.05,0.03
848,124.83,645.82,0.52,0.19
849,970.44,46592,0.62,0.02
850,526.28,17320.3,0.79,0.03
851,5359.76,1538550,0.67,0
852,686.84,30527.6,0.81,0.02
853,696.02,17860.3,0.46,0.04
854,455.97,10300.2,0.62,0.04
855,370.57,4389.1,0.4,0.08
856,406.68,7006.89,0.53,0.06
857,423.93,5740.93,0.4,0.07
858,433.21,6384.69,0.43,0.07
859,971.27,58021.3,0.77,0.02
860,1047.74,67984.8,0.78,0.02
861,9725.72,2876010,0.38,0
862,1346.33,73902.8,0.51,0.02
863,1302.39,90808.7,0.67,0.01
864,661.66,25439.4,0.73,0.03
865,1670.1,133628,0.6,0.01
866,3860.01,651127,0.55,0.01
867,2993.63,412030,0.58,0.01
868,865.97,36280.7,0.61,0.02
869,426.68,10996.8,0.76,0.04
870,505.63,13064.5,0.64,0.04
871,548.57,14769.7,0.62,0.04
872,411.45,2667.85,0.2,0.15
873,603.82,19531.5,0.67,0.03
874,597.46,18921.8,0.67,0.03
875,605.86,20911.6,0.72,0.03
876,1268.37,93689.1,0.73,0.01
877,1069.33,67647.4,0.74,0.02
878,1100.47,69090.1,0.72,0.02
879,2590.33,164483,0.31,0.02
880,1832.63,151405,0.57,0.01
881,2895.93,402429,0.6,0.01
882,1729.18,141113,0.59,0.01
883,1810.48,185027,0.71,0.01
884,492.37,15260.2,0.79,0.03
885,1344.78,110129,0.76,0.01
886,812.95,41031.2,0.78,0.02
887,171.03,1811.47,0.78,0.09
888,209.68,2636.39,0.75,0.08
889,289.61,4116.47,0.62,0.07
890,648.83,21984.6,0.66,0.03
891,581.59,19165.9,0.71,0.03
892,727.37,21644.9,0.51,0.03
893,541.11,12152.7,0.52,0.04
894,2437.22,260866,0.55,0.01
895,547.51,8614.73,0.36,0.06
896,438.86,9561.61,0.62,0.05
897,467.05,11248,0.65,0.04
898,222.26,2814.93,0.72,0.08
899,373.1,8284.3,0.75,0.05
900,288.7,3116.64,0.47,0.09
901,85.78,371.66,0.63,0.23
902,212.73,2481.98,0.69,0.09
903,216.62,2635.57,0.71,0.08
904,241.51,3520.41,0.76,0.07
905,351.61,6864.48,0.7,0.05
906,406.2,6409.59,0.49,0.06
907,318.39,4695.77,0.58,0.07
908,633.77,9880.56,0.31,0.06
909,462.71,6470.73,0.38,0.07
910,204.3,2434.87,0.73,0.08
911,1263.51,92104,0.72,0.01
912,431.29,3857.97,0.26,0.11
913,210.97,2079.44,0.59,0.1
914,193.86,1790.85,0.6,0.11
915,188.96,1528.42,0.54,0.12
916,258.63,3098.19,0.58,0.08
917,279.04,4407.08,0.71,0.06
918,455.08,7345.82,0.45,0.06
919,217.05,2588.06,0.69,0.08
920,342.19,5014.08,0.54,0.07
921,2942.04,516634,0.75,0.01
922,418.2,8175.76,0.59,0.05
923,815.66,41529.2,0.78,0.02
924,1408.13,91055.4,0.58,0.02
925,8127.6,3737840,0.71,0
926,341.56,5791.24,0.62,0.06
927,2318.72,336923,0.79,0.01
928,5637.83,1383120,0.55,0
929,7274.69,1420250,0.34,0.01
930,1811.84,109700,0.42,0.02
931,105.36,667.96,0.76,0.16
932,340.97,6600.77,0.71,0.05
933,617.06,17728.1,0.58,0.03
934,239.9,2954.96,0.64,0.08
935,755.34,26287,0.58,0.03
936,512.11,7305.08,0.35,0.07
937,508.75,7690.81,0.37,0.07
938,443.89,9215.7,0.59,0.05
939,361.92,4554.2,0.44,0.08
940,360.39,4105.89,0.4,0.09
941,343.06,4201.27,0.45,0.08
942,479.1,9769.41,0.53,0.05
943,278.3,3129.72,0.51,0.09
944,425.18,8446.15,0.59,0.05
945,211.37,2437.55,0.69,0.09
946,209.52,2517.73,0.72,0.08
947,216.78,2432.85,0.65,0.09
948,219.29,3038.13,0.79,0.07
949,405.27,6225.79,0.48,0.07
950,397.33,5963.84,0.47,0.07
951,529.46,12477.1,0.56,0.04
952,286.63,4466.91,0.68,0.06
953,346.21,4631.27,0.49,0.07
954,279,4589.99,0.74,0.06
955,8083.41,2490320,0.48,0
956,411.38,10425.4,0.77,0.04
957,692.63,25566.8,0.67,0.03
958,348.21,4530.53,0.47,0.08
959,268.17,3541.42,0.62,0.08
960,352.13,5793.66,0.59,0.06
961,362.89,6552.84,0.62,0.06
962,317.19,4591.63,0.57,0.07
963,393.09,7903.21,0.64,0.05
964,396.6,9247.95,0.74,0.04
965,292.74,3539.65,0.52,0.08
966,292.41,3725.69,0.55,0.08
967,1055.74,37914.8,0.43,0.03
968,560.99,14306.1,0.57,0.04
969,294.74,3560.31,0.51,0.08
970,422.99,9066.09,0.64,0.05
971,447.46,9127.57,0.57,0.05
972,399.63,5218.61,0.41,0.08
973,328.13,3407.15,0.4,0.1
974,1379.42,65935.7,0.44,0.02
975,434.78,8261.15,0.55,0.05
976,266.47,3637.93,0.64,0.07
977,207.05,2316.87,0.68,0.09
978,549.95,14869.8,0.62,0.04
979,515.05,11331.7,0.54,0.05
980,360.51,7762.52,0.75,0.05
981,280.71,4993.25,0.8,0.06
982,402.46,8768.98,0.68,0.05
983,519.09,14314.1,0.67,0.04
984,496.01,10195.3,0.52,0.05
985,473.79,10981.5,0.61,0.04
986,306.47,3934.86,0.53,0.08
987,307.42,3904.2,0.52,0.08
988,369.64,7627.16,0.7,0.05
989,506.92,15954.4,0.78,0.03
990,308.08,5105.4,0.68,0.06
991,240.94,2590.38,0.56,0.09
992,242.87,3166.96,0.67,0.08
993,239.32,3406.03,0.75,0.07
994,210.59,2705.65,0.77,0.08
995,518.12,8870.07,0.42,0.06
996,19.45,10.45,0.35,1.86
997,372.84,5391.01,0.49,0.07
998,375.3,5395.2,0.48,0.07
999,446.88,9568.73,0.6,0.05
1000,339.03,4684.9,0.51,0.07
1001,294.47,4036.76,0.58,0.07
1002,339.19,4833.58,0.53,0.07
1003,303.92,3677.48,0.5,0.08
1004,500.71,15373,0.77,0.03
1005,328.76,4683.94,0.54,0.07
1006,345.82,4922.83,0.52,0.07
1007,312.27,4322.05,0.56,0.07
1008,310.7,4276.89,0.56,0.07
1009,310.21,4294.71,0.56,0.07
1010,625.87,10041.1,0.32,0.06
1011,381.85,5590.18,0.48,0.07
1012,726.41,22810.2,0.54,0.03
1013,623.6,16877.2,0.55,0.04
1014,264.78,3110.94,0.56,0.09
1015,336.36,6461.55,0.72,0.05
1016,539.15,17445.8,0.75,0.03
1017,469.92,12367.3,0.7,0.04
1018,278.22,3293.64,0.53,0.08
1019,356.86,7657.49,0.76,0.05
1020,1084.09,58533.8,0.63,0.02
1021,646.28,16890.2,0.51,0.04
1022,715.51,30990.5,0.76,0.02
1023,902.52,45431.1,0.7,0.02
1024,748.28,22575.3,0.51,0.03
1025,276.95,3263.98,0.53,0.08
1026,231.93,2533.08,0.59,0.09
1027,322.58,4791.25,0.58,0.07
1028,734.53,33304.5,0.78,0.02
1029,1001.9,47387.2,0.59,0.02
1030,745.26,33693.4,0.76,0.02
1031,621.54,20919.4,0.68,0.03
1032,400.19,10310.4,0.81,0.04
1033,11348.6,4224090,0.41,0
1034,334.32,6476.64,0.73,0.05
1035,1621.67,102749,0.49,0.02
1036,609.52,20594.5,0.7,0.03
1037,1493.2,118054,0.67,0.01
1038,856.97,39117.6,0.67,0.02
1039,582.16,20311.9,0.75,0.03
1040,659.53,18489.6,0.53,0.04
1041,543.71,18906.1,0.8,0.03
1042,348.45,4913.15,0.51,0.07
1043,416.53,10962.9,0.79,0.04
1044,1268.87,96138.9,0.75,0.01
1045,879.38,38585.8,0.63,0.02
1046,1094.01,35885,0.38,0.03
1047,447.94,11743,0.74,0.04
1048,401.77,8933.34,0.7,0.04
1049,1170.35,76415.5,0.7,0.02
1050,460.41,12708.8,0.75,0.04
1051,684.12,24062.9,0.65,0.03
1052,7017.4,2566840,0.65,0
1053,973.15,23308.9,0.31,0.04
1054,1455.84,97213.6,0.58,0.01
1055,10650.2,2230830,0.25,0
1056,651.65,21361.1,0.63,0.03
1057,807.08,39725.3,0.77,0.02
1058,441.45,12192.2,0.79,0.04
1059,453.18,12561.1,0.77,0.04
1060,261.76,1379.04,0.25,0.19
1061,13.55,0.02,0,677.5
1062,515.1,16213.8,0.77,0.03
1063,566.59,19120.9,0.75,0.03
1064,407.14,10549.5,0.8,0.04
1065,6429.5,568246,0.17,0.01
1066,2431.25,303134,0.64,0.01
1067,7182.6,1708720,0.42,0
1068,1579.66,135135,0.68,0.01
1069,1554.45,122627,0.64,0.01
1070,2889.94,205742,0.31,0.01
1071,1166.32,73973.4,0.68,0.02
1072,818.26,28249.7,0.53,0.03
1073,910.19,49246.7,0.75,0.02
1074,870.46,44296.2,0.73,0.02
1075,1185.83,78398,0.7,0.02
1076,813.99,30619.8,0.58,0.03
1077,1246.09,97062.8,0.79,0.01
1078,449.56,9851.9,0.61,0.05
1079,590.95,21529.6,0.77,0.03
1080,590.99,21576.8,0.78,0.03
1081,905.75,43528.4,0.67,0.02
1082,474.26,14182.6,0.79,0.03
1083,453.67,12863,0.78,0.04
1084,259.68,2106.49,0.39,0.12
1085,659.07,22631.4,0.65,0.03
1086,504.47,11718.9,0.58,0.04
1087,163.38,1149.96,0.54,0.14
1088,2176.64,221818,0.59,0.01
1089,11429,4353690,0.42,0
1090,686.47,21964.2,0.59,0.03
1091,1667.88,87733.8,0.4,0.02
1092,839.29,36536,0.65,0.02
1093,7145.26,1417500,0.35,0.01
1094,64.04,189.92,0.58,0.34
1095,1130.97,66785.8,0.66,0.02
1096,729.92,31993.6,0.75,0.02
1097,686.35,27730.6,0.74,0.02
1098,748.72,15662.1,0.35,0.05
1099,628.82,24721.9,0.79,0.03
1100,260.88,4190,0.77,0.06
1101,283.25,4957.62,0.78,0.06
1102,554.81,18844.4,0.77,0.03
1103,775.62,30959.4,0.65,0.03
1104,458.23,11846.4,0.71,0.04
1105,371.57,8288.12,0.75,0.04
1106,614.88,12839,0.43,0.05
1107,369.61,8262.33,0.76,0.04
1108,394.43,9499.9,0.77,0.04
1109,636.44,17894.4,0.55,0.04
1110,387.12,8222.91,0.69,0.05
1111,349.92,6933.05,0.71,0.05
1112,479.28,13361.9,0.73,0.04
1113,487.66,13645.5,0.72,0.04
1114,280.55,4882.34,0.78,0.06
1115,324.49,6563.06,0.78,0.05
1116,685.63,21124.4,0.56,0.03
1117,1329.54,80405,0.57,0.02
1118,2947.43,167286,0.24,0.02
1119,1161.62,87531,0.81,0.01
1120,764.76,6418.41,0.14,0.12
1121,465.17,12944.2,0.75,0.04
1122,412.68,8107.66,0.6,0.05
1123,483.58,2957.06,0.16,0.16
1124,568.16,21009.4,0.82,0.03
1125,419.09,10066.1,0.72,0.04
1126,782.38,30337.8,0.62,0.03
1127,350.27,7111.44,0.73,0.05
1128,266.02,3692.18,0.66,0.07
1129,242.55,2694.79,0.58,0.09
1130,2050.76,146303,0.44,0.01
1131,1529.26,49782.6,0.27,0.03
1132,1734.33,131210,0.55,0.01
1133,471.8,12807.7,0.72,0.04
1134,135.9,863.92,0.59,0.16
1135,571.7,20518.4,0.79,0.03
1136,465.81,12098.9,0.7,0.04
1137,585.83,20297.9,0.74,0.03
1138,1447.34,119639,0.72,0.01
1139,636.58,24636.2,0.76,0.03
1140,461.49,11783.6,0.69,0.04
1141,229.3,2632.59,0.63,0.09
1142,854.47,34469.6,0.59,0.02
1143,433.55,11950.8,0.8,0.04
1144,560.49,16803,0.67,0.03
1145,2082.71,214901,0.62,0.01
1146,264.17,4163.51,0.75,0.06
1147,571.14,17500.3,0.67,0.03
1148,1200.69,83623.6,0.73,0.01
1149,1238.19,82356.5,0.67,0.02
1150,693.66,27812.1,0.73,0.02
1151,772.03,33727.4,0.71,0.02
1152,1061.95,53806.2,0.6,0.02
1153,522.4,16898.4,0.78,0.03
1154,1136.24,77248.3,0.75,0.01
1155,718,25576.3,0.62,0.03
1156,1668.32,173083,0.78,0.01
1157,1255.17,75380.5,0.6,0.02
1158,756.87,32667.5,0.72,0.02
1159,693.02,29400.2,0.77,0.02
1160,671.36,21171.4,0.59,0.03
1161,588.43,9259.93,0.34,0.06
1162,281.49,3662.02,0.58,0.08
1163,502.02,14798.3,0.74,0.03
1164,315.47,5513.94,0.7,0.06
1165,1030.3,29761.8,0.35,0.03
1166,919.68,17742.8,0.26,0.05
1167,314.21,5054.98,0.64,0.06
1168,420.94,11262.3,0.8,0.04
1169,290.4,3838.96,0.57,0.08
1170,437.26,11606,0.76,0.04
1171,698.71,18798.4,0.48,0.04
1172,492.31,12531,0.65,0.04
1173,820.48,30528.6,0.57,0.03
1174,778.96,28070.9,0.58,0.03
1175,526.56,18101.3,0.82,0.03
1176,519.32,14666,0.68,0.04
1177,189.39,1460.71,0.51,0.13
1178,187.5,1784.93,0.64,0.11
1179,360.19,6366.69,0.62,0.06
1180,122.18,891.57,0.75,0.14
1181,150.49,1407.75,0.78,0.11
1182,62.84,242.86,0.77,0.26
1183,373.72,5295.19,0.48,0.07
1184,508.23,11419.2,0.56,0.04
1185,335.46,7093.99,0.79,0.05
1186,380.27,8109.84,0.7,0.05
1187,571.99,17058.7,0.65,0.03
1188,29616.3,10599900,0.15,0
1189,418.83,7131.35,0.51,0.06
1190,508.69,12644.7,0.61,0.04
1191,365.46,7433.43,0.7,0.05
1192,357.24,7023.77,0.69,0.05
1193,450.69,6930.25,0.43,0.07
1194,2140.26,80937,0.22,0.03
1195,3443.6,392456,0.42,0.01
1196,1127.57,24225.8,0.24,0.05
1197,2709.27,323351,0.55,0.01
1198,1250.35,38395.9,0.31,0.03
1199,1289.89,58725.4,0.44,0.02
1200,1095.41,54708.5,0.57,0.02
1201,264.96,4353.29,0.78,0.06
1202,1394.17,100047,0.65,0.01
1203,767.25,34361.8,0.73,0.02
1204,291.58,5342.49,0.79,0.05
1205,1036.76,66569.7,0.78,0.02
1206,1417.77,117828,0.74,0.01
1207,1229.87,36626,0.3,0.03
1208,924.26,30313,0.45,0.03
1209,2239.3,186778,0.47,0.01
1210,1981.79,155174,0.5,0.01
1211,995.36,45085,0.57,0.02
1212,85.24,572.78,0.99,0.15
1213,427.57,10879.8,0.75,0.04
1214,342.39,7052.15,0.76,0.05
1215,364.83,7897.42,0.75,0.05
1216,424.33,10476,0.73,0.04
1217,698.21,17868,0.46,0.04
1218,1605.62,131231,0.64,0.01
1219,1319.58,58947.2,0.43,0.02
1220,1286.98,81919.5,0.62,0.02
1221,705.47,28612.4,0.72,0.02
1222,857.86,39846.3,0.68,0.02
1223,1281.22,75633.7,0.58,0.02
1224,311.04,5687.55,0.74,0.05
1225,647.11,14247.2,0.43,0.05
1226,319.34,5526.21,0.68,0.06
1227,94.61,343.31,0.48,0.28
1228,14169.9,7442830,0.47,0
1229,621.8,20276.6,0.66,0.03
1230,542.89,17995,0.77,0.03
1231,1447.3,81415.9,0.49,0.02
1232,2731.04,408210,0.69,0.01
1233,4469.8,758533,0.48,0.01
1234,17134.8,10820200,0.46,0
1235,685.53,15747.4,0.42,0.04
1236,302.72,4390.13,0.6,0.07
1237,283.93,2979.07,0.46,0.1
1238,413.97,9827,0.72,0.04
1239,369.23,7615.79,0.7,0.05
1240,538.61,10202.8,0.44,0.05
1241,1267.03,58110.7,0.45,0.02
1242,1181.06,75279.5,0.68,0.02
1243,11018.6,2098330,0.22,0.01
1244,936.81,52988.6,0.76,0.02
1245,642.51,20616.3,0.63,0.03
1246,178.79,1974.79,0.78,0.09
1247,308.63,4710.87,0.62,0.07
1248,946.36,32504.3,0.46,0.03
1249,20452.9,11804200,0.35,0
1250,688.63,29652,0.79,0.02
1251,91.47,171.56,0.26,0.53
1252,598.26,12256.8,0.43,0.05
1253,1786.83,145851,0.57,0.01
1254,1647.2,97864.1,0.45,0.02
1255,160.79,1080.84,0.53,0.15
1256,699.35,18685.1,0.48,0.04
1257,240.55,2073.89,0.45,0.12
1258,268.8,2230.02,0.39,0.12
1259,235.3,1915.37,0.43,0.12
1260,211.24,1789.81,0.5,0.12
1261,306.39,4734.89,0.63,0.06
1262,625.65,22424.7,0.72,0.03
1263,452.2,8248.22,0.51,0.05
1264,809.87,37542.1,0.72,0.02
1265,536.35,10499.5,0.46,0.05
1266,457.92,10170.9,0.61,0.05
1267,9239.52,4943030,0.73,0
1268,2286.14,283503,0.68,0.01
1269,840.02,34583.2,0.62,0.02
1270,1388.41,39812,0.26,0.03
1271,2342.7,54827.4,0.13,0.04
1272,332.51,6488.08,0.74,0.05
1273,207.99,1761.46,0.51,0.12
1274,397.96,9879.59,0.78,0.04
1275,352.52,7699.72,0.78,0.05
1276,1286.46,31568.1,0.24,0.04
1277,682.21,28207,0.76,0.02
1278,469.27,11951.9,0.68,0.04
1279,97.11,443.46,0.59,0.22
1280,204.73,2620.56,0.79,0.08
1281,845.21,29435.1,0.52,0.03
1282,395.62,8927.16,0.72,0.04
1283,754.15,34513.5,0.76,0.02
1284,515.01,14541.5,0.69,0.04
1285,452.14,12040.5,0.74,0.04
1286,222.71,1412.28,0.36,0.16
1287,562.81,18443.4,0.73,0.03
1288,368.05,5223.76,0.48,0.07
1289,342,7332.61,0.79,0.05
1290,1607.32,124971,0.61,0.01
1291,4708.63,986994,0.56,0
1292,3332.82,144175,0.16,0.02
1293,836.99,38362,0.69,0.02
1294,2257.77,97305.9,0.24,0.02
1295,278.02,1218.62,0.2,0.23
1296,108.33,368.13,0.39,0.29
1297,623.58,7999.66,0.26,0.08
1298,3955.74,359622,0.29,0.01
1299,447.71,12320.6,0.77,0.04
1300,1070.53,60516.2,0.66,0.02
1301,2774.87,327719,0.53,0.01
1302,1853.86,209685,0.77,0.01
1303,2629.03,338240,0.61,0.01
1304,526.81,11664.4,0.53,0.05
1305,1083.6,48697,0.52,0.02
1306,238.9,3450.3,0.76,0.07
1307,568.94,17294.6,0.67,0.03
1308,487.29,12776.9,0.68,0.04
1309,621,19491.2,0.63,0.03
1310,230.45,2721.59,0.64,0.08
1311,5309.57,1346880,0.6,0
1312,474.42,12946,0.72,0.04
1313,3295.23,505842,0.59,0.01
1314,2310.28,277729,0.65,0.01
1315,410.58,10044.7,0.75,0.04
1316,350.17,6989.11,0.72,0.05
1317,5953.51,1630480,0.58,0
1318,693.29,5752.07,0.15,0.12
1319,3438.76,691579,0.73,0
1320,237.91,1488.74,0.33,0.16
1321,1095.76,60799.1,0.64,0.02
1322,1638.56,15256.6,0.07,0.11
1323,18638.1,9476770,0.34,0
1324,1868.03,148437,0.53,0.01
1325,7251.74,821059,0.2,0.01
1326,1612.64,148694,0.72,0.01
1327,662.56,16925.2,0.48,0.04
1328,1279.25,93673.1,0.72,0.01
1329,580.63,13994.9,0.52,0.04
1330,1340.15,112011,0.78,0.01
1331,1454.08,131900,0.78,0.01
1332,1325.13,66778.1,0.48,0.02
1333,1112.6,72998.1,0.74,0.02
1334,1388.53,80660.3,0.53,0.02
1335,333.63,6381.92,0.72,0.05
1336,633.66,20372.4,0.64,0.03
1337,323.93,5990.1,0.72,0.05
1338,332.65,6692.13,0.76,0.05
1339,393.07,9127.83,0.74,0.04
1340,768.33,30489.1,0.65,0.03
1341,1491.51,61239.5,0.35,0.02
1342,672.64,30134.5,0.84,0.02
1343,995.06,59389.6,0.75,0.02
1344,1009.73,63927.2,0.79,0.02
1345,739.68,30998.6,0.71,0.02
1346,434.88,11920.7,0.79,0.04
1347,513.5,15753.7,0.75,0.03
1348,532.84,16324.3,0.72,0.03
1349,549.93,18534.7,0.77,0.03
1350,585.53,16742.2,0.61,0.03
1351,3478.61,403051,0.42,0.01
1352,660.25,25994.3,0.75,0.03
1353,1759.02,151998,0.62,0.01
1354,3437.89,517180,0.55,0.01
1355,3361.96,433299,0.48,0.01
1356,854.07,20567.7,0.35,0.04
1357,1098.9,73110.9,0.76,0.02
1358,495.29,10900.3,0.56,0.05
1359,2795.56,325407,0.52,0.01
1360,2833.21,333505,0.52,0.01
1361,1406,98399,0.63,0.01
1362,380.58,8250.94,0.72,0.05
1363,473.68,11152,0.62,0.04
1364,326.79,3181.97,0.37,0.1
1365,331.1,3322.35,0.38,0.1
1366,503.68,15591.2,0.77,0.03
1367,417.87,7964.76,0.57,0.05
1368,514.52,16009,0.76,0.03
1369,211.01,2587.56,0.73,0.08
1370,5411.03,1209700,0.52,0
1371,654.15,26538.8,0.78,0.02
1372,1236.85,85494.3,0.7,0.01
1373,373.4,8322.45,0.75,0.04
1374,426.29,11338.3,0.78,0.04
1375,1571.04,140433,0.71,0.01
1376,868.18,23038.1,0.38,0.04
1377,1583.89,113151,0.57,0.01
1378,1279.91,95459,0.73,0.01
1379,1454.35,132767,0.79,0.01
1380,1691.06,165155,0.73,0.01
1381,1229.43,69197.8,0.58,0.02
1382,511.91,11744.6,0.56,0.04
1383,640.45,24308.4,0.74,0.03
1384,1210.87,83930.9,0.72,0.01
1385,1781.84,153737,0.61,0.01
1386,1088,16433.6,0.17,0.07
1387,2418.04,352555,0.76,0.01
1388,723.91,31896.2,0.76,0.02
1389,1623.47,109384,0.52,0.01
1390,753.41,29472.5,0.65,0.03
1391,548.53,14710.6,0.61,0.04
1392,402.24,9921.62,0.77,0.04
1393,608.73,15370.8,0.52,0.04
1394,209.37,2341.01,0.67,0.09
1395,218.14,2602.55,0.69,0.08
1396,337.06,4386.57,0.48,0.08
1397,285.53,3318.59,0.51,0.09
1398,513.6,16120.8,0.77,0.03
1399,630.21,25351.9,0.8,0.02
1400,399.62,8145.12,0.64,0.05
1401,676.58,25503.1,0.7,0.03
1402,593.72,20935.5,0.75,0.03
1403,432.64,10977.5,0.74,0.04
1404,428.52,9110.5,0.62,0.05
1405,470.09,13263.2,0.75,0.04
1406,428.07,9827.54,0.67,0.04
1407,453.83,11834.3,0.72,0.04
1408,611.27,17125.6,0.58,0.04
1409,762.52,26387.6,0.57,0.03
1410,403.98,7653.78,0.59,0.05
1411,4055.11,845378,0.65,0
1412,1730.38,113546,0.48,0.02
1413,441.65,12071.8,0.78,0.04
1414,518.36,17164.7,0.8,0.03
1415,1575.95,101162,0.51,0.02
1416,173.64,1839.84,0.77,0.09
1417,168.48,1699.19,0.75,0.1
1418,174.35,1818.53,0.75,0.1
1419,174.83,1838.45,0.76,0.1
1420,186.5,2150.31,0.78,0.09
1421,181.4,2007.37,0.77,0.09
1422,179.38,1958.57,0.76,0.09
1423,178.91,2016.32,0.79,0.09
1424,266.35,4121.66,0.73,0.06
1425,565.81,14739.4,0.58,0.04
1426,611.18,22780.9,0.77,0.03
1427,386.32,9226.46,0.78,0.04
1428,526.67,14573.9,0.66,0.04
1429,254.72,4223.01,0.82,0.06
1430,2812.7,290122,0.46,0.01
1431,429.41,11759.2,0.8,0.04
1432,1335.04,93160.6,0.66,0.01
1433,167.84,1734.04,0.77,0.1
1434,632.38,8401.19,0.26,0.08
1435,1604.07,135522,0.66,0.01
1436,451.8,7879.92,0.48,0.06
1437,587.26,16983,0.62,0.03
1438,2543.74,405883,0.79,0.01
1439,2820.6,466781,0.74,0.01
1440,3532.91,671877,0.68,0.01
1441,263.36,3089.98,0.56,0.09
1442,477.35,13539.3,0.75,0.04
1443,444.14,11749.2,0.75,0.04
1444,727.7,25469.2,0.6,0.03
1445,403.91,9392.19,0.72,0.04
1446,445.71,12430.8,0.79,0.04
1447,945.44,51070.8,0.72,0.02
1448,8042.04,1869570,0.36,0
1449,1593.54,101002,0.5,0.02
1450,880.84,45584.1,0.74,0.02
1451,472.39,4704.75,0.26,0.1
1452,420.28,10222.7,0.73,0.04
1453,9503.94,2194040,0.31,0
1454,114.06,577.3,0.56,0.2
1455,383.61,3728.2,0.32,0.1
1456,12824.3,2999280,0.23,0
1457,1546.7,137184,0.72,0.01
1458,2368.09,316683,0.71,0.01
1459,352.85,2863.21,0.29,0.12
1460,370.69,6991.33,0.64,0.05
1461,1810.3,197806,0.76,0.01
1462,542.36,15070.5,0.64,0.04
1463,800.49,39448.8,0.77,0.02
1464,707.6,27703.7,0.69,0.03
1465,250.66,3843.46,0.77,0.07
1466,503.48,9474.75,0.47,0.05
1467,594.1,21182.7,0.75,0.03
1468,430.28,11028.9,0.75,0.04
1469,323.2,6735.21,0.81,0.05
1470,478.5,10696.2,0.59,0.04
1471,486.18,7979.61,0.42,0.06
1472,961.17,49409.4,0.67,0.02
1473,601.89,14679.3,0.51,0.04
1474,7770.03,1564160,0.33,0
1475,569.25,17423.7,0.68,0.03
1476,1022.77,63543,0.76,0.02
1477,2138.81,228830,0.63,0.01
1478,14301.5,3493720,0.21,0
1479,722.08,25164.8,0.61,0.03
1480,605.82,21108.7,0.72,0.03
1481,841.29,22463.5,0.4,0.04
1482,738.57,33391.2,0.77,0.02
1483,972.82,38660.5,0.51,0.03
1484,571.68,18400,0.71,0.03
1485,980.49,44905.5,0.59,0.02
1486,1841.18,143822,0.53,0.01
1487,382.29,8764.77,0.75,0.04
1488,1293.54,17618.6,0.13,0.07
1489,648.54,8283.29,0.25,0.08
1490,878.99,37612.4,0.61,0.02
1491,615.08,22087.4,0.73,0.03
1492,938.95,55520.5,0.79,0.02
1493,562.71,13916.6,0.55,0.04
1494,896.7,49359.9,0.77,0.02
1495,226.18,3165.28,0.78,0.07
1496,2719.21,404668,0.69,0.01
1497,987.86,59889.1,0.77,0.02
1498,1292.23,94431.7,0.71,0.01
1499,790.22,31228.5,0.63,0.03
1500,1551.05,160783,0.84,0.01
1501,981.16,43926.7,0.57,0.02
1502,324.06,5651.73,0.68,0.06
1503,1690.13,95792.6,0.42,0.02
1504,3748.55,539840,0.48,0.01
1505,13493.1,4620910,0.32,0
1506,2628.79,366578,0.67,0.01
1507,656.92,18184.2,0.53,0.04
1508,1276.85,73503.1,0.57,0.02
1509,1385.54,62133.1,0.41,0.02
1510,1767.05,72515.5,0.29,0.02
1511,392.1,5697.85,0.47,0.07
1512,2507.01,308562,0.62,0.01
1513,1167.57,76886.9,0.71,0.02
1514,2882.86,138344,0.21,0.02
1515,1067.58,60357.1,0.67,0.02
1516,718.79,17971,0.44,0.04
1517,158.2,1527.06,0.77,0.1
1518,1282.18,71082.1,0.54,0.02
1519,1378,103534,0.68,0.01
1520,949.62,35623.4,0.5,0.03
1521,695.78,24126.4,0.63,0.03
1522,339.11,6904.22,0.75,0.05
1523,3397.72,397674,0.43,0.01
1524,1094.83,58756.9,0.62,0.02
1525,366.27,5179.26,0.48,0.07
1526,997.77,43031.8,0.54,0.02
1527,50.73,165.21,0.81,0.31
1528,1246.23,68601.3,0.55,0.02
1529,2153.48,218025,0.59,0.01
1530,2135.7,195865,0.54,0.01
1531,602.28,19059,0.66,0.03
1532,2750.56,362639,0.6,0.01
1533,2186.27,168804,0.44,0.01
1534,1090.69,65925.3,0.7,0.02
1535,974.38,47284.4,0.63,0.02
1536,3323.62,465041,0.53,0.01
1537,2415.33,313226,0.67,0.01
1538,513.74,8536.72,0.41,0.06
1539,457.83,3167.77,0.19,0.14
1540,693.44,26219.2,0.68,0.03
1541,1337.84,85211.4,0.6,0.02
1542,1607.15,141707,0.69,0.01
1543,1546.9,151483,0.8,0.01
1544,642.19,20763.3,0.63,0.03
1545,1183.64,55711.5,0.5,0.02
1546,636.28,15045.1,0.47,0.04
1547,639.18,14362.2,0.44,0.04
1548,211.16,2208.94,0.62,0.1
1549,786.27,33431.2,0.68,0.02
1550,1174.72,31433.2,0.29,0.04
1551,1037.3,30791.7,0.36,0.03
1552,169060,230706000,0.1,0
1553,2254.11,275487,0.68,0.01
1554,1425.75,86411.1,0.53,0.02
1555,1932.88,127060,0.43,0.02
1556,2934.29,419132,0.61,0.01
1557,956.61,41146.6,0.56,0.02
1558,1449.84,124517,0.74,0.01
1559,4097.32,583982,0.44,0.01
1560,102.34,673.38,0.81,0.15
1561,448.03,4093.71,0.26,0.11
1562,346.54,5115.3,0.53,0.07
1563,626.55,8635.18,0.28,0.07
1564,735.43,9429.46,0.22,0.08
1565,890.05,12318.3,0.2,0.07
1566,1179.52,19886.4,0.18,0.06
1567,284.83,4789.05,0.74,0.06
1568,190.96,2179.04,0.75,0.09
1569,516.4,13980.2,0.66,0.04
1570,313.38,5807.65,0.74,0.05
1571,613.94,23196.5,0.77,0.03
1572,1531.71,130864,0.7,0.01
1573,711.72,32029.9,0.79,0.02
1574,88.92,403.96,0.64,0.22
1575,3078.95,271566,0.36,0.01
1576,1873.47,131705,0.47,0.01
1577,444.43,7906.73,0.5,0.06
1578,625.18,24264.7,0.78,0.03
1579,393.21,8463.85,0.69,0.05
1580,1271.42,51254.4,0.4,0.02
1581,451.7,11881.7,0.73,0.04
1582,211.14,2893.62,0.82,0.07
1583,39163.7,30368600,0.25,0
1584,262.93,1065.56,0.19,0.25
1585,331.97,6646.19,0.76,0.05
1586,318.48,6770.98,0.84,0.05
1587,91.49,309.44,0.46,0.3
1588,1764.67,116337,0.47,0.02
1589,1678.99,102384,0.46,0.02
1590,484.19,14581.3,0.78,0.03
1591,586.18,20896.9,0.76,0.03
1592,862.65,28075.6,0.47,0.03
1593,1763.26,125992,0.51,0.01
1594,948.13,50555.2,0.71,0.02
1595,2118.16,171441,0.48,0.01
1596,685.18,29526,0.79,0.02
1597,543.96,16882.6,0.72,0.03
1598,403.24,10112.1,0.78,0.04
1599,780.32,36628.1,0.76,0.02
1600,677.94,25878.6,0.71,0.03
1601,508.96,14399.7,0.7,0.04
1602,2046.74,248801,0.75,0.01
1603,2220.14,234021,0.6,0.01
1604,2305.39,128502,0.3,0.02
1605,1862.79,60022.9,0.22,0.03
1606,1373.6,29048.6,0.19,0.05
1607,13444.9,2430850,0.17,0.01
1608,760.83,22587.5,0.49,0.03
1609,588.71,20657.9,0.75,0.03
1610,175.06,1357.23,0.56,0.13
1611,1696.43,112409,0.49,0.02
1612,244.95,3230.67,0.68,0.08
1613,346.31,7515.75,0.79,0.05
1614,692.61,28930.8,0.76,0.02
1615,571.49,17958.2,0.69,0.03
1616,486.07,12211.6,0.65,0.04
1617,565.03,11335.7,0.45,0.05
1618,857.01,23382.4,0.4,0.04
1619,747.07,27451.3,0.62,0.03
1620,3437.57,705292,0.75,0
1621,2055.57,200230,0.6,0.01
1622,2467.24,275005,0.57,0.01
1623,1970.17,200612,0.65,0.01
1624,1742,110875,0.46,0.02
1625,1408.57,115163,0.73,0.01
1626,3652.4,723974,0.68,0.01
1627,1136.43,79937.5,0.78,0.01
1628,2237.17,258219,0.65,0.01
1629,1726.92,178838,0.75,0.01
1630,5115.68,456607,0.22,0.01
1631,1153.08,28412.3,0.27,0.04
1632,596.48,10090.6,0.36,0.06
1633,526.93,9694.28,0.44,0.05
1634,3300.55,643420,0.74,0.01
1635,294.07,3639.76,0.53,0.08
1636,106.12,618.73,0.69,0.17
1637,2768.76,443743,0.73,0.01
1638,2042.94,85929.6,0.26,0.02
1639,6834.14,956460,0.26,0.01
1640,1084.25,54996.8,0.59,0.02
1641,533.76,13206.5,0.58,0.04
1642,3492.72,348187,0.36,0.01
1643,2116.87,188482,0.53,0.01
1644,312.47,3585.64,0.46,0.09
1645,3907.98,652509,0.54,0.01
1646,1262.55,68803.2,0.54,0.02
1647,1927.56,124000,0.42,0.02
1648,1367.55,109597,0.74,0.01
1649,513.02,14894,0.71,0.03
1650,555.39,14083.4,0.57,0.04
1651,1564.9,149866,0.77,0.01
1652,716.24,23170.9,0.57,0.03
1653,5657.04,926501,0.36,0.01
1654,321.29,3144.04,0.38,0.1
1655,673.66,19133.1,0.53,0.04
1656,1830.34,77917.6,0.29,0.02
1657,1441.44,124871,0.75,0.01
1658,8910.72,2369410,0.37,0
1659,626.45,15912.9,0.51,0.04
1660,56.54,144.96,0.57,0.39
1661,2087.98,126200,0.36,0.02
1662,710.96,22427.4,0.56,0.03
1663,799.51,25061.4,0.49,0.03
1664,1255.12,94713.7,0.76,0.01
1665,1736.47,131600,0.55,0.01
1666,3367.95,539894,0.6,0.01
1667,984.49,52096.6,0.68,0.02
1668,1396.07,73532.7,0.47,0.02
1669,315.39,3209.15,0.41,0.1
1670,628.03,17568.1,0.56,0.04
1671,1488.55,116512,0.66,0.01
1672,2374.67,298549,0.66,0.01
1673,1141.57,72229.9,0.7,0.02
1674,545.32,13705.8,0.58,0.04
1675,523.37,12536.2,0.57,0.04
1676,706.24,27797.3,0.7,0.03
1677,365.69,7951.66,0.75,0.05
1678,1273.18,82115,0.64,0.02
1679,1437.39,76720,0.47,0.02
1680,1595.47,156947,0.77,0.01
1681,1872.21,119572,0.43,0.02
1682,839.82,40151.9,0.72,0.02
1683,2042.12,146630,0.44,0.01
1684,1542.44,84488.6,0.45,0.02
1685,1171.55,75330.7,0.69,0.02
1686,514.37,16412.2,0.78,0.03
1687,558.26,19728.4,0.8,0.03
1688,2368.2,298230,0.67,0.01
1689,651.35,23950.5,0.71,0.03
1690,529.9,17290.6,0.77,0.03
1691,408.93,10099.1,0.76,0.04
1692,427.76,11379.2,0.78,0.04
1693,1007.72,52460.2,0.65,0.02
1694,532.25,17430.8,0.77,0.03
1695,517.67,16533.2,0.77,0.03
1696,514.56,16369.3,0.78,0.03
1697,521.78,16858.8,0.78,0.03
1698,461.04,12872.6,0.76,0.04
1699,559.67,19267.7,0.77,0.03
1700,534,17801.8,0.78,0.03
1701,432.89,11371.1,0.76,0.04
1702,2053.42,64543.9,0.19,0.03
1703,2389.07,211824,0.47,0.01
1704,668.08,19226.9,0.54,0.03
1705,686.82,20080.7,0.53,0.03
1706,997.74,24666.7,0.31,0.04
1707,3063.51,58107.9,0.08,0.05
1708,1025.31,37899.6,0.45,0.03
1709,468.95,8814.88,0.5,0.05
1710,1727.37,135802,0.57,0.01
1711,537.75,13753.9,0.6,0.04
1712,2076.67,267602,0.78,0.01
1713,9152.27,4554930,0.68,0
1714,53975.1,95314600,0.41,0
1715,595.24,21238.4,0.75,0.03
1716,9062.75,2583900,0.4,0
1717,149.99,424.7,0.24,0.35
1718,1489.24,137791,0.78,0.01
1719,717.12,27996.6,0.68,0.03
1720,919.09,51893,0.77,0.02
1721,780.73,36634.5,0.75,0.02
1722,814.55,22933.3,0.43,0.04
1723,855.32,44310.5,0.76,0.02
1724,741.34,22634.1,0.52,0.03
1725,92.94,681.09,0.99,0.14
1726,2020.25,232008,0.71,0.01
1727,2051.01,245662,0.73,0.01
1728,1254.62,49571.4,0.4,0.03
1729,865.13,36406.9,0.61,0.02
1730,57805,81488700,0.31,0
1731,3625.02,400642,0.38,0.01
1732,791.71,28361.2,0.57,0.03
1733,5776.95,1003960,0.38,0.01
1734,343.72,3169.85,0.34,0.11
1735,4330.9,928197,0.62,0
1736,1907.87,181906,0.63,0.01
1737,738.79,19704,0.45,0.04
1738,413.23,10842.6,0.8,0.04
1739,1235.45,14833.9,0.12,0.08
1740,1441.45,106685,0.64,0.01
1741,878.13,40512.1,0.66,0.02
1742,496.82,14375.7,0.73,0.03
1743,331.05,6323.55,0.72,0.05
1744,430.86,11563.9,0.78,0.04
1745,518.18,15914.1,0.74,0.03
1746,710.65,25751.6,0.64,0.03
1747,427.12,7483.01,0.52,0.06
1748,780.35,30926.7,0.64,0.03
1749,257.02,3458.84,0.66,0.07
1750,273.94,4212.05,0.7,0.07
1751,416.72,10675.9,0.77,0.04
1752,314.97,5832.14,0.74,0.05
1753,472.05,12884.4,0.73,0.04
1754,554.81,17727.8,0.72,0.03
1755,3623.92,429471,0.41,0.01
1756,2036.94,221743,0.67,0.01
1757,3193.94,350098,0.43,0.01
1758,472.85,7844.05,0.44,0.06
1759,200.88,2437.78,0.76,0.08
1760,279.85,4014.23,0.64,0.07
1761,193.18,2279.36,0.77,0.08
1762,193.08,2344.68,0.79,0.08
1763,167.99,1716.63,0.76,0.1
1764,283.43,4208.69,0.66,0.07
1765,430.07,11486.4,0.78,0.04
1766,509.19,15222,0.74,0.03
1767,698.44,23966.8,0.62,0.03
1768,2807.54,236031,0.38,0.01
1769,770.21,26313.5,0.56,0.03
1770,806.91,33213.1,0.64,0.02
1771,9561.38,2746120,0.38,0
1772,852.41,37961.9,0.66,0.02
1773,1215.94,72676.1,0.62,0.02
1774,1702.31,142985,0.62,0.01
1775,954.4,39853.8,0.55,0.02
1776,440.11,8408.52,0.55,0.05
1777,1031.07,64571.5,0.76,0.02
1778,2979.19,290448,0.41,0.01
1779,411.77,9124.25,0.68,0.05
1780,1198.18,82528.6,0.72,0.01
1781,1436.97,122418,0.74,0.01
1782,451.91,12805.8,0.79,0.04
1783,931.84,31014.5,0.45,0.03
1784,5022,535225,0.27,0.01
1785,1040.43,44369.1,0.51,0.02
1786,684.25,13467,0.36,0.05
1787,1050.22,50622.9,0.58,0.02
1788,718.79,27818.7,0.68,0.03
1789,826.63,19000.5,0.35,0.04
1790,840.22,37455.1,0.67,0.02
1791,1682.64,15168.8,0.07,0.11
1792,8419.2,1675230,0.3,0.01
1793,8323.75,2690650,0.49,0
1794,5236.22,1129310,0.52,0
1795,738.44,18487.9,0.43,0.04
1796,577.87,20375.8,0.77,0.03
1797,547,8469.83,0.36,0.06
1798,290.27,5096.92,0.76,0.06
1799,259.19,4224.9,0.79,0.06
1800,281.29,4846.16,0.77,0.06
1801,735.36,24552,0.57,0.03
1802,708.72,15444.5,0.39,0.05
1803,897.45,42452.3,0.66,0.02
1804,860.33,35417.7,0.6,0.02
1805,725.2,22669.3,0.54,0.03
1806,1714.9,114737,0.49,0.01
1807,512.81,13308.2,0.64,0.04
1808,975.69,32753.1,0.43,0.03
1809,1570.95,117999,0.6,0.01
1810,1243.63,88234.3,0.72,0.01
1811,709.33,13008.9,0.32,0.05
1812,581.37,14376.5,0.53,0.04
1813,580.9,14972.8,0.56,0.04
1814,74.51,260.97,0.59,0.29
1815,1521.34,72574.4,0.39,0.02
1816,183.68,1662.83,0.62,0.11
1817,557.92,9298.25,0.38,0.06
1818,649.65,20151.1,0.6,0.03
1819,373.96,8672.82,0.78,0.04
1820,1625.1,140283,0.67,0.01
1821,764.45,26714.2,0.57,0.03
1822,14158,10283500,0.64,0
1823,828.01,28727.7,0.53,0.03
1824,753.75,25775.4,0.57,0.03
1825,370.2,6916.47,0.63,0.05
1826,434.66,10936.2,0.73,0.04
1827,447.31,11118.6,0.7,0.04
1828,267.08,4545.82,0.8,0.06
1829,430.57,11004.2,0.75,0.04
1830,273.08,4193.72,0.71,0.07
1831,357.49,7480.94,0.74,0.05
1832,438.73,11130.8,0.73,0.04
1833,242,3344.82,0.72,0.07
1834,292.01,5346.95,0.79,0.05
1835,547.85,18412.3,0.77,0.03
1836,3357.37,568321,0.63,0.01
1837,2880.35,509480,0.77,0.01
1838,1658.33,155150,0.71,0.01
1839,3537.36,732649,0.74,0
1840,437.75,9274.42,0.61,0.05
1841,558.47,19035.5,0.77,0.03
1842,195.32,2397.76,0.79,0.08
1843,250.39,4006.35,0.8,0.06
1844,493.05,12107.5,0.63,0.04
1845,282.8,3493.75,0.55,0.08
1846,405.92,10632.3,0.81,0.04
1847,585.7,16499,0.6,0.04
1848,471.07,8877.74,0.5,0.05
1849,464.32,8611,0.5,0.05
1850,852.6,17675.2,0.31,0.05
1851,1201.55,82003.4,0.71,0.01
1852,965.1,25324.1,0.34,0.04
1853,506.11,14287.4,0.7,0.04
1854,235.31,2848.93,0.65,0.08
1855,223.96,2445.09,0.61,0.09
1856,446.98,11400.7,0.72,0.04
1857,237.9,3245.26,0.72,0.07
1858,981.57,58582.9,0.76,0.02
1859,201.97,1812.2,0.56,0.11
1860,456.56,11826.7,0.71,0.04
1861,324.85,4857.85,0.58,0.07
1862,351.26,6127.8,0.62,0.06
1863,350.96,5265.09,0.54,0.07
1864,363.54,6103.92,0.58,0.06
1865,1304.61,61035.8,0.45,0.02
1866,1307.82,95545.4,0.7,0.01
1867,864.25,45321.7,0.76,0.02
1868,337.94,7176.92,0.79,0.05
1869,277.31,4787.69,0.78,0.06
1870,507,15618.7,0.76,0.03
1871,397.68,5919.25,0.47,0.07
1872,514.07,13706.1,0.65,0.04
1873,283.17,4954.74,0.78,0.06
1874,1295.94,85391.5,0.64,0.02
1875,2027.16,211549,0.65,0.01
1876,2391.93,59893,0.13,0.04
1877,355.94,7345.33,0.73,0.05
1878,2662.02,354065,0.63,0.01
1879,248.17,3825.47,0.78,0.06
1880,371.64,8473.43,0.77,0.04
1881,487.27,14272.9,0.76,0.03
1882,296.19,4127.52,0.59,0.07
1883,2950.21,504055,0.73,0.01
1884,4414.17,1130470,0.73,0
1885,1461.52,119663,0.7,0.01
1886,1256.82,96145.5,0.76,0.01
1887,413.46,9447.29,0.69,0.04
1888,1882.5,230535,0.82,0.01
1889,650,12567.6,0.37,0.05
1890,2976.82,511032,0.72,0.01
1891,2051.44,230349,0.69,0.01
1892,1181.8,78833.4,0.71,0.01
1893,1052.47,64954.6,0.74,0.02
1894,897.47,49364.7,0.77,0.02
1895,819.76,41206.4,0.77,0.02
1896,425.77,8394.89,0.58,0.05
1897,1334.16,87570.5,0.62,0.02
1898,3450.25,432156,0.46,0.01
1899,388.62,6048.82,0.5,0.06
1900,3215.64,489782,0.59,0.01
1901,9810.35,3804650,0.5,0
1902,1413.76,115437,0.73,0.01
1903,1281.89,98895.8,0.76,0.01
1904,350.04,7576.65,0.78,0.05
1905,1002.62,33898.9,0.42,0.03
1906,2083.04,261384,0.76,0.01
1907,1149.64,81581.3,0.78,0.01
1908,1243.3,96906.3,0.79,0.01
1909,1209.99,91433.4,0.78,0.01
1910,1158.49,83669.1,0.78,0.01
1911,902.71,44709.7,0.69,0.02
1912,946.58,38334,0.54,0.02
1913,495.29,15328.5,0.78,0.03
1914,461.93,12570.8,0.74,0.04
1915,1058.1,67745.3,0.76,0.02
1916,790.18,35843.9,0.72,0.02
1917,1210.12,79317.8,0.68,0.02
1918,1609.76,160197,0.78,0.01
1919,1780.2,171640,0.68,0.01
1920,835.13,31617.6,0.57,0.03
1921,356.09,7062.16,0.7,0.05
1922,302.87,4048.48,0.55,0.07
1923,430.29,11605.7,0.79,0.04
1924,1014.71,54604.1,0.67,0.02
1925,836.39,37195.4,0.67,0.02
1926,989.55,46538.2,0.6,0.02
1927,1020.03,56396.4,0.68,0.02
1928,2942.62,481381,0.7,0.01
1929,674.99,28756.9,0.79,0.02
1930,540.69,16002.8,0.69,0.03
1931,839.99,42647.7,0.76,0.02
1932,521.25,12087.6,0.56,0.04
1933,389.96,9390.74,0.78,0.04
1934,465.81,13355.2,0.77,0.03
1935,594.19,19921.6,0.71,0.03
1936,520.57,9881.21,0.46,0.05
1937,698.29,25891.8,0.67,0.03
1938,509.52,11905,0.58,0.04
1939,248.19,3368.49,0.69,0.07
1940,303.86,4635.25,0.63,0.07
1941,1209,87565.8,0.75,0.01
1942,246.05,2892.61,0.6,0.09
1943,238.87,2804.95,0.62,0.09
1944,439.69,12229,0.79,0.04
1945,454.17,11672.8,0.71,0.04
1946,1449.99,113842,0.68,0.01
1947,1834.33,208555,0.78,0.01
1948,2293.28,263253,0.63,0.01
1949,2754.68,258836,0.43,0.01
1950,2996.23,463389,0.65,0.01
1951,1434.18,118351,0.72,0.01
1952,436.79,5392.83,0.36,0.08
1953,585.26,19456.3,0.71,0.03
1954,460.59,7694.55,0.46,0.06
1955,509.88,16364.4,0.79,0.03
1956,437.52,11671.7,0.77,0.04
1957,347.81,6529.4,0.68,0.05
1958,2316.85,296574,0.69,0.01
1959,485.36,13277.3,0.71,0.04
1960,859.06,44238.3,0.75,0.02
1961,2681.71,343813,0.6,0.01
1962,513.48,17034.5,0.81,0.03
1963,530.38,14204.2,0.63,0.04
1964,1665.96,154555,0.7,0.01
1965,672.16,10284.6,0.29,0.07
1966,1197.04,90878.8,0.8,0.01
1967,768.53,21287.4,0.45,0.04
1968,350.53,5309.6,0.54,0.07
1969,397.75,9918.31,0.79,0.04
1970,353.95,7761.92,0.78,0.05
1971,236.87,3196.28,0.72,0.07
1972,156.99,1402.41,0.71,0.11
1973,239.63,3335.18,0.73,0.07
1974,750.56,27879.7,0.62,0.03
1975,228.72,3018.24,0.72,0.08
1976,323.26,5149.5,0.62,0.06
1977,303.68,3912.7,0.53,0.08
1978,347.88,7364.26,0.76,0.05
1979,367.04,8390.35,0.78,0.04
1980,199.23,2474.58,0.78,0.08
1981,352.03,6498.26,0.66,0.05
1982,320.43,4708.62,0.58,0.07
1983,4305.23,471604,0.32,0.01
1984,862.78,26660.6,0.45,0.03
1985,607.36,20812.9,0.71,0.03
1986,539.56,12327.9,0.53,0.04
1987,3437.41,426791,0.45,0.01
1988,29071.3,14191800,0.21,0
1989,6181.05,1157580,0.38,0.01
1990,2833.85,212046,0.33,0.01
1991,2521.58,199231,0.39,0.01
1992,5533.76,561487,0.23,0.01
1993,977.24,50973.2,0.67,0.02
1994,222.53,2982.48,0.76,0.07
1995,5526.35,386524,0.16,0.01
1996,863.77,38433.5,0.65,0.02
1997,2269.44,96065.7,0.23,0.02
1998,2362.62,187872,0.42,0.01
1999,2419.89,248783,0.53,0.01
2000,4286.38,393490,0.27,0.01
2001,642.66,19757.4,0.6,0.03
2002,337.05,3537.61,0.39,0.1
2003,4574.59,324859,0.19,0.01
2004,1140.39,76908.5,0.74,0.01
2005,1688.08,130452,0.57,0.01
2006,1782.47,141977,0.56,0.01
2007,769.29,32920.5,0.7,0.02
2008,1361.75,92911.8,0.63,0.01
2009,788.26,28128.5,0.57,0.03
2010,812.87,30046,0.57,0.03
2011,644.61,24983.5,0.76,0.03
2012,2178.63,252551,0.67,0.01
2013,528.58,13250.4,0.6,0.04
2014,472.74,13059.6,0.73,0.04
2015,650.9,13792.6,0.41,0.05
2016,2693.97,352783,0.61,0.01
2017,998.77,45287.9,0.57,0.02
2018,397.39,7080.1,0.56,0.06
2019,404.38,8707.51,0.67,0.05
2020,573.4,17120.7,0.65,0.03
2021,489.56,11918,0.62,0.04
2022,499.12,11108.8,0.56,0.04
2023,1084.72,72347.9,0.77,0.01
2024,664.31,7836.5,0.22,0.08
2025,1372.95,107623,0.72,0.01
2026,541.56,18524.7,0.79,0.03
2027,377.8,7708.72,0.68,0.05
2028,355.77,7264.78,0.72,0.05
2029,371.68,7172.4,0.65,0.05
2030,348.86,6310.96,0.65,0.06
2031,546.52,18831.3,0.79,0.03
2032,817.09,14765.1,0.28,0.06
2033,380.96,5853.04,0.51,0.07
2034,510.3,13464.2,0.65,0.04
2035,1670.06,111336,0.5,0.02
2036,311.01,5879.61,0.76,0.05
2037,295.06,5229.65,0.75,0.06
2038,397.79,9672.49,0.77,0.04
2039,377.72,7498.11,0.66,0.05
2040,389.72,7984.45,0.66,0.05
2041,389.15,8819.59,0.73,0.04
2042,361.4,7200.29,0.69,0.05
2043,377.03,6294.68,0.56,0.06
2044,483.02,7315.64,0.39,0.07
2045,550.1,13414.8,0.56,0.04
2046,394.55,8193.91,0.66,0.05
2047,418.24,9429.03,0.68,0.04
2048,254.76,4055.06,0.78,0.06
2049,331.99,4570.11,0.52,0.07
2050,318.15,4095.08,0.51,0.08
2051,378.71,8252.55,0.72,0.05
2052,330.66,5993.55,0.69,0.06
2053,523.17,17009.9,0.78,0.03
2054,351.92,5293.62,0.54,0.07
2055,748.91,19250.4,0.43,0.04
2056,403.79,8797.85,0.68,0.05
2057,352.84,5559.22,0.56,0.06
2058,431.61,7525.37,0.51,0.06
2059,492.59,12530.2,0.65,0.04
2060,669.98,28683.7,0.8,0.02
2061,649.95,25774.8,0.77,0.03
2062,479.22,11147.2,0.61,0.04
2063,921.02,52508.5,0.78,0.02
2064,757.11,14998.4,0.33,0.05
2065,7161.18,2994990,0.73,0
2066,1942.36,141929,0.47,0.01
2067,696.2,21480.5,0.56,0.03
2068,579.61,15683.8,0.59,0.04
2069,2303.59,300785,0.71,0.01
2070,8500.22,2036220,0.35,0
2071,11650.6,2083590,0.19,0.01
2072,797.17,37835,0.75,0.02
2073,1438.37,121818,0.74,0.01
2074,5560.1,1697040,0.69,0
2075,1011.11,51109.1,0.63,0.02
2076,2051.07,228744,0.68,0.01
2077,1577.96,150239,0.76,0.01
2078,2195.9,285801,0.74,0.01
2079,1722.28,151246,0.64,0.01
2080,2223.46,272797,0.69,0.01
2081,531.99,17131.2,0.76,0.03
2082,1254.06,85245.2,0.68,0.01
2083,612.02,22976.2,0.77,0.03
2084,779.22,19634,0.41,0.04
2085,1834.57,186449,0.7,0.01
2086,2027.55,237298,0.73,0.01
2087,1917.78,143546,0.49,0.01
2088,509.39,10792.4,0.52,0.05
2089,476.2,7411.46,0.41,0.06
2090,500.36,9729.21,0.49,0.05
2091,5910.71,865886,0.31,0.01
2092,2110.14,173207,0.49,0.01
2093,546.68,18379.1,0.77,0.03
2094,3819.55,789029,0.68,0
2095,509.61,11869.8,0.57,0.04
2096,508.84,16159.2,0.78,0.03
2097,526.98,17533.1,0.79,0.03
2098,359.46,5395.79,0.52,0.07
2099,424.43,10000,0.7,0.04
2100,349.92,4797.65,0.49,0.07
2101,967.82,58046.8,0.78,0.02
2102,477.17,13404,0.74,0.04
2103,514.83,16023.9,0.76,0.03
2104,896.41,44132.7,0.69,0.02
2105,1065.29,35556.2,0.39,0.03
2106,2161.11,282908,0.76,0.01
2107,1075.95,60747.8,0.66,0.02
2108,2505.5,355331,0.71,0.01
2109,429.48,9761.9,0.66,0.04
2110,948.08,50840.4,0.71,0.02
2111,3678,832584,0.77,0
2112,1233.08,37643.9,0.31,0.03
2113,900.65,40008,0.62,0.02
2114,2984.98,365208,0.51,0.01
2115,1317.74,102009,0.74,0.01
2116,913.53,51673.1,0.78,0.02
2117,1889.56,220705,0.78,0.01
2118,2566.76,394317,0.75,0.01
2119,2573.45,323373,0.61,0.01
2120,1263.78,99045.3,0.78,0.01
2121,320.51,5924.59,0.72,0.05
2122,388.98,9643.07,0.8,0.04
2123,520.84,14789.5,0.68,0.04
2124,473.65,10664.4,0.6,0.04
2125,1229.32,76108.4,0.63,0.02
2126,3027.09,456742,0.63,0.01
2127,791.53,35317.7,0.71,0.02
2128,1587.69,155263,0.77,0.01
2129,788.62,30549.9,0.62,0.03
2130,4605.58,957074,0.57,0
2131,829.24,38226.3,0.7,0.02
2132,2140.02,275533,0.76,0.01
2133,645,14240.2,0.43,0.05
2134,874.07,40317.5,0.66,0.02
2135,3186.51,514743,0.64,0.01
2136,1879.55,191360,0.68,0.01
2137,7679.64,2411160,0.51,0
2138,907.41,51112.4,0.78,0.02
2139,860.08,44796.5,0.76,0.02
2140,1002.71,62027.4,0.77,0.02
2141,639.05,16010.3,0.49,0.04
2142,948.9,43437.5,0.61,0.02
2143,610.44,19871.6,0.67,0.03
2144,4170.47,482970,0.35,0.01
2145,1559.21,142247,0.73,0.01
2146,1937.12,224137,0.75,0.01
2147,783.61,28535.5,0.58,0.03
2148,898.23,48648.1,0.76,0.02
2149,3157.98,312090,0.39,0.01
2150,1154.53,84785.9,0.8,0.01
2151,829.32,35243.6,0.64,0.02
2152,553.85,18989.1,0.78,0.03
2153,559.64,19839.7,0.8,0.03
2154,392.06,9432.55,0.77,0.04
2155,344.58,5923.96,0.63,0.06
2156,659.56,20209.8,0.58,0.03
2157,8740.51,2642860,0.43,0
2158,754.09,35960.9,0.79,0.02
2159,644.61,24652.3,0.75,0.03
2160,1892.83,205569,0.72,0.01
2161,919.6,47076.2,0.7,0.02
2162,13063.1,6311250,0.46,0
2163,3641.11,257555,0.24,0.01
2164,2687.65,345457,0.6,0.01
2165,364.84,6894.71,0.65,0.05
2166,1319.33,77386.7,0.56,0.02
2167,2275.36,218254,0.53,0.01
2168,1656.96,134548,0.62,0.01
2169,1382.81,113784,0.75,0.01
2170,511.26,16313,0.78,0.03
2171,1432.9,126718,0.78,0.01
2172,4868.22,1182860,0.63,0
2173,912.14,50674.7,0.76,0.02
2174,889.54,44550.1,0.71,0.02
2175,344.82,5959.04,0.63,0.06
2176,2393.95,97754.3,0.21,0.02
2177,1194.93,78981.1,0.69,0.02
2178,3340.04,371982,0.42,0.01
2179,1404.03,53813,0.34,0.03
2180,310.79,5182.88,0.67,0.06
2181,332.72,6419.67,0.73,0.05
2182,1102.21,73608.6,0.76,0.01
2183,785.1,34634.6,0.71,0.02
2184,1156.43,73869.6,0.69,0.02
2185,337.78,6681.47,0.74,0.05
2186,429.92,11272.7,0.77,0.04
2187,5272.1,859430,0.39,0.01
2188,2739.17,401420,0.67,0.01
2189,893.88,27200.1,0.43,0.03
2190,2424.3,348458,0.74,0.01
2191,2268.43,205351,0.5,0.01
2192,2171.46,271340,0.72,0.01
2193,531.3,18194.6,0.81,0.03
2194,567.75,20347.9,0.79,0.03
2195,974.25,50607.3,0.67,0.02
2196,891.56,47355.4,0.75,0.02
2197,521.09,13039.3,0.6,0.04
2198,772.18,36749,0.77,0.02
2199,433.44,9801.92,0.66,0.04
2200,3548.25,575082,0.57,0.01
2201,252.52,3195.22,0.63,0.08
2202,266.49,3672.82,0.65,0.07
2203,4832.83,1354530,0.73,0
2204,894.72,49174.7,0.77,0.02
2205,1036.11,63414.2,0.74,0.02
2206,609.41,15779.5,0.53,0.04
2207,682.23,17436.4,0.47,0.04
2208,1126.52,71365.5,0.71,0.02
2209,880.3,35523.3,0.58,0.02
2210,1210.67,69954,0.6,0.02
2211,384.6,9201.76,0.78,0.04
2212,760.23,31644.1,0.69,0.02
2213,988.32,41124.7,0.53,0.02
2214,1601.64,154777,0.76,0.01
2215,1060.92,68899,0.77,0.02
2216,1497.04,136422,0.76,0.01
2217,169.2,1470.11,0.64,0.12
2218,1488.39,138555,0.79,0.01
2219,1460.24,114463,0.67,0.01
2220,4359.53,561648,0.37,0.01
2221,6178.37,1803720,0.59,0
2222,6283.88,2012270,0.64,0
2223,1223.57,83415.1,0.7,0.01
2224,366.34,8315.18,0.78,0.04
2225,694.19,24584.5,0.64,0.03
2226,1224.21,85138.5,0.71,0.01
2227,1079.6,57758.8,0.62,0.02
2228,697.47,11229.8,0.29,0.06
2229,688.74,10439.5,0.28,0.07
2230,679.88,9718.09,0.26,0.07
2231,770.85,21653.9,0.46,0.04
2232,1609.63,112944,0.55,0.01
2233,701.39,23573.6,0.6,0.03
2234,542.8,16978.3,0.72,0.03
2235,704.98,15243.3,0.39,0.05
2236,499.13,14960.5,0.75,0.03
2237,571.31,8552.1,0.33,0.07
2238,16510.8,7547140,0.35,0
2239,572.48,17973.9,0.69,0.03
2240,567.77,8541.23,0.33,0.07
2241,637.05,17660.6,0.55,0.04
2242,2080.49,141676,0.41,0.01
2243,3541.46,520198,0.52,0.01
2244,572.37,10503,0.4,0.05
2245,5742.26,628765,0.24,0.01
2246,3014.78,431784,0.6,0.01
2247,925.25,43094.7,0.63,0.02
2248,460.45,10846.4,0.64,0.04
2249,332.65,6522.04,0.74,0.05
2250,154.98,1475.4,0.77,0.11
2251,277.18,4845.18,0.79,0.06
2252,515.91,12233.1,0.58,0.04
2253,590.95,21432.8,0.77,0.03
2254,355.43,7400.26,0.74,0.05
2255,304.1,4283.9,0.58,0.07
2256,310.6,4772.23,0.62,0.07
2257,453.95,10275.3,0.63,0.04
2258,655.91,21193.8,0.62,0.03
2259,502.8,9934.09,0.49,0.05
2260,406.82,9310.98,0.71,0.04
2261,882.74,40620.5,0.65,0.02
2262,495.31,14859.9,0.76,0.03
2263,785.09,34742.1,0.71,0.02
2264,790.69,32392.6,0.65,0.02
2265,360.86,7816.45,0.75,0.05
2266,269.85,3648.92,0.63,0.07
2267,437.73,12129.7,0.8,0.04
2268,652.38,17130.2,0.51,0.04
2269,738.77,30786.8,0.71,0.02
2270,2006.83,233442,0.73,0.01
2271,2681.73,237682,0.42,0.01
2272,5288.99,1707530,0.77,0
2273,1329.84,90949.3,0.65,0.01
2274,1317.18,105523,0.76,0.01
2275,244.25,2793.66,0.59,0.09
2276,802.27,11477.5,0.22,0.07
2277,826.23,42413.8,0.78,0.02
2278,648.11,22457.9,0.67,0.03
2279,376.17,7737.46,0.69,0.05
2280,422.24,10972.8,0.77,0.04
2281,389.37,9680.48,0.8,0.04
2282,1626.97,142432,0.68,0.01
2283,587.66,9220.62,0.34,0.06
2284,585.03,8935.69,0.33,0.07
2285,736.29,32987.4,0.76,0.02
2286,418.5,11065.4,0.79,0.04
2287,436.88,10184.8,0.67,0.04
2288,314.85,6156.95,0.78,0.05
2289,439.99,10402.4,0.67,0.04
2290,395.25,7033.22,0.57,0.06
2291,808.79,37302.5,0.72,0.02
2292,437.17,11895.7,0.78,0.04
2293,503.31,15121.9,0.75,0.03
2294,551.04,19073.7,0.79,0.03
2295,436.41,7706.9,0.51,0.06
2296,719.17,32519.4,0.79,0.02
2297,386.41,8297.15,0.7,0.05
2298,387.74,8291.3,0.69,0.05
2299,406.03,9674.97,0.74,0.04
2300,621.6,20800.2,0.68,0.03
2301,805.11,36925.4,0.72,0.02
2302,1773.88,178084,0.71,0.01
2303,1696.6,163107,0.71,0.01
2304,1743.03,186968,0.77,0.01
2305,1619.33,161812,0.78,0.01
2306,604.59,19535.8,0.67,0.03
2307,1584.24,137144,0.69,0.01
2308,1683.9,150236,0.67,0.01
2309,315.13,4310.46,0.55,0.07
2310,196.63,2216.94,0.72,0.09
2311,200.47,2335.2,0.73,0.09
2312,1836.75,207675,0.77,0.01
2313,240.66,2587.68,0.56,0.09
2314,245.62,3053.93,0.64,0.08
2315,840.64,40647.4,0.72,0.02
2316,768.72,20415.2,0.43,0.04
2317,895.38,24849.3,0.39,0.04
2318,303.42,3976.63,0.54,0.08
2319,326.22,4336.48,0.51,0.08
2320,320.4,6313.53,0.77,0.05
2321,449.08,11383.9,0.71,0.04
2322,271.44,4033.74,0.69,0.07
2323,289.98,3626.55,0.54,0.08
2324,282.31,4623.95,0.73,0.06
2325,316.51,4792.24,0.6,0.07
2326,341.15,5315.96,0.57,0.06
2327,510.08,14922.7,0.72,0.03
2328,590.6,10960.9,0.39,0.05
2329,569.22,9363.06,0.36,0.06
2330,637.53,24805.3,0.77,0.03
2331,329.3,4503.04,0.52,0.07
2332,1703.81,160984,0.7,0.01
2333,335.03,5884.38,0.66,0.06
2334,284.02,2717.26,0.42,0.1
2335,281.33,2855.4,0.45,0.1
2336,342.03,6274.55,0.67,0.05
2337,1953.75,226204,0.74,0.01
2338,1160.47,37875.6,0.35,0.03
2339,197.42,2179.87,0.7,0.09
2340,155.87,1419.23,0.73,0.11
2341,607.81,15231.9,0.52,0.04
2342,363.85,8279.13,0.79,0.04
2343,4112.98,613327,0.46,0.01
2344,1110.01,70418.4,0.72,0.02
2345,607.31,12864.8,0.44,0.05
2346,699.94,21073,0.54,0.03
2347,1687.66,175367,0.77,0.01
2348,1391.3,106256,0.69,0.01
2349,3173.81,532308,0.66,0.01
2350,1646.53,160577,0.74,0.01
2351,1757.94,188347,0.77,0.01
2352,1019.46,20662.5,0.25,0.05
2353,2160.81,284890,0.77,0.01
2354,2252.1,178244,0.44,0.01
2355,1035.56,51878,0.61,0.02
2356,1971.05,154591,0.5,0.01
2357,2212.31,252328,0.65,0.01
2358,510.02,12512.9,0.6,0.04
2359,1729.26,143633,0.6,0.01
2360,1078.36,71349.5,0.77,0.02
2361,1096.59,65295.8,0.68,0.02
2362,243.33,3106.91,0.66,0.08
2363,2019.96,150059,0.46,0.01
2364,735.88,23714.6,0.55,0.03
2365,2369.98,291019,0.65,0.01
2366,1112.14,73655.6,0.75,0.02
2367,484.7,9904.05,0.53,0.05
2368,5127.61,1502620,0.72,0
2369,1632.55,165020,0.78,0.01
2370,5683.02,999770,0.39,0.01
2371,1587.07,104401,0.52,0.02
2372,1853.21,191982,0.7,0.01
2373,1126.55,64769.7,0.64,0.02
2374,569.28,19399.7,0.75,0.03
2375,461.87,12369.5,0.73,0.04
2376,557.21,18008.1,0.73,0.03
2377,860.66,42015.8,0.71,0.02
2378,1959.19,209307,0.68,0.01
2379,2808.5,325045,0.52,0.01
2380,2798,289637,0.46,0.01
2381,3863.1,658080,0.55,0.01
2382,1329.82,96527.2,0.69,0.01
2383,1371.55,66501.2,0.44,0.02
2384,2544.2,342150,0.66,0.01
2385,1361.81,61698.8,0.42,0.02
2386,2475.77,241394,0.49,0.01
2387,848.81,46866.2,0.82,0.02
2388,1205.23,83494.7,0.72,0.01
2389,2062.49,243257,0.72,0.01
2390,8815.76,2463680,0.4,0
2391,1421.85,123969,0.77,0.01
2392,498.19,11230,0.57,0.04
2393,960.97,27762.9,0.38,0.03
2394,291.03,2712.36,0.4,0.11
2395,1044.71,56417.2,0.65,0.02
2396,497.03,10190.1,0.52,0.05
2397,600.12,22572,0.79,0.03
2398,389.89,7769.92,0.64,0.05
2399,364.98,5927.87,0.56,0.06
2400,240.37,3678.43,0.8,0.07
2401,454.1,11113,0.68,0.04
2402,689.62,20893.8,0.55,0.03
2403,359.74,8184.37,0.79,0.04
2404,262.2,3584.17,0.65,0.07
2405,663.65,20307,0.58,0.03
2406,530.28,13990.7,0.62,0.04
2407,504.27,12365.4,0.61,0.04
2408,736.8,24836.3,0.57,0.03
2409,834.13,38076.8,0.69,0.02
2410,456.6,12742.7,0.77,0.04
2411,4217.85,794345,0.56,0.01
2412,583.5,19263.3,0.71,0.03
2413,370.09,8562.62,0.79,0.04
2414,399.29,9912.29,0.78,0.04
2415,5670.15,931791,0.36,0.01
2416,2314.07,308757,0.72,0.01
2417,606.6,22014.3,0.75,0.03
2418,443.52,8706.8,0.56,0.05
2419,912.45,51301.7,0.77,0.02
2420,319.25,6278.05,0.77,0.05
2421,450.11,12326.6,0.76,0.04
2422,367.48,7979.73,0.74,0.05
2423,401.83,9817.09,0.76,0.04
2424,332.24,5608.6,0.64,0.06
2425,2865.81,404810,0.62,0.01
2426,319.01,6242.94,0.77,0.05
2427,455.15,4518.54,0.27,0.1
2428,421.95,11018,0.78,0.04
2429,397.82,9798.89,0.78,0.04
2430,367.42,8627.85,0.8,0.04
2431,248.73,1680.23,0.34,0.15
2432,408.38,10418.8,0.78,0.04
2433,387.06,9287.15,0.78,0.04
2434,918,40970.2,0.61,0.02
2435,415.01,9707.47,0.71,0.04
2436,264.92,4390.7,0.79,0.06
2437,246.76,3769.38,0.78,0.07
2438,4527.78,689614,0.42,0.01
2439,409.61,9380.51,0.7,0.04
2440,4236.2,970027,0.68,0
2441,2408.26,63894.6,0.14,0.04
2442,219.5,2849.87,0.74,0.08
2443,297.87,4099.63,0.58,0.07
2444,385.68,9124.61,0.77,0.04
2445,353.29,7768.79,0.78,0.05
2446,560.69,9558.18,0.38,0.06
2447,591.54,22491.3,0.81,0.03
2448,469.87,13248.4,0.75,0.04
2449,1273.23,86330.5,0.67,0.01
2450,1149.27,80856.8,0.77,0.01
2451,628.12,20792.2,0.66,0.03
2452,1352.54,107057,0.74,0.01
2453,629.03,23810.5,0.76,0.03
2454,538.67,15511.8,0.67,0.03
2455,599.26,20691.3,0.72,0.03
2456,492.58,13374.2,0.69,0.04
2457,432.5,8824.14,0.59,0.05
2458,520.18,16614.1,0.77,0.03
2459,1172.88,72663.7,0.66,0.02
2460,1135.14,37590.9,0.37,0.03
2461,745.55,34402.9,0.78,0.02
2462,4114.8,767987,0.57,0.01
2463,291.52,4976.62,0.74,0.06
2464,318.25,6393.25,0.79,0.05
2465,524.36,14766.8,0.67,0.04
2466,544.69,17099.7,0.72,0.03
2467,1911.47,201145,0.69,0.01
2468,355.98,7330.98,0.73,0.05
2469,419.16,9413.97,0.67,0.04
2470,1313.09,102463,0.75,0.01
2471,449.14,12126,0.75,0.04
2472,334.37,7208.12,0.81,0.05
2473,345.84,7195.49,0.76,0.05
2474,726.5,23803.2,0.57,0.03
2475,1454.76,121294,0.72,0.01
2476,1545.65,114278,0.6,0.01
2477,1225.02,82932.2,0.69,0.01
2478,493.74,12899.3,0.66,0.04
2479,1962.62,170909,0.56,0.01
2480,250.8,2329.99,0.47,0.11
2481,325.23,5407.68,0.64,0.06
2482,139.16,1302.67,0.84,0.11
2483,284.68,4775.27,0.74,0.06
2484,324.94,4673.45,0.56,0.07
2485,256.96,2558.69,0.49,0.1
2486,231.03,2447.96,0.58,0.09
2487,186.25,1512.12,0.55,0.12
2488,579.56,10726.1,0.4,0.05
2489,13466.5,4774900,0.33,0
2490,260.42,3366.61,0.62,0.08
2491,1493.57,108268,0.61,0.01
2492,522.8,14262.5,0.66,0.04
2493,604.32,18470.5,0.64,0.03
2494,673.45,14252.5,0.39,0.05
2495,554.54,19375.2,0.79,0.03
2496,1424.41,81893.9,0.51,0.02
2497,299.22,4945.69,0.69,0.06
2498,693.65,28312.2,0.74,0.02
2499,296.63,5064.52,0.72,0.06
2500,341.26,7219.89,0.78,0.05
2501,1139.34,38762.5,0.38,0.03
2502,1523.16,130682,0.71,0.01
2503,1478.91,59006.1,0.34,0.03
2504,53.24,109.4,0.48,0.49
2505,1156.12,80339.2,0.75,0.01
2506,6602.59,1586940,0.46,0
2507,1860.56,202513,0.73,0.01
2508,1147.92,74592.4,0.71,0.02
2509,617.44,5030.11,0.17,0.12
2510,1230.25,80846.2,0.67,0.02
2511,2181.04,269079,0.71,0.01
2512,763.46,26360.6,0.57,0.03
2513,811.21,38279.5,0.73,0.02
2514,1402.55,69057.8,0.44,0.02
2515,408.77,8970.62,0.67,0.05
2516,376.63,8224.22,0.73,0.05
2517,810.57,32056.7,0.61,0.03
2518,1362.59,112159,0.76,0.01
2519,508.06,5468.99,0.27,0.09
2520,841.16,41677.2,0.74,0.02
2521,5888.73,1046280,0.38,0.01
2522,1401.42,111213,0.71,0.01
2523,1276.69,50652.9,0.39,0.03
2524,6700,1864700,0.52,0
2525,859.91,41179.1,0.7,0.02
2526,1496.47,88814.6,0.5,0.02
2527,1231.1,94215.2,0.78,0.01
2528,886.69,49471,0.79,0.02
2529,3541.44,751424,0.75,0
2530,237.6,3524.6,0.78,0.07
2531,5493.85,1054070,0.44,0.01
2532,1096.28,73940,0.77,0.01
2533,684.71,24816.6,0.66,0.03
2534,1184.09,31486.7,0.28,0.04
2535,1906.06,53950.7,0.19,0.04
2536,1697.47,179408,0.78,0.01
2537,2130.46,192958,0.53,0.01
2538,1763.61,122769,0.5,0.01
2539,1952.96,226285,0.75,0.01
2540,1274.69,78438.6,0.61,0.02
2541,1477.56,66059.6,0.38,0.02
2542,1038.4,63966.1,0.75,0.02
2543,882.65,43982.8,0.71,0.02
2544,3829.02,725216,0.62,0.01
2545,3507.09,779411,0.8,0
2546,1323.92,97943.1,0.7,0.01
2547,842.39,44181.4,0.78,0.02
2548,840.18,41065.3,0.73,0.02
2549,5508.78,1040130,0.43,0.01
2550,608.74,19988.2,0.68,0.03
2551,1281.34,102614,0.78,0.01
2552,2576.06,393604,0.74,0.01
2553,784.28,35803.4,0.73,0.02
2554,1778.45,177653,0.71,0.01
2555,1183.48,78517,0.7,0.02
2556,1076.77,68521.6,0.74,0.02
2557,784.08,36274.1,0.74,0.02
2558,624.72,23432.9,0.75,0.03
2559,786.04,38910.1,0.79,0.02
2560,2249.73,236486,0.59,0.01
2561,2349.28,309041,0.7,0.01
2562,3105.77,419399,0.55,0.01
2563,1476.08,122754,0.71,0.01
2564,6501.92,1275860,0.38,0.01
2565,3240.47,480721,0.57,0.01
2566,742.58,20523.9,0.47,0.04
2567,2159.63,61995.1,0.17,0.03
2568,3463.46,680675,0.71,0.01
2569,1855.54,51960.5,0.19,0.04
2570,775.24,20889.8,0.44,0.04
2571,1896.95,187625,0.65,0.01
2572,3959.92,730125,0.58,0.01
2573,1125.66,15679.6,0.16,0.07
2574,615.1,11569.3,0.38,0.05
2575,1087.24,74717.2,0.79,0.01
2576,894.48,40507.4,0.64,0.02
2577,922.73,43461.5,0.64,0.02
2578,1187.87,43256.4,0.39,0.03
2579,656.8,26870.9,0.78,0.02
2580,534.08,17903,0.79,0.03
2581,1186.57,86840.5,0.77,0.01
2582,1105.1,73086.6,0.75,0.02
2583,2290.69,243065,0.58,0.01
2584,2648.99,446159,0.8,0.01
2585,8.15,1.88,0.36,4.34
2586,577.93,20313.6,0.76,0.03
2587,725.36,29476.8,0.7,0.02
2588,526.57,16818.5,0.76,0.03
2589,1121.08,69137.1,0.69,0.02
2590,997.74,62268.1,0.79,0.02
2591,1559.2,150015,0.78,0.01
2592,1043.7,67082.2,0.77,0.02
2593,1931.91,210275,0.71,0.01
2594,2128.72,233264,0.65,0.01
2595,1736.91,167065,0.7,0.01
2596,395.64,9738.37,0.78,0.04
2597,725.08,16734.7,0.4,0.04
2598,1686.37,123289,0.54,0.01
2599,442.11,12387,0.8,0.04
2600,1043.86,55108.9,0.64,0.02
2601,616.49,23866.2,0.79,0.03
2602,651.64,24501.4,0.72,0.03
2603,413.04,8950.39,0.66,0.05
2604,988.64,58498,0.75,0.02
2605,412.93,10522.3,0.78,0.04
2606,567.4,20151.6,0.79,0.03
2607,1621.27,111045,0.53,0.01
2608,2031.08,232093,0.71,0.01
2609,475.34,14454.4,0.8,0.03
2610,164.11,1678.61,0.78,0.1
2611,789.18,32385.8,0.65,0.02
2612,738.81,31045.4,0.71,0.02
2613,1392.12,99403.4,0.64,0.01
2614,553.19,14365.2,0.59,0.04
2615,543.91,13011.7,0.55,0.04
2616,653.55,18899.9,0.56,0.03
2617,1240.13,89983.4,0.73,0.01
2618,423.45,7682.24,0.54,0.06
2619,2329.33,332348,0.77,0.01
2620,1034.82,60745.6,0.71,0.02
2621,965.84,57330.3,0.77,0.02
2622,1127.64,73654.7,0.73,0.02
2623,595.66,12831.9,0.45,0.05
2624,992.11,44852.6,0.57,0.02
2625,533.96,17880.3,0.79,0.03
2626,2339.43,283668,0.65,0.01
2627,2726.24,438092,0.74,0.01
2628,1303.84,101642,0.75,0.01
2629,820.53,27195.1,0.51,0.03
2630,474.87,13611.5,0.76,0.03
2631,1024.78,67214.6,0.8,0.02
2632,947.49,49386,0.69,0.02
2633,313.95,5992.19,0.76,0.05
2634,4308.2,900128,0.61,0
2635,1171.72,72366.9,0.66,0.02
2636,755.3,33222.4,0.73,0.02
2637,477.84,12525.2,0.69,0.04
2638,472.26,12540.7,0.71,0.04
2639,88.6,618.07,0.99,0.14
2640,681.61,20520.9,0.55,0.03
2641,767.2,39073.4,0.83,0.02
2642,1667.23,52245.8,0.24,0.03
2643,794.4,29345.6,0.58,0.03
2644,650.72,19005.4,0.56,0.03
2645,1589.45,99879.3,0.5,0.02
2646,560.01,11374.6,0.46,0.05
2647,945.41,47349.9,0.67,0.02
2648,17668.6,3887820,0.16,0
2649,1768.13,179529,0.72,0.01
2650,1273.55,83151.1,0.64,0.02
2651,762.42,33677.9,0.73,0.02
2652,4128.96,944247,0.7,0
2653,637.46,25556.5,0.79,0.02
2654,491.22,9742.78,0.51,0.05
2655,1191.28,66027.4,0.58,0.02
2656,3747.71,618825,0.55,0.01
2657,746.18,27699.2,0.62,0.03
2658,2138.03,217927,0.6,0.01
2659,972.52,45868.3,0.61,0.02
2660,1733.87,118028,0.49,0.01
2661,1890.53,222517,0.78,0.01
2662,7387.99,1621260,0.37,0
2663,1073.65,49146.3,0.54,0.02
2664,2575.83,209782,0.4,0.01
2665,1248.34,98240.1,0.79,0.01
2666,511.3,16711.1,0.8,0.03
2667,534.34,13147.5,0.58,0.04
2668,2801.95,425025,0.68,0.01
2669,1618.48,51183.4,0.25,0.03
2670,454.58,10846.6,0.66,0.04
2671,2428.01,216523,0.46,0.01
2672,805.6,19870.4,0.38,0.04
2673,352.74,7517.64,0.76,0.05
2674,5036.37,761035,0.38,0.01
2675,1241.1,94276.1,0.77,0.01
2676,1460.35,111552,0.66,0.01
2677,682.6,22939.6,0.62,0.03
2678,2336.55,338637,0.78,0.01
2679,1581.42,145030,0.73,0.01
2680,2597.13,356985,0.66,0.01
2681,696.82,16483.7,0.43,0.04
2682,533.88,12515.5,0.55,0.04
2683,1311.32,66923.4,0.49,0.02
2684,556.46,11941.1,0.48,0.05
2685,313.67,4377.57,0.56,0.07
2686,302.84,5485.02,0.75,0.06
2687,285.46,4988.15,0.77,0.06
2688,110.25,453.11,0.47,0.24
2689,3512.13,706571,0.72,0
2690,13271.9,4095370,0.29,0
2691,1282.2,29371.9,0.22,0.04
2692,3225.21,568543,0.69,0.01
2693,1224.24,53936.1,0.45,0.02
2694,367.76,8098.33,0.75,0.05
2695,768.25,36693.6,0.78,0.02
2696,922.22,48292.7,0.71,0.02
2697,607.15,23033.9,0.78,0.03
2698,3822.54,785033,0.67,0
2699,984.71,45096.5,0.58,0.02
2700,293,4785.51,0.7,0.06
2701,262.66,3470.57,0.63,0.08
2702,269.33,3989.3,0.69,0.07
2703,807.48,23163.1,0.45,0.03
2704,310.22,5485.22,0.72,0.06
2705,782.59,15478.8,0.32,0.05
2706,598.99,14838.3,0.52,0.04
2707,368.83,7408.23,0.68,0.05
2708,730.84,24493.7,0.58,0.03
2709,1618.55,98512.7,0.47,0.02
2710,916.77,45858.7,0.69,0.02
2711,860.35,42447.3,0.72,0.02
2712,444.73,6617.88,0.42,0.07
2713,882.72,48909.2,0.79,0.02
2714,12523.9,2590630,0.21,0
2715,3948.97,746429,0.6,0.01
2716,1261.55,86752.1,0.68,0.01
2717,706.83,27176,0.68,0.03
2718,1077.33,69084.4,0.75,0.02
2719,3484.8,611220,0.63,0.01
2720,1376.52,96888.2,0.64,0.01
2721,966.04,58888.7,0.79,0.02
2722,1016.77,65125.1,0.79,0.02
2723,663.51,27516,0.79,0.02
2724,963.67,44346.8,0.6,0.02
2725,737.73,25093.5,0.58,0.03
2726,231.58,2223.13,0.52,0.1
2727,301.39,5573.87,0.77,0.05
2728,2239.82,300419,0.75,0.01
2729,2109.64,245391,0.69,0.01
2730,773.15,28373.3,0.6,0.03
2731,386.99,9332.51,0.78,0.04
2732,531.9,16123.3,0.72,0.03
2733,395.67,9677.08,0.78,0.04
2734,2026.26,255657,0.78,0.01
2735,510.07,13408.9,0.65,0.04
2736,1915.92,195064,0.67,0.01
2737,739.78,33839,0.78,0.02
2738,830.23,24085.2,0.44,0.03
2739,889.24,33272.8,0.53,0.03
2740,935.43,47118,0.68,0.02
2741,862.01,46473.3,0.79,0.02
2742,701.3,23296.3,0.59,0.03
2743,1059.26,54162.4,0.61,0.02
2744,1236.41,91255.9,0.75,0.01
2745,510.63,12226.1,0.59,0.04
2746,857.41,35302,0.6,0.02
2747,558.41,14461.7,0.58,0.04
2748,621.23,23157.2,0.75,0.03
2749,535.52,16469.2,0.72,0.03
2750,516.83,13848.2,0.65,0.04
2751,395.08,6296.36,0.51,0.06
2752,7206.32,1806920,0.44,0
2753,792.29,19328.2,0.39,0.04
2754,971.08,45366.1,0.6,0.02
2755,1213,75747.5,0.65,0.02
2756,2365.65,290037,0.65,0.01
2757,3418.58,439120,0.47,0.01
2758,1347.44,108334,0.75,0.01
2759,2070.9,223234,0.65,0.01
2760,16555.3,5956930,0.27,0
2761,761.28,27103.5,0.59,0.03
2762,888.79,23991.3,0.38,0.04
2763,283.14,5254.61,0.82,0.05
2764,523.39,16262.6,0.75,0.03
2765,2128.98,215509,0.6,0.01
2766,2293.53,212675,0.51,0.01
2767,703.82,27176,0.69,0.03
2768,618.43,15923.7,0.52,0.04
2769,3169.17,324765,0.41,0.01
2770,2250.42,298786,0.74,0.01
2771,1912.72,217503,0.75,0.01
2772,441.17,10787.1,0.7,0.04
2773,317.69,4591.86,0.57,0.07
2774,368.3,6140.8,0.57,0.06
2775,734.78,28922.5,0.67,0.03
2776,452.36,11881,0.73,0.04
2777,587.23,22656.6,0.83,0.03
2778,806.95,23217.9,0.45,0.03
2779,1774.26,194120,0.77,0.01
2780,1408.47,67425.3,0.43,0.02
2781,705.19,16909.6,0.43,0.04
2782,1357.8,95404.2,0.65,0.01
2783,882.15,34321.3,0.55,0.03
2784,692.82,27393.7,0.72,0.03
2785,1917.95,202138,0.69,0.01
2786,1990.63,221594,0.7,0.01
2787,853.87,44096,0.76,0.02
2788,1456.4,127970,0.76,0.01
2789,1410.68,122077,0.77,0.01
2790,2600.73,381629,0.71,0.01
2791,1578.91,154416,0.78,0.01
2792,1560.41,84095.6,0.43,0.02
2793,2388.46,355003,0.78,0.01
2794,1930.24,214253,0.72,0.01
2795,6509.39,989547,0.29,0.01
2796,1164.05,74133.3,0.69,0.02
2797,1237.01,90994.9,0.75,0.01
2798,1988.21,197050,0.63,0.01
2799,583.71,9006.92,0.33,0.06
2800,1905.89,182835,0.63,0.01
2801,1797.51,200882,0.78,0.01
2802,1440.56,116231,0.7,0.01
2803,721.47,25921.7,0.63,0.03
2804,1228.56,98609.7,0.82,0.01
2805,785.7,28834.2,0.59,0.03
2806,801.18,23331.8,0.46,0.03
2807,402.75,8075.52,0.63,0.05
2808,969.28,38378.2,0.51,0.03
2809,640.27,23973.4,0.73,0.03
2810,955.53,49923.2,0.69,0.02
2811,912.87,49677.3,0.75,0.02
2812,1838.72,173860,0.65,0.01
2813,3106.06,407220,0.53,0.01
2814,483.81,12319.2,0.66,0.04
2815,897.81,37024.5,0.58,0.02
2816,8852.71,2363440,0.38,0
2817,649.76,24169.2,0.72,0.03
2818,669.88,22640.7,0.63,0.03
2819,970.41,45232.6,0.6,0.02
2820,521.95,15017.8,0.69,0.03
2821,1071.3,68623.9,0.75,0.02
2822,1051.93,65012.8,0.74,0.02
2823,3021.91,459248,0.63,0.01
2824,1401.46,111941,0.72,0.01
2825,1201.31,84946.4,0.74,0.01
2826,27.79,33.27,0.54,0.84
2827,1129.62,70475.4,0.69,0.02
2828,1089.68,73496.2,0.78,0.01
2829,1450.31,108207,0.65,0.01
2830,455.04,12969,0.79,0.04
2831,320.31,6351.75,0.78,0.05
2832,231.04,2729.08,0.64,0.08
2833,588.07,13940.3,0.51,0.04
2834,769.71,35813.8,0.76,0.02
2835,3088.4,393094,0.52,0.01
2836,1019.92,49720.6,0.6,0.02
2837,839.37,37067.1,0.66,0.02
2838,1135.35,60762,0.59,0.02
2839,478.63,12848.5,0.7,0.04
2840,479.53,11957.4,0.65,0.04
2841,1313.3,93320.2,0.68,0.01
2842,719.84,32037,0.78,0.02
2843,756.97,20158.3,0.44,0.04
2844,345.19,7314.42,0.77,0.05
2845,458.27,12421.8,0.74,0.04
2846,3432.85,582221,0.62,0.01
2847,595.71,21040.3,0.74,0.03
2848,511.82,14755.3,0.71,0.03
2849,690.69,30003.3,0.79,0.02
2850,635.34,23979.2,0.75,0.03
2851,572.83,16252.4,0.62,0.04
2852,744.99,32761.6,0.74,0.02
2853,681.94,28670.5,0.77,0.02
2854,1184.87,64852.4,0.58,0.02
2855,1678.04,148243,0.66,0.01
2856,9574.34,3055740,0.42,0
2857,2526.53,286428,0.56,0.01
2858,1710.77,131256,0.56,0.01
2859,1945.72,166702,0.55,0.01
2860,1419.98,71025.5,0.44,0.02
2861,2291.7,252436,0.6,0.01
2862,21456.4,7242190,0.2,0
2863,821.64,42472.2,0.79,0.02
2864,1546.04,136357,0.72,0.01
2865,1684.7,85800,0.38,0.02
2866,1169.56,78987.5,0.73,0.01
2867,34.8,72.84,0.76,0.48
2868,607.53,22673.4,0.77,0.03
2869,820.43,39011.9,0.73,0.02
2870,3143.09,610939,0.78,0.01
2871,3359.32,607552,0.68,0.01
2872,503.36,15065.2,0.75,0.03
2873,1337.54,94488.9,0.66,0.01
2874,4481.85,805281,0.5,0.01
2875,1865.81,179174,0.65,0.01
2876,526.58,14423.1,0.65,0.04
2877,911.05,47311.1,0.72,0.02
2878,2973.9,101566,0.14,0.03
2879,769.69,21219.1,0.45,0.04
2880,1280.71,42111.3,0.32,0.03
2881,2144.4,212078,0.58,0.01
2882,3133.68,488439,0.62,0.01
2883,1042.86,64706,0.75,0.02
2884,1424.05,114795,0.71,0.01
2885,1180.07,74351.5,0.67,0.02
2886,619.17,23088.2,0.76,0.03
2887,812.98,26798,0.51,0.03
2888,3245.19,543264,0.65,0.01
2889,5217.47,1608870,0.74,0
2890,1176.8,83294.5,0.76,0.01
2891,4848.5,670936,0.36,0.01
2892,811.96,40803.3,0.78,0.02
2893,1199.2,71204.3,0.62,0.02
2894,415.35,10562,0.77,0.04
2895,1035.6,40946,0.48,0.03
2896,2087.02,253513,0.73,0.01
2897,1247.13,94203.1,0.76,0.01
2898,1137.1,78637.9,0.76,0.01
2899,8611.9,2221020,0.38,0
2900,639.63,25083.6,0.77,0.03
2901,1573.54,156637,0.79,0.01
2902,778.76,38219.3,0.79,0.02
2903,1354.25,106704,0.73,0.01
2904,4230.03,451162,0.32,0.01
2905,1418.89,123110,0.77,0.01
2906,8392.21,2646230,0.47,0
2907,439.87,12311.6,0.8,0.04
2908,854.95,44101.4,0.76,0.02
2909,2391.28,333862,0.73,0.01
2910,1424.18,107752,0.67,0.01
2911,812.35,33403.7,0.64,0.02
2912,839.83,34891.4,0.62,0.02
2913,830.07,38803.9,0.71,0.02
2914,1265.46,59820.8,0.47,0.02
2915,1625.78,152122,0.72,0.01
2916,507.26,15722.6,0.77,0.03
2917,401.62,10227,0.8,0.04
2918,591.05,16637.3,0.6,0.04
2919,3625.88,405707,0.39,0.01
2920,343.29,7299.84,0.78,0.05
2921,452.29,9620.18,0.59,0.05
2922,3881.29,937911,0.78,0
2923,173.17,1383.24,0.58,0.13
2924,466.01,13557.7,0.78,0.03
2925,325.08,3289.65,0.39,0.1
2926,376.29,8837.44,0.78,0.04
2927,314.04,5669.14,0.72,0.06
2928,242.53,3703.51,0.79,0.07
2929,279.15,3691.76,0.6,0.08
2930,276.61,3810.72,0.63,0.07
2931,629.04,23390.1,0.74,0.03
2932,420.24,8690.6,0.62,0.05
2933,486.27,13184.1,0.7,0.04
2934,429.32,7913.73,0.54,0.05
2935,641.78,25724.9,0.78,0.02
2936,297.91,4912.89,0.7,0.06
2937,379.5,8984.31,0.78,0.04
2938,252.53,3261.98,0.64,0.08
2939,171.6,1771.12,0.76,0.1
2940,668.1,24103.9,0.68,0.03
2941,189.47,2129.28,0.75,0.09
2942,1591.12,157544,0.78,0.01
2943,3862.87,739667,0.62,0.01
2944,3724.76,692517,0.63,0.01
2945,685.98,18240.8,0.49,0.04
2946,643.65,12693.2,0.38,0.05
2947,770.16,36785.9,0.78,0.02
2948,1471.97,135779,0.79,0.01
2949,1755.41,158133,0.64,0.01
2950,1062.69,41338.6,0.46,0.03
2951,1214.49,89231.2,0.76,0.01
2952,1037.95,71564.7,0.83,0.01
2953,3907.45,487389,0.4,0.01
2954,10980,1965050,0.2,0.01
2955,970.94,50819.9,0.68,0.02
2956,354.54,7010.07,0.7,0.05
2957,1193.48,67313.7,0.59,0.02
2958,504.91,11733.1,0.58,0.04
2959,632.57,18963.7,0.6,0.03
2960,1852.79,174298,0.64,0.01
2961,905.98,38602.7,0.59,0.02
2962,985.59,59772.5,0.77,0.02
2963,669.58,25987,0.73,0.03
2964,934.86,37702.3,0.54,0.02
2965,675.27,20561.3,0.57,0.03
2966,1493.71,98744.6,0.56,0.02
2967,486.85,11594.3,0.61,0.04
2968,543.55,12495.9,0.53,0.04
2969,251.32,3889.99,0.77,0.06
2970,1312.98,38286.5,0.28,0.03
2971,852.86,44291.1,0.76,0.02
2972,843.83,37919.8,0.67,0.02
2973,802.65,24347.7,0.47,0.03
2974,3496.26,461616,0.47,0.01
2975,1126.08,41457.3,0.41,0.03
2976,441.4,12127.3,0.78,0.04
2977,1833.09,61452.7,0.23,0.03
2978,1513.54,41330.8,0.23,0.04
2979,765.2,19919.4,0.43,0.04
2980,1893.91,56770.2,0.2,0.03
2981,14461.5,6336730,0.38,0
2982,720.06,22362.8,0.54,0.03
2983,743.52,35125.4,0.8,0.02
2984,734.72,23262.8,0.54,0.03
2985,6162.95,1520960,0.5,0
2986,811.66,27560.6,0.53,0.03
2987,2416.09,305968,0.66,0.01
2988,2224.47,294640,0.75,0.01
2989,2199.6,183192,0.48,0.01
2990,3997.22,658590,0.52,0.01
2991,759.54,36349.8,0.79,0.02
2992,5873.26,1030740,0.38,0.01
2993,1316.73,55782,0.4,0.02
2994,2426.38,354229,0.76,0.01
2995,573.68,19858.5,0.76,0.03
2996,621.92,23147.7,0.75,0.03
2997,1229.57,33445.5,0.28,0.04
2998,402.72,7800.92,0.6,0.05
2999,1109.84,53188.4,0.54,0.02
3000,546.85,15560.4,0.65,0.04
3001,1426.79,88494.2,0.55,0.02
3002,502.49,12249.9,0.61,0.04
3003,474.34,10762.1,0.6,0.04
3004,547.63,13020.3,0.55,0.04
3005,628.88,23823.5,0.76,0.03
3006,303.18,5318.04,0.73,0.06
3007,2160.75,231206,0.62,0.01
3008,736.8,24859.5,0.58,0.03
3009,675.47,25639.6,0.71,0.03
3010,376.13,5489.66,0.49,0.07
3011,564.23,11664.3,0.46,0.05
3012,505.37,12319.6,0.61,0.04
3013,1247.81,83549.1,0.67,0.01
3014,428.81,10048.6,0.69,0.04
3015,1020.08,53262.9,0.64,0.02
3016,319.96,6199.47,0.76,0.05
3017,1028.87,59197.6,0.7,0.02
3018,807.22,33213.2,0.64,0.02
3019,430.13,9608.36,0.65,0.04
3020,449.24,9548.72,0.59,0.05
3021,3993.1,893716,0.7,0
3022,736.64,31733.6,0.73,0.02
3023,871.75,45325.1,0.75,0.02
3024,398.2,9951.76,0.79,0.04
3025,331.47,6715.03,0.77,0.05
3026,384.17,8983.05,0.76,0.04
3027,631.54,22337.3,0.7,0.03
3028,603.37,21383.9,0.74,0.03
3029,3632.06,647289,0.62,0.01
3030,643.23,14068.8,0.43,0.05
3031,381.48,7768.46,0.67,0.05
3032,156.5,1269.22,0.65,0.12
3033,2267.16,209269,0.51,0.01
3034,618.82,19775.9,0.65,0.03
3035,566.52,16350.6,0.64,0.03
3036,1126.44,56470.9,0.56,0.02
3037,23848.6,15781700,0.35,0
3038,238,3494.83,0.77,0.07
3039,622.6,18922.9,0.61,0.03
3040,434.88,9477.71,0.63,0.05
3041,424.74,8054.09,0.56,0.05
3042,443.96,11240.8,0.72,0.04
3043,946.15,48140.9,0.68,0.02
3044,569.82,13792.2,0.53,0.04
3045,408.39,4447.78,0.33,0.09
3046,601.85,12847.2,0.45,0.05
3047,701.46,23468.4,0.6,0.03
3048,492.88,13553.5,0.7,0.04
3049,757.44,35409.3,0.78,0.02
3050,591.04,14687.6,0.53,0.04
3051,426.23,9635.74,0.67,0.04
3052,1856.9,157668,0.57,0.01
3053,770.38,36101.3,0.76,0.02
3054,383.59,8526.01,0.73,0.04
3055,1983.22,218365,0.7,0.01
3056,767.1,25023.6,0.53,0.03
3057,618.22,18179.8,0.6,0.03
3058,2379.75,221782,0.49,0.01
3059,595.41,15237.2,0.54,0.04
3060,587.38,20076.2,0.73,0.03
3061,456.09,12652.7,0.76,0.04
3062,1274.08,85513.6,0.66,0.01
3063,614.57,21734.3,0.72,0.03
3064,1762.22,193610,0.78,0.01
3065,984.08,41195.1,0.53,0.02
3066,522.34,12316.5,0.57,0.04
3067,986.59,50903,0.66,0.02
3068,407.55,10031.3,0.76,0.04
3069,669.79,16588.6,0.46,0.04
3070,735.09,27783.2,0.65,0.03
3071,3646.61,236207,0.22,0.02
3072,507.48,11613.1,0.57,0.04
3073,1254.67,81901.2,0.65,0.02
3074,480.97,12061.5,0.65,0.04
3075,1553.89,96398.4,0.5,0.02
3076,513.66,13142.3,0.63,0.04
3077,623.49,24733.2,0.8,0.03
3078,4174.83,410155,0.3,0.01
3079,1725.48,146276,0.62,0.01
3080,398.56,9035.25,0.71,0.04
3081,2221.73,192228,0.49,0.01
3082,701.88,20074.5,0.51,0.03
3083,710.46,28718.7,0.71,0.02
3084,323.22,6069.36,0.73,0.05
3085,60.05,131.43,0.46,0.46
3086,2872.35,466993,0.71,0.01
3087,1437.84,70007.2,0.43,0.02
3088,739.89,23634.3,0.54,0.03
3089,798.95,34950.7,0.69,0.02
3090,290.66,3006.05,0.45,0.1
3091,530.5,17685.4,0.79,0.03
3092,811.25,32910.8,0.63,0.02
3093,1108.91,56463.7,0.58,0.02
3094,477.13,13847.9,0.76,0.03
3095,342.64,7075.81,0.76,0.05
3096,398.76,9128.64,0.72,0.04
3097,264.11,4343.54,0.78,0.06
3098,1311.33,105250,0.77,0.01
3099,1459.19,88424.3,0.52,0.02
3100,1002.85,58555.6,0.73,0.02
3101,1215.16,80752.9,0.69,0.02
3102,1849.82,141501,0.52,0.01
3103,570.8,16035,0.62,0.04
3104,1475.12,56736.2,0.33,0.03
3105,565.04,18096.3,0.71,0.03
3106,374.25,6682.13,0.6,0.06
3107,529.68,15394.1,0.69,0.03
3108,2057.23,253925,0.75,0.01
3109,574.71,12100.7,0.46,0.05
3110,584.1,19907.3,0.73,0.03
3111,1133.31,81541.3,0.8,0.01
3112,673.05,26733.5,0.74,0.03
3113,403.41,9906.43,0.76,0.04
3114,4892.59,513328,0.27,0.01
3115,381.68,8291.52,0.71,0.05
3116,777.59,25389.9,0.53,0.03
3117,1224.05,85495.3,0.72,0.01
3118,1489.41,139730,0.79,0.01
3119,1475.8,99374,0.57,0.01
3120,893.9,47896.1,0.75,0.02
3121,562.56,18978,0.75,0.03
3122,1229.17,89459.4,0.74,0.01
3123,726.29,27634.2,0.66,0.03
3124,343.13,7400.96,0.79,0.05
3125,1580.85,126887,0.64,0.01
3126,1261.41,65553.2,0.52,0.02
3127,547.53,18199.5,0.76,0.03
3128,3727.83,446847,0.4,0.01
3129,392.35,7529.56,0.61,0.05
3130,2487.62,319238,0.65,0.01
3131,759.18,28217,0.61,0.03
3132,1189.23,79411.9,0.71,0.01
3133,1452.35,133582,0.8,0.01
3134,921.7,37117.6,0.55,0.02
3135,395.82,9080.27,0.73,0.04
3136,507.1,16120.5,0.79,0.03
3137,531.02,17724.3,0.79,0.03
3138,509.2,16298,0.79,0.03
3139,536.74,17481.5,0.76,0.03
3140,1369.72,75129.5,0.5,0.02
3141,715.26,31220.6,0.77,0.02
3142,550.18,18608.4,0.77,0.03
3143,1629.72,160921,0.76,0.01
3144,498.04,15008.8,0.76,0.03
3145,1939.67,233570,0.78,0.01
3146,296.09,5646.81,0.81,0.05
3147,1061.03,47848.2,0.53,0.02
3148,3651.57,393291,0.37,0.01
3149,891.64,37209.5,0.59,0.02
3150,467.41,13117.1,0.75,0.04
3151,384.14,7422.62,0.63,0.05
3152,383.73,7405.76,0.63,0.05
3153,330.26,3714.64,0.43,0.09
3154,331.12,3776.98,0.43,0.09
3155,329.77,3709.36,0.43,0.09
3156,400.05,8540.31,0.67,0.05
3157,839.56,39083.3,0.7,0.02
3158,621.69,23602.7,0.77,0.03
3159,473.26,10057.5,0.56,0.05
3160,556.93,18036.8,0.73,0.03
3161,434.93,6443.62,0.43,0.07
3162,419.54,4919.33,0.35,0.09
3163,420.21,4910.59,0.35,0.09
3164,417.9,5040.02,0.36,0.08
3165,420.78,4921.72,0.35,0.09
3166,467.32,9617.65,0.55,0.05
3167,685.56,29348.8,0.78,0.02
3168,371.84,7189.94,0.65,0.05
3169,494.56,15227,0.78,0.03
3170,314.87,3496.59,0.44,0.09
3171,315.72,3537.36,0.45,0.09
3172,381,7913.1,0.68,0.05
3173,512.98,16376.9,0.78,0.03
3174,388.45,3956.77,0.33,0.1
3175,602.54,21484.7,0.74,0.03
3176,226.62,2782.02,0.68,0.08
3177,347.61,4926.35,0.51,0.07
3178,227.68,2824.41,0.68,0.08
3179,331.06,3798.56,0.44,0.09
3180,210.81,2200.59,0.62,0.1
3181,210.22,2241.12,0.64,0.09
3182,211.18,2195.3,0.62,0.1
3183,214.03,2228.23,0.61,0.1
3184,209.11,2196.6,0.63,0.1
3185,461.56,11921,0.7,0.04
3186,380.09,5469.36,0.48,0.07
3187,462.17,12045.7,0.71,0.04
3188,215.5,2364.01,0.64,0.09
3189,211.31,2173.92,0.61,0.1
3190,211.69,2110.95,0.59,0.1
3191,695.54,29055.2,0.75,0.02
3192,212.16,2221.97,0.62,0.1
3193,211.91,2244.08,0.63,0.09
3194,330.91,3614.53,0.41,0.09
3195,379.84,7408.4,0.64,0.05
3196,332.71,3663.11,0.42,0.09
3197,307.22,5684.84,0.76,0.05
3198,912.85,52406.5,0.79,0.02
3199,764.79,31079.9,0.67,0.02
3200,1063.77,52685.8,0.58,0.02
3201,956.01,33865.2,0.47,0.03
3202,616.06,19574.5,0.65,0.03
3203,395.8,9764.67,0.78,0.04
3204,274.59,2105.48,0.35,0.13
3205,356.19,6859.29,0.68,0.05
3206,593.56,18006.2,0.64,0.03
3207,460.25,10721.8,0.64,0.04
3208,433.37,8101.32,0.54,0.05
3209,466.63,8348.52,0.48,0.06
3210,252.95,3981.29,0.78,0.06
3211,408.52,8326.16,0.63,0.05
3212,358.9,7208.74,0.7,0.05
3213,360.66,6883.09,0.66,0.05
3214,251.71,3940.46,0.78,0.06
3215,169.89,1769.13,0.77,0.1
3216,518.11,8717.64,0.41,0.06
3217,549.84,17759,0.74,0.03
3218,696.71,28732.5,0.74,0.02
3219,578.68,15233.9,0.57,0.04
3220,2236.34,264076,0.66,0.01
3221,3360.27,437128,0.49,0.01
3222,821.96,41584.4,0.77,0.02
3223,1391.74,84421.2,0.55,0.02
3224,1324.61,100113,0.72,0.01
3225,2897.61,390524,0.58,0.01
3226,1355.87,80358.4,0.55,0.02
3227,835.64,41351.5,0.74,0.02
3228,989.16,48425.6,0.62,0.02
3229,2448.64,362111,0.76,0.01
3230,1221.92,90028.1,0.76,0.01
3231,822.02,37948.9,0.71,0.02
3232,650.03,23044.7,0.69,0.03
3233,660.52,23816.5,0.69,0.03
3234,911.01,35438,0.54,0.03
3235,2772.89,352446,0.58,0.01
3236,663.07,23494.9,0.67,0.03
3237,436.78,11874.8,0.78,0.04
3238,652.83,19759.9,0.58,0.03
3239,433.75,11941.8,0.8,0.04
3240,640.85,22596.4,0.69,0.03
3241,2614.84,399070,0.73,0.01
3242,1887.17,191441,0.68,0.01
3243,1068.1,56530.1,0.62,0.02
3244,1081.18,35921.3,0.39,0.03
3245,738.12,21500.9,0.5,0.03
3246,1172.05,55753.3,0.51,0.02
3247,393.41,9667.53,0.78,0.04
3248,338.28,7127.51,0.78,0.05
3249,1064.49,69374.2,0.77,0.02
3250,1745.88,117640,0.48,0.01
3251,247.5,2929.04,0.6,0.08
3252,341.78,6550.55,0.7,0.05
3253,331.42,6698.32,0.77,0.05
3254,441.54,12126.5,0.78,0.04
3255,769.32,27223.1,0.58,0.03
3256,807.88,30820,0.59,0.03
3257,439.54,12014.5,0.78,0.04
3258,1101.66,70982.9,0.73,0.02
3259,1856.09,142724,0.52,0.01
3260,2931.25,535511,0.78,0.01
3261,868.53,47378.7,0.79,0.02
3262,1005.08,59171.4,0.74,0.02
3263,1053.9,70933.3,0.8,0.01
3264,934.07,51216.1,0.74,0.02
3265,807.53,37148.5,0.72,0.02
3266,1492.49,126788,0.71,0.01
3267,1752.57,143468,0.59,0.01
3268,711.52,22201.9,0.55,0.03
3269,258.21,3921.46,0.74,0.07
3270,1774.18,140750,0.56,0.01
3271,3183.86,399855,0.5,0.01
3272,829.89,27324.7,0.5,0.03
3273,556.65,19116,0.77,0.03
3274,667.94,14944.7,0.42,0.04
3275,3256.57,541476,0.64,0.01
3276,766.04,33702.2,0.72,0.02
3277,775.75,34240.1,0.71,0.02
3278,732.17,24565.5,0.58,0.03
3279,440.94,6186.86,0.4,0.07
3280,2123.31,286879,0.8,0.01
3281,6257.71,1716880,0.55,0
3282,800.32,36601.3,0.72,0.02
3283,641.73,23259.7,0.71,0.03
3284,1301.46,96655.8,0.72,0.01
3285,484.49,14500.8,0.78,0.03
3286,1265.06,99762.1,0.78,0.01
3287,1714.96,181469,0.77,0.01
3288,633.33,21375.6,0.67,0.03
3289,888.16,40351.1,0.64,0.02
3290,2062.76,190992,0.56,0.01
3291,397.93,9000.95,0.71,0.04
3292,532.85,17708.6,0.78,0.03
3293,7030.17,1616150,0.41,0
3294,1793.79,110120,0.43,0.02
3295,2375.47,263107,0.59,0.01
3296,406.16,7703.52,0.59,0.05
3297,401.07,9642.23,0.75,0.04
3298,792.76,11352.3,0.23,0.07
3299,1498.64,136054,0.76,0.01
3300,1957.28,239585,0.79,0.01
3301,6374.83,2150300,0.66,0
3302,3304.39,641197,0.74,0.01
3303,686.29,24493.7,0.65,0.03
3304,2613.34,323100,0.59,0.01
3305,718.46,22115.3,0.54,0.03
3306,1287.87,51745.4,0.39,0.02
3307,732.82,23668.1,0.55,0.03
3308,1340.82,42809.1,0.3,0.03
3309,357.2,7733.6,0.76,0.05
3310,240.23,3542.58,0.77,0.07
3311,373.59,8497.86,0.76,0.04
3312,1075.08,71392.6,0.78,0.02
3313,147,665.75,0.39,0.22
3314,906.55,31165.3,0.48,0.03
3315,581.79,19886.9,0.74,0.03
3316,351.16,3768.8,0.38,0.09
3317,607.5,13881.4,0.47,0.04
3318,412.63,9222.45,0.68,0.04
3319,527.25,4694.85,0.21,0.11
3320,522.04,8017.08,0.37,0.07
3321,258.23,3375.33,0.64,0.08
3322,820.32,18079.3,0.34,0.05
3323,264.94,2762.85,0.49,0.1
3324,492.4,11743.1,0.61,0.04
3325,709.96,25243.8,0.63,0.03
3326,411.67,9511.58,0.7,0.04
3327,2201.8,187478,0.49,0.01
3328,186.14,2003.2,0.73,0.09
3329,389.43,6258.62,0.52,0.06
3330,459.31,7529.79,0.45,0.06
3331,493.55,9845.18,0.51,0.05
3332,261.93,2506.08,0.46,0.1
3333,1080.83,55396.6,0.6,0.02
3334,1050.07,46684,0.53,0.02
3335,555.84,19022.4,0.77,0.03
3336,529.54,14050.2,0.63,0.04
3337,1885.11,160015,0.57,0.01
3338,250.82,3981.55,0.79,0.06
3339,317.69,5866.06,0.73,0.05
3340,398.79,7513.38,0.59,0.05
3341,176.63,1985.97,0.8,0.09
3342,355.47,6903.47,0.69,0.05
3343,468.17,12896.4,0.74,0.04
3344,1485.85,51077.8,0.29,0.03
3345,1047.82,42040.9,0.48,0.02
3346,828.56,34040.8,0.62,0.02
3347,976.25,40128.8,0.53,0.02
3348,259.6,4194.98,0.78,0.06
3349,494.47,14812.7,0.76,0.03
3350,341.53,7295.76,0.79,0.05
3351,407.85,9480.79,0.72,0.04
3352,344.79,5582.57,0.59,0.06
3353,384.74,8500.91,0.72,0.05
3354,320.16,4285.01,0.53,0.07
3355,503.63,16044.6,0.79,0.03
3356,1486.3,110127,0.63,0.01
3357,459.18,12186.6,0.73,0.04
3358,219.54,2917.82,0.76,0.08
3359,196.69,2384.18,0.77,0.08
3360,451.36,9866.88,0.61,0.05
3361,3985.53,649831,0.51,0.01
3362,5025.49,366405,0.18,0.01
3363,1125.33,20490,0.2,0.05
3364,400.24,9623.33,0.75,0.04
3365,488.68,13114.7,0.69,0.04
3366,94.43,536.48,0.76,0.18
3367,275.72,3154.26,0.52,0.09
3368,546.12,10612,0.45,0.05
3369,410.57,7822.61,0.58,0.05
3370,511.26,9876.06,0.47,0.05
3371,593.72,12767.2,0.45,0.05
3372,12480.2,1383380,0.11,0.01
3373,971.87,43095.6,0.57,0.02
3374,383.38,7028.06,0.6,0.05
3375,596.01,19230.9,0.68,0.03
3376,13479.3,1069440,0.07,0.01
3377,508.62,16667.3,0.81,0.03
3378,335.9,5416.49,0.6,0.06
3379,777.62,35999.1,0.75,0.02
3380,364.8,6848.01,0.65,0.05
3381,572.97,21165.1,0.81,0.03
3382,1535.11,109372,0.58,0.01
3383,741.35,19092,0.44,0.04
3384,524.89,14327.7,0.65,0.04
3385,506.74,14279.9,0.7,0.04
3386,769.5,11783.2,0.25,0.07
3387,1855.14,111969,0.41,0.02
3388,1877.27,15769,0.06,0.12
3389,9654.48,825296,0.11,0.01
3390,842.77,34985.7,0.62,0.02
3391,381,3621.74,0.31,0.11
3392,905.82,46316.9,0.71,0.02
3393,621.87,21093.8,0.69,0.03
3394,837.59,27127.3,0.49,0.03
3395,328.06,4764.24,0.56,0.07
3396,690.26,29171.4,0.77,0.02
3397,1082.7,20361.7,0.22,0.05
3398,2009.27,128470,0.4,0.02
3399,404.37,10120.6,0.78,0.04
3400,466.91,13456.5,0.78,0.03
3401,411.23,8768.1,0.65,0.05
3402,4992.08,611489,0.31,0.01
3403,1450.09,127809,0.76,0.01
3404,451.08,12608.1,0.78,0.04
3405,375.13,7262.48,0.65,0.05
3406,276.69,4124.26,0.68,0.07
3407,722.26,32950.1,0.79,0.02
3408,957.25,56348.9,0.77,0.02
3409,253.9,3986.55,0.78,0.06
3410,345.88,7496.83,0.79,0.05
3411,354.52,7671.97,0.77,0.05
3412,696.14,22727.3,0.59,0.03
3413,674.28,28419,0.79,0.02
3414,3393.17,459718,0.5,0.01
3415,255.38,3230.42,0.62,0.08
3416,236.65,2298.03,0.52,0.1
3417,268.31,3891.2,0.68,0.07
3418,288.05,4851.92,0.73,0.06
3419,196.82,1788.24,0.58,0.11
3420,413.07,5929.28,0.44,0.07
3421,1905.14,219034,0.76,0.01
3422,903.57,49787.1,0.77,0.02
3423,302.67,4545.12,0.62,0.07
3424,2288.08,227483,0.55,0.01
3425,298.23,4115.96,0.58,0.07
3426,304.22,4436.46,0.6,0.07
3427,310.37,4636.68,0.6,0.07
3428,302.47,4356.12,0.6,0.07
3429,302.46,4337.47,0.6,0.07
3430,301.89,4307.08,0.59,0.07
3431,295.35,4087.16,0.59,0.07
3432,213.2,2389.72,0.66,0.09
3433,299.88,4269.18,0.6,0.07
3434,299.17,4184.12,0.59,0.07
3435,1721.6,159183,0.67,0.01
3436,144.14,1323.37,0.8,0.11
3437,214.12,2680.89,0.73,0.08
3438,959.02,54006.2,0.74,0.02
3439,582.98,19893.8,0.74,0.03
3440,563.84,18510.2,0.73,0.03
3441,367.93,4813.57,0.45,0.08
3442,1499.36,76430.5,0.43,0.02
3443,251.08,3850.2,0.77,0.07
3444,892.6,44870.6,0.71,0.02
3445,515.89,15781.3,0.74,0.03
3446,605.03,7210.77,0.25,0.08
3447,1042.48,60823.9,0.7,0.02
3448,414.36,9220.15,0.67,0.04
3449,611.8,11130.6,0.37,0.05
3450,326.23,6469.99,0.76,0.05
3451,257.37,3124.64,0.59,0.08
3452,289.94,4688.74,0.7,0.06
3453,546.96,15851.7,0.67,0.03
3454,257.38,3024.52,0.57,0.09
3455,766.02,25752.8,0.55,0.03
3456,367.72,7589.76,0.71,0.05
3457,375.92,8098.76,0.72,0.05
3458,1744.24,74480.4,0.31,0.02
3459,3431.27,748739,0.8,0
3460,451.2,11331.1,0.7,0.04
3461,366.18,4581.51,0.43,0.08
3462,639.25,13570.5,0.42,0.05
3463,260.62,4223.55,0.78,0.06
3464,257.24,4132.59,0.78,0.06
3465,318.28,6102.64,0.76,0.05
3466,390.8,8645.43,0.71,0.05
3467,321.18,6445.73,0.78,0.05
3468,399.65,8976.81,0.71,0.04
3469,319.81,4285.99,0.53,0.07
3470,320.97,4317.11,0.53,0.07
3471,311.59,5950.21,0.77,0.05
3472,198.87,2166.73,0.69,0.09
3473,269.14,4496.4,0.78,0.06
3474,251.28,3942.43,0.78,0.06
3475,270.91,4664.6,0.8,0.06
3476,361.17,7293.45,0.7,0.05
3477,256.07,4090.96,0.78,0.06
3478,253.72,4011.5,0.78,0.06
3479,200.07,3156.09,0.99,0.06
3480,230.98,3245.77,0.76,0.07
3481,660.73,27852.4,0.8,0.02
3482,1254.25,75992.2,0.61,0.02
3483,33255.6,30842800,0.35,0
3484,231.07,3389.81,0.8,0.07
3485,5413.42,733397,0.31,0.01
3486,776.59,33343,0.69,0.02
3487,1315.42,86969.4,0.63,0.02
3488,515.13,15265.6,0.72,0.03
3489,626.7,20292.6,0.65,0.03
3490,2181.48,165830,0.44,0.01
3491,1133.9,73861.1,0.72,0.02
3492,920.05,38584.2,0.57,0.02
3493,508.18,10608.6,0.52,0.05
3494,747.95,20686.8,0.46,0.04
3495,645.07,25371.9,0.77,0.03
3496,3459.27,488724,0.51,0.01
3497,3531,687127,0.69,0.01
3498,531.45,13627.6,0.61,0.04
3499,415.48,4669.52,0.34,0.09
3500,9773.44,2087290,0.27,0
3501,71.9,181.9,0.44,0.4
3502,556.6,16569.6,0.67,0.03
3503,442.49,9739.03,0.62,0.05
3504,1248.35,93395.2,0.75,0.01
3505,672.34,16945.4,0.47,0.04
3506,563.77,18793.9,0.74,0.03
3507,3315.09,648371,0.74,0.01
3508,6402.85,1509240,0.46,0
3509,6249.47,1938290,0.62,0
3510,821.2,31641.6,0.59,0.03
3511,310.4,3035.01,0.4,0.1
3512,1364.56,59256.8,0.4,0.02
3513,431.44,10054.6,0.68,0.04
3514,339.46,5156.24,0.56,0.07
3515,1382.63,67571.1,0.44,0.02
3516,401.36,7494.65,0.58,0.05
3517,439.63,9880.93,0.64,0.04
3518,283.96,4295.59,0.67,0.07
3519,480.58,13710.8,0.75,0.04
3520,2079.41,174721,0.51,0.01
3521,396.53,9211.55,0.74,0.04
3522,423.31,11361.2,0.8,0.04
3523,609.52,19443,0.66,0.03
3524,413.59,10551.1,0.77,0.04
3525,509.38,13402.4,0.65,0.04
3526,6582.42,824401,0.24,0.01
3527,2261.02,140995,0.35,0.02
3528,1290.95,97301.7,0.73,0.01
3529,43.52,149.35,0.99,0.29
3530,3875.24,342691,0.29,0.01
3531,1136.87,64063.3,0.62,0.02
3532,316.09,4309.52,0.54,0.07
3533,324.37,4765.05,0.57,0.07
3534,547.8,7437.73,0.31,0.07
3535,357.47,6693.69,0.66,0.05
3536,229.29,3274.72,0.78,0.07
3537,282.87,4739.36,0.74,0.06
3538,687.38,6756.91,0.18,0.1
3539,491.29,10071.6,0.52,0.05
3540,640.99,24423.8,0.75,0.03
3541,518.55,11638.3,0.54,0.04
3542,576.61,17424.6,0.66,0.03
3543,1388.33,43971,0.29,0.03
3544,433.49,11288.4,0.75,0.04
3545,265.54,4508.82,0.8,0.06
3546,164.63,1608.89,0.75,0.1
3547,593.49,21804.2,0.78,0.03
3548,372.98,5463.39,0.49,0.07
3549,338.08,7302.83,0.8,0.05
3550,648.86,17402.2,0.52,0.04
3551,339.56,6801.58,0.74,0.05
3552,274.15,4695.65,0.78,0.06
3553,341.9,6476.98,0.7,0.05
3554,108.81,680.82,0.72,0.16
3555,112.78,766.72,0.76,0.15
3556,241.77,3310.62,0.71,0.07
3557,548.12,15383.8,0.64,0.04
3558,4714.77,885835,0.5,0.01
3559,466.06,13091.2,0.76,0.04
3560,790.47,35295.6,0.71,0.02
3561,296.9,4064.8,0.58,0.07
3562,143.15,1141.14,0.7,0.13
3563,436.3,11102.6,0.73,0.04
3564,511.1,15622.9,0.75,0.03
3565,1726.52,122676,0.52,0.01
3566,5970.39,1029970,0.36,0.01
3567,371.6,8438.12,0.77,0.04
3568,1071.69,67031.8,0.73,0.02
3569,818.11,40339.4,0.76,0.02
3570,646.75,23181.6,0.7,0.03
3571,1329.93,67050.4,0.48,0.02
3572,332.82,4449.82,0.5,0.07
3573,832.86,41827.8,0.76,0.02
3574,619.51,23176.6,0.76,0.03
3575,626.36,23718.5,0.76,0.03
3576,645.09,14743.5,0.44,0.04
3577,449.69,12292.4,0.76,0.04
3578,673.25,27462.6,0.76,0.02
3579,1677.77,62996.6,0.28,0.03
3580,1563.6,49669.1,0.26,0.03
3581,3184.09,351225,0.44,0.01
3582,2280.82,101649,0.25,0.02
3583,775,27020.1,0.57,0.03
3584,758.43,26734.5,0.58,0.03
3585,375.62,5514.87,0.49,0.07
3586,1620.39,23490.3,0.11,0.07
3587,4530.48,1145870,0.7,0
3588,71.1,398.55,0.99,0.18
3589,185.99,1247.75,0.45,0.15
3590,731.71,30601.7,0.72,0.02
3591,757.76,26258.9,0.57,0.03
3592,351.76,7730,0.78,0.05
3593,399.44,4811.87,0.38,0.08
3594,386.07,5329.61,0.45,0.07
3595,271.76,3441.55,0.59,0.08
3596,215.99,1734.37,0.47,0.12
3597,256.53,3982.43,0.76,0.06
3598,449.81,9496.18,0.59,0.05
3599,807.26,16217.7,0.31,0.05
3600,137.42,1037.35,0.69,0.13
3601,333.12,4870.13,0.55,0.07
3602,334.34,4119.98,0.46,0.08
3603,168.83,1656.24,0.73,0.1
3604,78.52,377.55,0.77,0.21
3605,350.95,7100.97,0.72,0.05
3606,381.88,6566.6,0.57,0.06
3607,477.34,11255.6,0.62,0.04
3608,576.82,10525.7,0.4,0.05
3609,434.24,8454.88,0.56,0.05
3610,353.94,6416.59,0.64,0.06
3611,230.73,2448.46,0.58,0.09
3612,873.03,25098.7,0.41,0.03
3613,249.08,3835,0.78,0.06
3614,116.41,821,0.76,0.14
3615,251.68,3220.91,0.64,0.08
3616,526.69,14375,0.65,0.04
3617,284.13,4801.07,0.75,0.06
3618,913.18,26715.8,0.4,0.03
3619,205.39,2267.44,0.68,0.09
3620,218.74,2432.32,0.64,0.09
3621,221.51,3184.62,0.82,0.07
3622,182,1892.97,0.72,0.1
3623,176.57,1731.03,0.7,0.1
3624,691.96,21753.7,0.57,0.03
3625,242.02,3558.12,0.76,0.07
3626,262.56,4500.44,0.82,0.06
3627,333.88,5645.5,0.64,0.06
3628,507.85,15739.9,0.77,0.03
3629,246.16,2952.2,0.61,0.08
3630,802.1,30749.4,0.6,0.03
3631,172.61,1016.33,0.43,0.17
3632,518.45,11110.2,0.52,0.05
3633,337.75,3434.14,0.38,0.1
3634,279.18,2238.33,0.36,0.12
3635,321.2,6252.85,0.76,0.05
3636,156.61,1058.87,0.54,0.15
3637,402.8,5391.1,0.42,0.07
3638,207.48,2414.97,0.7,0.09
3639,306.77,2647.64,0.35,0.12
3640,345.99,7472.82,0.78,0.05
3641,361.3,8209.78,0.79,0.04
3642,528.8,15624,0.7,0.03
3643,479.66,13445.6,0.73,0.04
3644,264.67,3863.33,0.69,0.07
3645,395.09,9734.16,0.78,0.04
3646,236.38,2110.43,0.47,0.11
3647,736.57,26596.7,0.62,0.03
3648,366.93,7983.6,0.74,0.05
3649,216.56,2665.42,0.71,0.08
3650,306.81,5900.01,0.79,0.05
3651,292.73,3960.1,0.58,0.07
3652,299.15,4385.27,0.62,0.07
3653,323.79,6345.34,0.76,0.05
3654,287.35,4641.93,0.71,0.06
3655,424.4,11227.8,0.78,0.04
3656,316.31,5262.38,0.66,0.06
3657,1270.85,66199.3,0.51,0.02
3658,516.53,15887.3,0.75,0.03
3659,249,3355.7,0.68,0.07
3660,244.23,3119.55,0.66,0.08
3661,265.83,4085.57,0.73,0.07
3662,1083.89,39634.9,0.42,0.03
3663,640.48,12075.7,0.37,0.05
3664,387.57,7088.43,0.59,0.05
3665,263.9,3027.8,0.55,0.09
3666,266.16,3528.72,0.63,0.08
3667,719.88,32895.1,0.8,0.02
3668,235.37,3441.81,0.78,0.07
3669,184.38,2060.4,0.76,0.09
3670,546.96,15210.2,0.64,0.04
3671,662.16,26626.6,0.76,0.02
3672,624.88,23883,0.77,0.03
3673,189.9,2203.34,0.77,0.09
3674,188.98,2187.29,0.77,0.09
3675,182.34,2026.34,0.77,0.09
3676,245.03,3672.98,0.77,0.07
3677,185.36,2115.24,0.77,0.09
3678,185.74,2112.79,0.77,0.09
3679,1011.33,44623,0.55,0.02
3680,258.69,2944.06,0.55,0.09
3681,331.59,4625.82,0.53,0.07
3682,402.24,10449.1,0.81,0.04
3683,397.53,8120.08,0.65,0.05
3684,258.64,4138.75,0.78,0.06
3685,380.94,6693.91,0.58,0.06
3686,3421.25,267245,0.29,0.01
3687,387.67,9389.79,0.78,0.04
3688,516.18,15892.3,0.75,0.03
3689,385.58,6742.55,0.57,0.06
3690,418.4,10808.5,0.78,0.04
3691,516.29,13812.8,0.65,0.04
3692,458.97,8723.3,0.52,0.05
3693,813.21,33586.2,0.64,0.02
3694,402.4,9946.89,0.77,0.04
3695,2387.09,233249,0.51,0.01
3696,2414.65,163832,0.35,0.01
3697,1790.51,90166.5,0.35,0.02
3698,821.84,38064,0.71,0.02
3699,317.35,4809.29,0.6,0.07
3700,691.39,22817.4,0.6,0.03
3701,273.52,3890.95,0.65,0.07
3702,327.41,5704.86,0.67,0.06
3703,12129.8,3972880,0.34,0
3704,3245.91,219901,0.26,0.01
3705,148.97,1321.61,0.75,0.11
3706,596.5,20386.3,0.72,0.03
3707,489.09,9045.3,0.47,0.05
3708,505.91,11897.4,0.58,0.04
3709,277.85,4881.34,0.79,0.06
3710,420.02,10494,0.75,0.04
3711,457.55,12980,0.78,0.04
3712,233.91,2093.19,0.48,0.11
3713,262.67,3531.11,0.64,0.07
3714,367.81,3582.81,0.33,0.1
3715,748.35,17824.5,0.4,0.04
3716,657.62,24372.2,0.71,0.03
3717,1014.68,35338.1,0.43,0.03
3718,469.88,12355.4,0.7,0.04
3719,592.55,16638.1,0.6,0.04
3720,1743.32,180435,0.75,0.01
3721,1040.45,66672.5,0.77,0.02
3722,223.71,2700.33,0.68,0.08
3723,1590.26,100472,0.5,0.02
3724,1257.73,67069.7,0.53,0.02
3725,1429.41,121301,0.75,0.01
3726,1467.35,46906.3,0.27,0.03
3727,148.49,289.25,0.16,0.51
3728,265.88,2919.32,0.52,0.09
3729,228.34,1193.39,0.29,0.19
3730,130.79,684.16,0.5,0.19
3731,248.66,1262.4,0.26,0.2
3732,1130.05,49252.3,0.48,0.02
3733,310.47,6030.26,0.79,0.05
3734,203.8,2216.65,0.67,0.09
3735,396.51,9184.62,0.73,0.04
3736,5100.04,1097760,0.53,0
3737,2621.56,320939,0.59,0.01
3738,928.66,44540.3,0.65,0.02
3739,764.32,40282.8,0.87,0.02
3740,809.55,33866.1,0.65,0.02
3741,526.37,14484.2,0.66,0.04
3742,1309.53,50816.8,0.37,0.03
3743,1364.09,90399.6,0.61,0.02
3744,544.93,15674.7,0.66,0.03
3745,696.22,25063.6,0.65,0.03
3746,4629.53,464946,0.27,0.01
3747,2594.41,241077,0.45,0.01
3748,2311.4,175541,0.41,0.01
3749,1253.14,75036,0.6,0.02
3750,1360.5,83415.1,0.57,0.02
3751,477.3,6936.46,0.38,0.07
3752,4052.69,498022,0.38,0.01
3753,5150.19,291325,0.14,0.02
3754,235.36,2920.49,0.66,0.08
3755,357.63,7230.85,0.71,0.05
3756,329.66,6679.6,0.77,0.05
3757,987.01,37380.9,0.48,0.03
3758,114.85,799.45,0.76,0.14
3759,1065.26,31684,0.35,0.03
3760,557.64,9565.65,0.39,0.06
3761,1336.22,91499.8,0.64,0.01
3762,882.81,20130.3,0.32,0.04
3763,600.76,11554.6,0.4,0.05
3764,534.28,8981.81,0.4,0.06
3765,7773.52,1955650,0.41,0
3766,289.7,5244.7,0.78,0.06
3767,621.02,22741.3,0.74,0.03
3768,3176.21,360930,0.45,0.01
3769,1421.45,114331,0.71,0.01
3770,1811.5,199383,0.76,0.01
3771,9822.5,3100350,0.4,0
3772,787.43,24447.9,0.5,0.03
3773,1329.67,105661,0.75,0.01
3774,5553.86,1012470,0.41,0.01
3775,984.45,31921.5,0.41,0.03
3776,699.48,20005.8,0.51,0.03
3777,705.47,22407,0.57,0.03
3778,1458.44,120971,0.71,0.01
3779,1940.59,136491,0.46,0.01
3780,1530.96,123160,0.66,0.01
3781,589.05,20757.4,0.75,0.03
3782,1617.81,136029,0.65,0.01
3783,2075.63,149007,0.43,0.01
3784,2586.5,387081,0.73,0.01
3785,375.94,8337.8,0.74,0.05
3786,440.34,11228.2,0.73,0.04
3787,3970.31,706804,0.56,0.01
3788,569.72,18502,0.72,0.03
3789,645.62,25734.8,0.78,0.03
3790,277.5,2088.4,0.34,0.13
3791,1289.71,82552,0.62,0.02
3792,207.07,1742.63,0.51,0.12
3793,532.11,5512.3,0.24,0.1
3794,1810.26,57188.9,0.22,0.03
3795,507.24,16173.6,0.79,0.03
3796,304.18,5415.38,0.74,0.06
3797,652.2,17555.2,0.52,0.04
3798,169.19,781.61,0.34,0.22
3799,204.48,979.69,0.29,0.21
3800,442.1,8621.13,0.55,0.05
3801,442.66,5113.89,0.33,0.09
3802,213.44,2819.15,0.78,0.08
3803,213.89,2827.01,0.78,0.08
3804,306.69,5133.17,0.69,0.06
3805,285.03,4477.32,0.69,0.06
3806,318.4,6111.37,0.76,0.05
3807,334.66,6614.22,0.74,0.05
3808,287.92,4640.32,0.7,0.06
3809,248.66,3858.22,0.78,0.06
3810,302.5,4932.71,0.68,0.06
3811,224.69,1513.97,0.38,0.15
3812,187.33,1909.5,0.68,0.1
3813,265.78,4051.13,0.72,0.07
3814,489.6,13368.1,0.7,0.04
3815,982.48,51541.6,0.67,0.02
3816,912.83,53018.7,0.8,0.02
3817,418.28,10182.4,0.73,0.04
3818,642.88,19729.8,0.6,0.03
3819,1317.81,100414,0.73,0.01
3820,472.49,13537.5,0.76,0.03
3821,241.19,3581.53,0.77,0.07
3822,277.05,4770.09,0.78,0.06
3823,306.26,5772.24,0.77,0.05
3824,1326.23,32973.3,0.24,0.04
3825,1363.1,83309.2,0.56,0.02
3826,958.73,57391.2,0.78,0.02
3827,693.5,26758.1,0.7,0.03
3828,337,6233.93,0.69,0.05
3829,280.55,1991.89,0.32,0.14
3830,887.09,31786.2,0.51,0.03
3831,213.63,1661.14,0.46,0.13
3832,454.9,3611.41,0.22,0.13
3833,129.31,1091.14,0.82,0.12
3834,7447.16,1801860,0.41,0
3835,1152.52,63381.5,0.6,0.02
3836,741.08,28804.3,0.66,0.03
3837,275.18,4579.22,0.76,0.06
3838,242.19,3684.81,0.79,0.07
3839,404.14,7498.62,0.58,0.05
3840,398.94,9791.01,0.77,0.04
3841,1070.71,35867.4,0.39,0.03
3842,374.23,7796.78,0.7,0.05
3843,6378.87,2191680,0.68,0
3844,694.39,22506.7,0.59,0.03
3845,683.16,26288.5,0.71,0.03
3846,1298.69,85327,0.64,0.02
3847,1352.57,102090,0.7,0.01
3848,466.87,8883,0.51,0.05
3849,867.27,44045.8,0.74,0.02
3850,311.61,5774,0.75,0.05
3851,716.83,21386.5,0.52,0.03
3852,583.93,15908,0.59,0.04
3853,2772.45,200469,0.33,0.01
3854,1017.89,33790.4,0.41,0.03
3855,791.21,19246.4,0.39,0.04
3856,246.86,2954.03,0.61,0.08
3857,358.32,5656.1,0.55,0.06
3858,124471,155868000,0.13,0
3859,1468.02,75442.4,0.44,0.02
3860,999.71,24455.1,0.31,0.04
3861,849.76,15680.8,0.27,0.05
3862,2635.89,214267,0.39,0.01
3863,4943.41,457499,0.24,0.01
3864,1585.2,70806.2,0.35,0.02
3865,2399.49,240972,0.53,0.01
3866,853.47,28506.4,0.49,0.03
3867,601.24,13741.3,0.48,0.04
3868,665.75,16406.7,0.46,0.04
3869,1165.75,41397.2,0.38,0.03
3870,546.19,12479.5,0.53,0.04
3871,1242.37,61638.1,0.5,0.02
3872,1420.35,54465.3,0.34,0.03
3873,1531.97,37454.3,0.2,0.04
3874,1087.61,41379.7,0.44,0.03
3875,1129.24,61896.6,0.61,0.02
3876,1686.71,128548,0.57,0.01
3877,1568.35,110842,0.57,0.01
3878,1077.66,37028.3,0.4,0.03
3879,989.1,38825.3,0.5,0.03
3880,637.4,14798.2,0.46,0.04
3881,657.04,22821.5,0.66,0.03
3882,664.39,19083.2,0.54,0.03
3883,1506.41,97589.2,0.54,0.02
3884,329.96,7420.26,0.86,0.04
3885,1477.69,52403.1,0.3,0.03
3886,981.25,60211.8,0.79,0.02
3887,351.01,6736.3,0.69,0.05
3888,1037.9,49314.2,0.57,0.02
3889,2231.76,155111,0.39,0.01
3890,281.88,4788.9,0.76,0.06
3891,401.1,9090.96,0.71,0.04
3892,1890.12,108292,0.38,0.02
3893,1300.74,76383.8,0.57,0.02
3894,1495.84,42804.3,0.24,0.03
3895,737.24,21488.3,0.5,0.03
3896,2165.45,295858,0.79,0.01
3897,2513.75,304512,0.61,0.01
3898,697.33,11352.1,0.29,0.06
3899,602.7,20011,0.69,0.03
3900,606.26,20965.1,0.72,0.03
3901,464.22,12381.5,0.72,0.04
3902,1904.49,153240,0.53,0.01
3903,1575.74,94202.8,0.48,0.02
3904,646.95,24963,0.75,0.03
3905,729.27,35510.3,0.84,0.02
3906,1861.94,128643,0.47,0.01
3907,2069.45,103174,0.3,0.02
3908,701.16,18423.4,0.47,0.04
3909,1624.74,80782.9,0.38,0.02
3910,2513.11,124309,0.25,0.02
3911,97.19,506.89,0.67,0.19
3912,1069.71,20160,0.22,0.05
3913,1659.71,108464,0.49,0.02
3914,1634.38,96005.4,0.45,0.02
3915,1734.81,117323,0.49,0.01
3916,621.43,16486.6,0.54,0.04
3917,73.97,269.47,0.62,0.27
3918,2176.7,106930,0.28,0.02
3919,425.73,7350.27,0.51,0.06
3920,1015.55,19498.8,0.24,0.05
3921,467.29,11715.2,0.67,0.04
3922,14050,8910160,0.57,0
3923,18.59,14.91,0.54,1.25
3924,2413.17,260939,0.56,0.01
3925,4228.58,693020,0.49,0.01
3926,1408.08,129765,0.82,0.01
3927,1782.14,151919,0.6,0.01
3928,714.23,15565.7,0.38,0.05
3929,348.15,6486.72,0.67,0.05
3930,98.22,291.29,0.38,0.34
3931,346.99,5844.34,0.61,0.06
3932,623.55,20485.1,0.66,0.03
3933,917.53,40549.3,0.6,0.02
3934,1787.2,82375,0.32,0.02
3935,1119.43,49100.4,0.49,0.02
3936,510.15,13678.6,0.66,0.04
3937,831.32,28882.8,0.52,0.03
3938,1520.49,139582,0.76,0.01
3939,1218.18,36293.6,0.31,0.03
3940,588.81,17305.8,0.63,0.03
3941,244.71,3770.35,0.79,0.06
3942,565.21,17130.8,0.67,0.03
3943,7142.87,1180040,0.29,0.01
3944,1626.49,110153,0.52,0.01
3945,3086.75,176174,0.23,0.02
3946,3529.22,613005,0.62,0.01
3947,29648.1,13080500,0.19,0
3948,542.57,18037.6,0.77,0.03
3949,2253.97,211994,0.52,0.01
3950,662.47,14091.2,0.4,0.05
3951,934.13,37392.8,0.54,0.02
3952,921.59,31905.6,0.47,0.03
3953,211.76,2592.75,0.73,0.08
3954,1577.47,61095.4,0.31,0.03
3955,264.97,3059.13,0.55,0.09
3956,436.8,6948,0.46,0.06
3957,1672.54,135343,0.61,0.01
3958,1111.18,43890.9,0.45,0.03
3959,2215.25,110698,0.28,0.02
3960,1739.91,100282,0.42,0.02
3961,1906.63,110201,0.38,0.02
3962,345.75,4878.82,0.51,0.07
3963,559.79,16519.5,0.66,0.03
3964,128.23,825.22,0.63,0.16
3965,2562.16,154319,0.3,0.02
3966,1637.91,116526,0.55,0.01
3967,167.39,1209.15,0.54,0.14
3968,1656.76,77155,0.35,0.02
3969,1073.91,48334.4,0.53,0.02
3970,856.8,34803.3,0.6,0.02
3971,995.31,40341,0.51,0.02
3972,3550.49,422217,0.42,0.01
3973,723.53,23009.4,0.55,0.03
3974,1518.73,69039.4,0.38,0.02
3975,269.5,3445.26,0.6,0.08
3976,5078.28,916615,0.45,0.01
3977,1212.57,52094.3,0.45,0.02
3978,620.3,20655.6,0.67,0.03
3979,683.49,30664.9,0.82,0.02
3980,727.36,33420.4,0.79,0.02
3981,1175.92,37326.7,0.34,0.03
3982,1197.97,33946.7,0.3,0.04
3983,1070.45,26698.9,0.29,0.04
3984,426.6,6377.17,0.44,0.07
3985,2100.91,176336,0.5,0.01
3986,1612.6,113604,0.55,0.01
3987,2376,183947,0.41,0.01
3988,70.88,263.48,0.66,0.27
3989,2255.56,198190,0.49,0.01
3990,1640.43,77726.9,0.36,0.02
3991,1548.89,108846,0.57,0.01
3992,1487.41,93165.9,0.53,0.02
3993,1586.31,102389,0.51,0.02
3994,1522.68,86228,0.47,0.02
3995,672.18,23266.8,0.65,0.03
3996,1085.23,62867.8,0.67,0.02
3997,285.95,3747.17,0.58,0.08
3998,1260.78,58257.3,0.46,0.02
3999,4959.77,447062,0.23,0.01
4000,720.25,26715.5,0.65,0.03
4001,599.37,19873.4,0.69,0.03
4002,844.16,41802.1,0.74,0.02
4003,476.48,14070.8,0.78,0.03
4004,3496.23,464112,0.48,0.01
4005,726.32,28841.8,0.69,0.03
4006,3290.41,304912,0.35,0.01
4007,1219.36,69116.9,0.58,0.02
4008,1020.12,51574.4,0.62,0.02
4009,686.3,22092.2,0.59,0.03
4010,789.43,22655.8,0.46,0.03
4011,1356.33,90878.7,0.62,0.01
4012,627.39,18707.3,0.6,0.03
4013,2049.87,138989,0.42,0.01
4014,2166.02,165202,0.44,0.01
4015,1390.81,91240.5,0.59,0.02
4016,628.98,23760.9,0.75,0.03
4017,1227.48,72601,0.61,0.02
4018,1533.01,77807.1,0.42,0.02
4019,658.24,27279.1,0.79,0.02
4020,1178.15,51950.9,0.47,0.02
4021,708.76,18669.9,0.47,0.04
4022,993.03,44705.8,0.57,0.02
4023,639.48,23836.3,0.73,0.03
4024,840.39,24098.4,0.43,0.03
4025,1472.6,131100,0.76,0.01
4026,334.98,6700.31,0.75,0.05
4027,548.45,19072.1,0.8,0.03
4028,5219.52,564175,0.26,0.01
4029,5349.77,895193,0.39,0.01
4030,1441.19,94333.1,0.57,0.02
4031,297.85,5537.08,0.78,0.05
4032,297.25,5513.74,0.78,0.05
4033,813.43,39014.7,0.74,0.02
4034,480.22,13440.3,0.73,0.04
4035,583.85,20165.3,0.74,0.03
4036,829.72,27875.8,0.51,0.03
4037,714.57,30501.7,0.75,0.02
4038,672.51,26417.1,0.73,0.03
4039,672.19,24908.8,0.69,0.03
4040,459.38,12046.1,0.72,0.04
4041,507.76,15288.9,0.74,0.03
4042,1371.08,87706.5,0.59,0.02
4043,732.16,32178.1,0.75,0.02
4044,918.92,19615.2,0.29,0.05
4045,990.69,58103.3,0.74,0.02
4046,1052.31,44984.1,0.51,0.02
4047,1135.32,63362.8,0.62,0.02
4048,604.82,17714.9,0.61,0.03
4049,1214.8,74401,0.63,0.02
4050,1570.47,124717,0.64,0.01
4051,678.98,27049.5,0.74,0.03
4052,1513.64,93491.4,0.51,0.02
4053,855.29,42139.9,0.72,0.02
4054,760.07,20827.7,0.45,0.04
4055,1419.78,89314.6,0.56,0.02
4056,519.7,11157.2,0.52,0.05
4057,4678.37,824385,0.47,0.01
4058,1776.85,160490,0.64,0.01
4059,603.64,18763.9,0.65,0.03
4060,196.22,1924.8,0.63,0.1
4061,1597.05,101653,0.5,0.02
4062,831.02,38376,0.7,0.02
4063,587.03,13795.5,0.5,0.04
4064,630.12,19433,0.61,0.03
4065,841.56,33928.1,0.6,0.02
4066,1653.5,109634,0.5,0.02
4067,528.19,14250.9,0.64,0.04
4068,1079.84,62225.4,0.67,0.02
4069,322.13,5500.36,0.67,0.06
4070,454.14,7563.85,0.46,0.06
4071,512.04,14803.8,0.71,0.03
4072,309.76,5165.77,0.68,0.06
4073,1449.6,128912,0.77,0.01
4074,489.62,10773.3,0.56,0.05
4075,1479.62,109560,0.63,0.01
4076,1055.65,45220.4,0.51,0.02
4077,927.01,43364.9,0.63,0.02
4078,1549.09,143851,0.75,0.01
4079,823.67,37155.4,0.69,0.02
4080,1698.18,95230,0.41,0.02
4081,925.44,47731.7,0.7,0.02
4082,673.19,25200,0.7,0.03
4083,725.03,31626.5,0.76,0.02
4084,913.86,43326.1,0.65,0.02
4085,1769.87,205381,0.82,0.01
4086,1251.86,100257,0.8,0.01
4087,8320.99,3120670,0.57,0
4088,9451.33,3928040,0.55,0
4089,1416.29,91599.4,0.57,0.02
4090,882.95,35182.1,0.57,0.03
4091,2666.01,237154,0.42,0.01
4092,461.97,14102.5,0.83,0.03
4093,783.82,39094,0.8,0.02
4094,286.47,3426.94,0.52,0.08
4095,1050.88,49671.1,0.56,0.02
4096,453.59,8580.64,0.52,0.05
4097,558.95,13193.7,0.53,0.04
4098,271.66,4604.46,0.78,0.06
4099,2245.41,210539,0.52,0.01
4100,2225.56,259615,0.66,0.01
4101,261.01,3888.24,0.72,0.07
4102,307.42,5684.99,0.76,0.05
4103,46068.2,47754500,0.28,0
4104,780.55,38573.9,0.8,0.02
4105,1882.41,161980,0.57,0.01
4106,2328.31,186799,0.43,0.01
4107,366.79,8208.54,0.77,0.04
4108,382.69,7904.38,0.68,0.05
4109,670.71,26207,0.73,0.03
4110,2075.05,112430,0.33,0.02
4111,2098.83,105550,0.3,0.02
4112,1666.71,37222.7,0.17,0.04
4113,1339.61,45818.7,0.32,0.03
4114,1594,117049,0.58,0.01
4115,3212.52,280608,0.34,0.01
4116,171.49,1655.68,0.71,0.1
4117,993.52,47215.9,0.6,0.02
4118,521.06,12803.6,0.59,0.04
4119,8486.87,3428820,0.6,0
4120,509.55,13835.6,0.67,0.04
4121,1626.43,159848,0.76,0.01
4122,1628.78,167454,0.79,0.01
4123,1157.44,73892.6,0.69,0.02
4124,1672.3,103248,0.46,0.02
4125,787.79,33924,0.69,0.02
4126,288.94,5171.54,0.78,0.06
4127,496.21,12258.3,0.63,0.04
4128,412.93,3799.06,0.28,0.11
4129,682.89,21259.7,0.57,0.03
4130,519.56,10588.4,0.49,0.05
4131,523.96,14948.6,0.68,0.04
4132,429.84,10750,0.73,0.04
4133,570.82,9268.55,0.36,0.06
4134,655.4,18366.9,0.54,0.04
4135,460.61,13196.5,0.78,0.03
4136,404.28,10209.5,0.78,0.04
4137,1537.16,85255.5,0.45,0.02
4138,2542.28,165298,0.32,0.02
4139,1060.14,46825.7,0.52,0.02
4140,422.42,10146.6,0.71,0.04
4141,1629.89,151583,0.72,0.01
4142,627.18,18954.1,0.61,0.03
4143,994.34,42700.5,0.54,0.02
4144,984.66,43304.5,0.56,0.02
4145,493.98,13835.4,0.71,0.04
4146,447.26,12397.4,0.78,0.04
4147,1316.67,51098.7,0.37,0.03
4148,687.18,17872.3,0.48,0.04
4149,579.26,17260.3,0.65,0.03
4150,523.05,14005.5,0.64,0.04
4151,1350.59,106914,0.74,0.01
4152,467.26,10388.9,0.6,0.04
4153,1624.31,120136,0.57,0.01
4154,252.39,3805.4,0.75,0.07
4155,1976.86,189906,0.61,0.01
4156,14033.3,6208770,0.4,0
4157,494.12,11564,0.59,0.04
4158,294.56,5419.66,0.78,0.05
4159,546.03,9985.36,0.42,0.05
4160,693.56,29989.8,0.78,0.02
4161,133.8,906.35,0.64,0.15
4162,883.84,32361.5,0.52,0.03
4163,564.83,9552.74,0.38,0.06
4164,529.55,16599.9,0.74,0.03
4165,789.04,24854.2,0.5,0.03
4166,379.32,6201.56,0.54,0.06
4167,486.43,13440.2,0.71,0.04
4168,936,42804.9,0.61,0.02
4169,7147.3,2883880,0.71,0
4170,262.39,4082.71,0.74,0.06
4171,775.52,29208,0.61,0.03
4172,676.1,24704.4,0.68,0.03
4173,1527.03,62336.1,0.34,0.02
4174,635.86,15927.8,0.49,0.04
4175,982.34,58790,0.77,0.02
4176,1848.45,204355,0.75,0.01
4177,1572.9,65811.6,0.33,0.02
4178,1219.88,88652.6,0.75,0.01
4179,703.99,24230.1,0.61,0.03
4180,476.78,11200.1,0.62,0.04
4181,635.29,13386.3,0.42,0.05
4182,1475.87,121607,0.7,0.01
4183,2528.43,229244,0.45,0.01
4184,1654.82,133611,0.61,0.01
4185,1169.17,75362.3,0.69,0.02
4186,284.7,4442.73,0.69,0.06
4187,440.35,12500.7,0.81,0.04
4188,297.47,5548.42,0.79,0.05
4189,114.8,592.24,0.56,0.19
4190,862.48,19651.7,0.33,0.04
4191,1329.9,84118.6,0.6,0.02
4192,752.37,33751.4,0.75,0.02
4193,528.78,18102.3,0.81,0.03
4194,862.95,48024.7,0.81,0.02
4195,394.36,9201.53,0.74,0.04
4196,490.21,11453.3,0.6,0.04
4197,569.8,19849.1,0.77,0.03
4198,1532.34,64688.7,0.35,0.02
4199,452.55,12593,0.77,0.04
4200,665.68,27899,0.79,0.02
4201,550.02,15296.3,0.64,0.04
4202,830.93,35817,0.65,0.02
4203,1153.2,74395.3,0.7,0.02
4204,670.95,26973.7,0.75,0.02
4205,644.91,24022.9,0.73,0.03
4206,925.92,48504.3,0.71,0.02
4207,1609.59,111487,0.54,0.01
4208,1993.39,214986,0.68,0.01
4209,628.72,23488.7,0.75,0.03
4210,592.33,14686.7,0.53,0.04
4211,469.42,7846.36,0.45,0.06
4212,344.02,3998.38,0.42,0.09
4213,2194.65,223269,0.58,0.01
4214,953.15,51187.6,0.71,0.02
4215,409.68,8058.47,0.6,0.05
4216,257.22,3581.57,0.68,0.07
4217,517.67,16225.5,0.76,0.03
4218,1288.85,73229.9,0.55,0.02
4219,584.78,19115.5,0.7,0.03
4220,411.55,9883.41,0.73,0.04
4221,402.54,10559.1,0.82,0.04
4222,438.42,10455.5,0.68,0.04
4223,430.01,8830.59,0.6,0.05
4224,469.56,9256.93,0.53,0.05
4225,412.03,10980.6,0.81,0.04
4226,1003.32,67168.6,0.84,0.01
4227,414.81,10691.2,0.78,0.04
4228,3344.45,319252,0.36,0.01
4229,868.31,30892.7,0.51,0.03
4230,985.57,53015.2,0.69,0.02
4231,2029.94,125217,0.38,0.02
4232,638.86,13423.8,0.41,0.05
4233,647.2,19290,0.58,0.03
4234,1494.82,135543,0.76,0.01
4235,964.52,27496.8,0.37,0.04
4236,654.86,21296.7,0.62,0.03
4237,238.68,2634.52,0.58,0.09
4238,844.39,32748.4,0.58,0.03
4239,825.08,28782.7,0.53,0.03
4240,1012.5,47279,0.58,0.02
4241,1649.66,121377,0.56,0.01
4242,45.47,83.01,0.5,0.55
4243,833.84,32114.8,0.58,0.03
4244,504.1,13844.8,0.68,0.04
4245,914.13,31712.8,0.48,0.03
4246,389.44,6451.12,0.53,0.06
4247,985.16,46616.5,0.6,0.02
4248,488.17,8958.91,0.47,0.05
4249,1505.54,81758.1,0.45,0.02
4250,948.29,42003.2,0.59,0.02
4251,1300.1,68285.4,0.51,0.02
4252,1462.06,87687.6,0.52,0.02
4253,990.56,26317,0.34,0.04
4254,345.69,7153.64,0.75,0.05
4255,1343.47,46194.1,0.32,0.03
4256,1043.37,36584,0.42,0.03
4257,438.44,7007.6,0.46,0.06
4258,90.55,388.15,0.59,0.23
4259,300.43,3626.95,0.5,0.08
4260,287.95,4210.16,0.64,0.07
4261,477.09,12212.3,0.67,0.04
4262,496.6,13955.8,0.71,0.04
4263,301.82,5656.12,0.78,0.05
4264,204.2,1783.71,0.54,0.11
4265,378.74,7782.1,0.68,0.05
4266,989.27,56947.9,0.73,0.02
4267,1086.24,72540.3,0.77,0.01
4268,786.77,37110.4,0.75,0.02
4269,1011.33,64358.6,0.79,0.02
4270,313.55,6208.97,0.79,0.05
4271,2730.51,304868,0.51,0.01
4272,8761.05,3745720,0.61,0
4273,2346.48,208630,0.48,0.01
4274,1834.76,187080,0.7,0.01
4275,701.46,19914.3,0.51,0.04
4276,2050.32,152185,0.45,0.01
4277,423.13,11378,0.8,0.04
4278,550.41,12339.8,0.51,0.04
4279,8712.25,2954890,0.49,0
4280,759.43,34787.6,0.76,0.02
4281,607.82,20345.4,0.69,0.03
4282,526.71,12521.2,0.57,0.04
4283,652.1,25010.4,0.74,0.03
4284,569.32,19646.7,0.76,0.03
4285,303.94,5088.58,0.69,0.06
4286,785.35,33114.9,0.67,0.02
4287,552.89,18812.3,0.77,0.03
4288,7412.3,3278120,0.75,0
4289,342.66,7100.82,0.76,0.05
4290,645.67,19489.4,0.59,0.03
4291,665.21,21395.6,0.61,0.03
4292,717.76,30947.2,0.75,0.02
4293,837.22,28448.5,0.51,0.03
4294,1209.27,90527.7,0.78,0.01
4295,1834.38,147737,0.55,0.01
4296,1668.94,75200.5,0.34,0.02
4297,883.94,45752.1,0.74,0.02
4298,7857.04,3312870,0.67,0
4299,4681.58,1225060,0.7,0
4300,1373.14,117831,0.78,0.01
4301,853.88,36014.3,0.62,0.02
4302,4890.54,302080,0.16,0.02
4303,420.28,8472.96,0.6,0.05
4304,4850.45,1277130,0.68,0
4305,361.52,7489.23,0.72,0.05
4306,2328.61,282511,0.65,0.01
4307,901.83,37169.3,0.57,0.02
4308,248.56,3673.78,0.75,0.07
4309,1496.31,92321.4,0.52,0.02
4310,579.97,19132.9,0.71,0.03
4311,1446.1,59938.3,0.36,0.02
4312,601.47,18975.2,0.66,0.03
4313,702.04,27082.7,0.69,0.03
4314,849.93,46315.2,0.81,0.02
4315,619.03,20780.2,0.68,0.03
4316,642.62,4877.95,0.15,0.13
4317,15591.9,6686340,0.35,0
4318,889.97,47673.7,0.76,0.02
4319,867.44,45661.8,0.76,0.02
4320,851.33,25714.5,0.45,0.03
4321,835.32,21708,0.39,0.04
4322,1073.49,45178.4,0.49,0.02
4323,856.27,25203.3,0.43,0.03
4324,1230.44,69297.2,0.57,0.02
4325,1311.26,69574.6,0.51,0.02
4326,815.64,34164.1,0.65,0.02
4327,1567.46,131374,0.67,0.01
4328,398.48,9877.89,0.78,0.04
4329,415.95,9317.37,0.68,0.04
4330,380.15,8258.3,0.72,0.05
4331,364.42,8394.87,0.79,0.04
4332,325.05,5845.61,0.69,0.06
4333,1020.59,36132.4,0.44,0.03
4334,1817.94,83126.3,0.32,0.02
4335,3095.52,209870,0.28,0.01
4336,4286,763501,0.52,0.01
4337,2063.97,233606,0.69,0.01
4338,661.93,13202.4,0.38,0.05
4339,716.59,17941.8,0.44,0.04
4340,1264.36,84980.5,0.67,0.01
4341,1621.76,96952.5,0.46,0.02
4342,3085.17,379876,0.5,0.01
4343,545.14,12318.4,0.52,0.04
4344,1596.48,97708.6,0.48,0.02
4345,2064.15,210900,0.62,0.01
4346,2540.35,292432,0.57,0.01
4347,1658.21,61709.6,0.28,0.03
4348,417.14,4784.66,0.35,0.09
4349,378.76,8770.45,0.77,0.04
4350,1726.78,108218,0.46,0.02
4351,687.36,25716.3,0.68,0.03
4352,726.37,32467.8,0.77,0.02
4353,471.06,7171.92,0.41,0.07
4354,1985.04,124360,0.4,0.02
4355,314.95,4915.49,0.62,0.06
4356,291.81,3685.69,0.54,0.08
4357,283.3,3529.36,0.55,0.08
4358,309.56,4986.67,0.65,0.06
4359,284.15,3578.03,0.56,0.08
4360,292.76,3699.51,0.54,0.08
4361,293.86,3736.27,0.54,0.08
4362,302.43,4211.33,0.58,0.07
4363,294.24,4079.28,0.59,0.07
4364,285.55,3636.78,0.56,0.08
4365,292,3750.47,0.55,0.08
4366,2214.81,166954,0.43,0.01
4367,1730.38,105301,0.44,0.02
4368,302.62,4535.97,0.62,0.07
4369,311.83,4948.41,0.64,0.06
4370,314.39,4982.73,0.63,0.06
4371,279.66,2997.48,0.48,0.09
4372,286.45,3595.45,0.55,0.08
4373,74.63,311.49,0.7,0.24
4374,291.15,3656.12,0.54,0.08
4375,336.94,6240.21,0.69,0.05
4376,296.88,4089.62,0.58,0.07
4377,289.74,3682.74,0.55,0.08
4378,307.58,4447.51,0.59,0.07
4379,296.51,4088.03,0.58,0.07
4380,291.64,3773.92,0.56,0.08
4381,298.62,4176.31,0.59,0.07
4382,295.14,4101.08,0.59,0.07
4383,291.46,3694.7,0.55,0.08
4384,295.63,3879.75,0.56,0.08
4385,289.14,3764.7,0.57,0.08
4386,302.58,4231.5,0.58,0.07
4387,293.71,4032.69,0.59,0.07
4388,637.52,11339.1,0.35,0.06
4389,342.12,3531.6,0.38,0.1
4390,505.12,14158.6,0.7,0.04
4391,1158.31,73712.4,0.69,0.02
4392,2065.92,126058,0.37,0.02
4393,688.54,21994.3,0.58,0.03
4394,1641.1,115279,0.54,0.01
4395,1838.52,198809,0.74,0.01
4396,2238.51,274295,0.69,0.01
4397,1620.43,125102,0.6,0.01
4398,1125.11,67798.8,0.67,0.02
4399,5446.93,1077920,0.46,0.01
4400,1092.77,43087.6,0.45,0.03
4401,2464.01,336759,0.7,0.01
4402,1522.56,100496,0.54,0.02
4403,2616.73,399685,0.73,0.01
4404,1045.96,57845.8,0.66,0.02
4405,1742.82,130849,0.54,0.01
4406,3628.92,459400,0.44,0.01
4407,3267.42,293544,0.35,0.01
4408,1188.17,77869.9,0.69,0.02
4409,980.46,50149.9,0.66,0.02
4410,530.98,14384.1,0.64,0.04
4411,505.57,14290.7,0.7,0.04
4412,1522.37,115575,0.63,0.01
4413,918.06,48108.8,0.72,0.02
4414,382.86,7644.25,0.66,0.05
4415,605.23,22126.5,0.76,0.03
4416,477.76,8486.69,0.47,0.06
4417,912.83,53841.9,0.81,0.02
4418,891.52,31614.2,0.5,0.03
4419,1275.72,82479.3,0.64,0.02
4420,1567.32,144433,0.74,0.01
4421,1457.27,134426,0.8,0.01
4422,741.77,29116.8,0.66,0.03
4423,666.81,24939.2,0.7,0.03
4424,1224.96,73495.5,0.62,0.02
4425,501.52,15237.3,0.76,0.03
4426,771.3,26386.4,0.56,0.03
4427,1211.74,63683.9,0.54,0.02
4428,1006.18,9877.05,0.12,0.1
4429,1830.81,180991,0.68,0.01
4430,1874.83,179462,0.64,0.01
4431,1757.63,120456,0.49,0.01
4432,624.51,17048.1,0.55,0.04
4433,610.66,20459.6,0.69,0.03
4434,2091.1,252798,0.73,0.01
4435,1080.53,61930.2,0.67,0.02
4436,522.4,16368.4,0.75,0.03
4437,615.8,15762.9,0.52,0.04
4438,2270.75,252585,0.62,0.01
4439,1390.53,110082,0.72,0.01
4440,805,31246,0.61,0.03
4441,442.74,12188.9,0.78,0.04
4442,2382.72,346275,0.77,0.01
4443,858.9,46424,0.79,0.02
4444,740.42,34462.4,0.79,0.02
4445,1202.28,75856.3,0.66,0.02
4446,6244.86,1594800,0.51,0
4447,352.01,5332.39,0.54,0.07
4448,2879.27,459817,0.7,0.01
4449,1249.64,87010.7,0.7,0.01
4450,1297.65,70734.3,0.53,0.02
4451,597.13,15702.1,0.55,0.04
4452,482.52,10910.3,0.59,0.04
4453,908.14,41029,0.62,0.02
4454,1117.77,75162.4,0.76,0.01
4455,1875.89,134539,0.48,0.01
4456,580.92,17781.5,0.66,0.03
4457,536.74,15278.6,0.67,0.04
4458,645.19,24670.5,0.74,0.03
4459,688.63,25461.2,0.67,0.03
4460,669.78,29460.7,0.82,0.02
4461,503.86,15893.4,0.79,0.03
4462,489.88,12506.1,0.65,0.04
4463,987.23,56100.4,0.72,0.02
4464,1733.78,130590,0.55,0.01
4465,635.25,19882,0.62,0.03
4466,969.42,54762.2,0.73,0.02
4467,1154.29,43742.7,0.41,0.03
4468,851.13,45429.9,0.79,0.02
4469,556.57,16065.1,0.65,0.03
4470,653.8,26559.9,0.78,0.02
4471,997.89,59837.4,0.75,0.02
4472,505.5,13251.9,0.65,0.04
4473,752.54,28513.5,0.63,0.03
4474,2041.84,153798,0.46,0.01
4475,2148.01,220715,0.6,0.01
4476,7244.72,1047780,0.25,0.01
4477,8908.24,1507420,0.24,0.01
4478,1377.35,102149,0.68,0.01
4479,3224.64,477669,0.58,0.01
4480,2704.5,430172,0.74,0.01
4481,1112.75,68082.4,0.69,0.02
4482,1051.82,60742.2,0.69,0.02
4483,865.71,31366.2,0.53,0.03
4484,2655.84,366198,0.65,0.01
4485,1357.63,75431.8,0.51,0.02
4486,2966.15,385293,0.55,0.01
4487,483.6,14009.7,0.75,0.03
4488,500.72,15211,0.76,0.03
4489,768.47,34195.8,0.73,0.02
4490,781.33,20097.6,0.41,0.04
4491,1186.67,82730.9,0.74,0.01
4492,988.4,56400.9,0.73,0.02
4493,1732.36,127497,0.53,0.01
4494,634.48,25125.6,0.78,0.03
4495,1098.86,66696.2,0.69,0.02
4496,1249.02,70185.2,0.57,0.02
4497,1432.12,107683,0.66,0.01
4498,467.84,13449.2,0.77,0.03
4499,998.02,41248.1,0.52,0.02
4500,1351.24,97647,0.67,0.01
4501,2022.12,104123,0.32,0.02
4502,1595.84,80095.7,0.4,0.02
4503,5665.24,1968990,0.77,0
4504,307.17,3957.77,0.53,0.08
4505,2085.38,209524,0.61,0.01
4506,1709.5,80274.5,0.35,0.02
4507,686.6,24754.9,0.66,0.03
4508,13759.1,6427050,0.43,0
4509,397.84,10005.2,0.79,0.04
4510,1666.59,119914,0.54,0.01
4511,3097.7,513215,0.67,0.01
4512,1216.51,80898.9,0.69,0.02
4513,996,59374.5,0.75,0.02
4514,2791.51,315546,0.51,0.01
4515,859.54,37256,0.63,0.02
4516,888.31,38377.1,0.61,0.02
4517,3362.93,539207,0.6,0.01
4518,732.82,20486.5,0.48,0.04
4519,740.05,26066.7,0.6,0.03
4520,718.33,27427.9,0.67,0.03
4521,1506.66,105476,0.58,0.01
4522,1295.54,104971,0.79,0.01
4523,1369.85,92507.9,0.62,0.01
4524,610.53,23449.5,0.79,0.03
4525,878.01,48493.7,0.79,0.02
4526,774.46,38008.9,0.8,0.02
4527,1089.47,44275.6,0.47,0.02
4528,715.43,23355.5,0.57,0.03
4529,578.81,14393.4,0.54,0.04
4530,955.29,45001.6,0.62,0.02
4531,678.07,24252.1,0.66,0.03
4532,438.83,8758.92,0.57,0.05
4533,371.83,7898.93,0.72,0.05
4534,1488.76,130419,0.74,0.01
4535,356.23,5874.35,0.58,0.06
4536,6578.52,2374240,0.69,0
4537,482.65,13627.5,0.73,0.04
4538,7702.41,887436,0.19,0.01
4539,1636.93,123801,0.58,0.01
4540,689.87,16976.5,0.45,0.04
4541,507.2,16850.4,0.82,0.03
4542,941.6,51777.5,0.73,0.02
4543,930.77,12877.2,0.19,0.07
4544,3191.04,265288,0.33,0.01
4545,781.97,29303.4,0.6,0.03
4546,1080.11,43779.2,0.47,0.02
4547,710.54,14024.7,0.35,0.05
4548,616.78,20468.2,0.68,0.03
4549,956.55,48333.2,0.66,0.02
4550,266.86,2397.68,0.42,0.11
4551,606.44,16939.8,0.58,0.04
4552,1144.75,50976,0.49,0.02
4553,3274.57,536644,0.63,0.01
4554,1938.4,209303,0.7,0.01
4555,2218.72,277105,0.71,0.01
4556,1195.42,80533.1,0.71,0.01
4557,719.03,23763.2,0.58,0.03
4558,1099.32,72785.4,0.76,0.02
4559,1629.23,141668,0.67,0.01
4560,438.82,11824.4,0.77,0.04
4561,485.77,14281.9,0.76,0.03
4562,626.34,21209,0.68,0.03
4563,713.1,31997.3,0.79,0.02
4564,2182.75,218491,0.58,0.01
4565,344.21,7059.28,0.75,0.05
4566,508.09,16168.1,0.79,0.03
4567,2439.15,191335,0.4,0.01
4568,3115.48,409157,0.53,0.01
4569,1813.32,194540,0.74,0.01
4570,1030.02,65686.8,0.78,0.02
4571,1739.57,116562,0.48,0.01
4572,1305.84,105020,0.77,0.01
4573,678.45,27888.5,0.76,0.02
4574,3219.05,530973,0.64,0.01
4575,1493.12,80528.7,0.45,0.02
4576,849.95,30045,0.52,0.03
4577,872.18,46494,0.77,0.02
4578,2364.67,343742,0.77,0.01
4579,727.49,29934.9,0.71,0.02
4580,1915.2,169398,0.58,0.01
4581,1460.69,104896,0.62,0.01
4582,898.53,38369.6,0.6,0.02
4583,1195.99,93128.9,0.82,0.01
4584,2168.5,139366,0.37,0.02
4585,644.72,19916.4,0.6,0.03
4586,280.95,4172.03,0.66,0.07
4587,4977.29,1026650,0.52,0
4588,1700.93,117236,0.51,0.01
4589,1283.35,78601.7,0.6,0.02
4590,1304.31,107381,0.79,0.01
4591,1438.86,95750.5,0.58,0.02
4592,924.1,39939.3,0.59,0.02
4593,877.06,40004.5,0.65,0.02
4594,720,27680.1,0.67,0.03
4595,4360.11,791977,0.52,0.01
4596,1203.08,86281.6,0.75,0.01
4597,1967.01,165075,0.54,0.01
4598,2636.14,254764,0.46,0.01
4599,1244.45,87808.4,0.71,0.01
4600,775.95,31540.3,0.66,0.02
4601,868.21,36951.4,0.62,0.02
4602,1001.18,57853.2,0.72,0.02
4603,383.15,7442.72,0.64,0.05
4604,1520.7,91464.5,0.5,0.02
4605,412.11,10299.5,0.76,0.04
4606,794.33,34603.3,0.69,0.02
4607,760.56,36539.1,0.79,0.02
4608,638.73,18880.5,0.58,0.03
4609,536.66,15841.5,0.69,0.03
4610,1800.13,124353,0.48,0.01
4611,584.69,18019.2,0.66,0.03
4612,839.4,45916,0.82,0.02
4613,660.69,21727,0.63,0.03
4614,877.81,33855,0.55,0.03
4615,1141.61,67941.8,0.65,0.02
4616,1640.22,111558,0.52,0.01
4617,1621.15,157544,0.75,0.01
4618,10849.2,5979940,0.64,0
4619,1429.69,116170,0.71,0.01
4620,171.75,1153.94,0.49,0.15
4621,14456.9,8950590,0.54,0
4622,1092.57,41745.9,0.44,0.03
4623,1393.17,95587,0.62,0.01
4624,794.67,33123.1,0.66,0.02
4625,707.76,24029.3,0.6,0.03
4626,4439.35,664094,0.42,0.01
4627,538.82,14223.3,0.62,0.04
4628,1665.56,108359,0.49,0.02
4629,1401.05,114954,0.74,0.01
4630,1452.63,126643,0.75,0.01
4631,1132,74691.1,0.73,0.02
4632,760.51,34464.1,0.75,0.02
4633,534.91,12168.7,0.53,0.04
4634,828.96,30410.5,0.56,0.03
4635,598.44,16938.1,0.59,0.04
4636,2461.06,294356,0.61,0.01
4637,2762.23,197304,0.32,0.01
4638,1679.4,134136,0.6,0.01
4639,1154.58,47373.6,0.45,0.02
4640,1005.4,62651,0.78,0.02
4641,1143.95,69518,0.67,0.02
4642,280.89,3839.17,0.61,0.07
4643,1283.98,34824.4,0.27,0.04
4644,1234.77,42573.5,0.35,0.03
4645,339.03,6285.28,0.69,0.05
4646,332.93,6277.31,0.71,0.05
4647,811.88,41302.2,0.79,0.02
4648,929.37,48048.8,0.7,0.02
4649,571.57,16684.4,0.64,0.03
4650,421.22,10407.2,0.74,0.04
4651,574.45,20227,0.77,0.03
4652,239.25,2869.01,0.63,0.08
4653,850.76,31111.2,0.54,0.03
4654,444.34,6978.24,0.44,0.06
4655,517.06,13339.9,0.63,0.04
4656,1100.5,64637.8,0.67,0.02
4657,903.94,49046.2,0.75,0.02
4658,1222.89,82875.6,0.7,0.01
4659,439,11867.2,0.77,0.04
4660,654.66,24020,0.7,0.03
4661,11594.1,5207520,0.49,0
4662,2741.06,262570,0.44,0.01
4663,1353.44,82612.4,0.57,0.02
4664,4755.77,1044790,0.58,0
4665,830.1,23033.5,0.42,0.04
4666,785,34330.3,0.7,0.02
4667,382.6,6049.83,0.52,0.06
4668,2227.2,204895,0.52,0.01
4669,748.97,32867.9,0.74,0.02
4670,975.04,41250.8,0.54,0.02
4671,4625.84,833444,0.49,0.01
4672,3853.17,575957,0.49,0.01
4673,811.62,42136.1,0.8,0.02
4674,1055.73,59681.5,0.67,0.02
4675,584.97,16307,0.6,0.04
4676,2096.96,194979,0.56,0.01
4677,1338.14,84205.2,0.59,0.02
4678,441.75,11663.4,0.75,0.04
4679,1873.25,72450.6,0.26,0.03
4680,927.86,41085.2,0.6,0.02
4681,1090.2,28840,0.3,0.04
4682,306.77,3679.02,0.49,0.08
4683,221.59,3012.76,0.77,0.07
4684,265.03,4357.6,0.78,0.06
4685,84.77,367.03,0.64,0.23
4686,143.39,1243.97,0.76,0.12
4687,181.53,2023.32,0.77,0.09
4688,908.61,33953.8,0.52,0.03
4689,82.2,409.82,0.76,0.2
4690,347.86,7805.16,0.81,0.04
4691,1547.63,92492.3,0.49,0.02
4692,311.88,4124.2,0.53,0.08
4693,185.75,1808.37,0.66,0.1
4694,200.43,1308.36,0.41,0.15
4695,207.47,689,0.2,0.3
4696,455.23,7795.86,0.47,0.06
4697,417.06,3389.44,0.24,0.12
4698,42.05,139.42,0.99,0.3
4699,178.94,1929.77,0.76,0.09
4700,884.08,46406.9,0.75,0.02
4701,374.41,8396.07,0.75,0.04
4702,579.78,15127.3,0.57,0.04
4703,284.3,3333.69,0.52,0.09
4704,242.8,814.75,0.17,0.3
4705,1708.85,129220,0.56,0.01
4706,21075.9,15795400,0.45,0
4707,1314.36,63297,0.46,0.02
4708,85.53,210.25,0.36,0.41
4709,1551.31,141958,0.74,0.01
4710,906.6,43943.1,0.67,0.02
4711,618.97,20781.9,0.68,0.03
4712,1375.23,97160.9,0.65,0.01
4713,618.73,22608.6,0.74,0.03
4714,1002.57,61059.9,0.76,0.02
4715,577.09,20720.9,0.78,0.03
4716,460.79,12712.7,0.75,0.04
4717,1113.84,71140.1,0.72,0.02
4718,857.96,45933.9,0.78,0.02
4719,744.42,26325.4,0.6,0.03
4720,461.76,11949.4,0.7,0.04
4721,862.49,36479.5,0.62,0.02
4722,508.7,15635.7,0.76,0.03
4723,414.78,8297.66,0.61,0.05
4724,457.19,10020.1,0.6,0.05
4725,384.62,7472.5,0.63,0.05
4726,901.48,37869.4,0.59,0.02
4727,1717.01,122604,0.52,0.01
4728,791.34,33393,0.67,0.02
4729,537.54,18585.1,0.81,0.03
4730,71.67,276.97,0.68,0.26
4731,2081.61,222893,0.65,0.01
4732,697.56,24178.7,0.62,0.03
4733,360.57,5475.19,0.53,0.07
4734,7488.49,2160650,0.48,0
4735,277.5,4569.98,0.75,0.06
4736,1457.13,116781,0.69,0.01
4737,3604.41,808228,0.78,0
4738,385.98,8090.09,0.68,0.05
4739,1771.13,164162,0.66,0.01
4740,1901.14,173247,0.6,0.01
4741,1147.13,52874.9,0.5,0.02
4742,574.38,19685.2,0.75,0.03
4743,478.1,8790.81,0.48,0.05
4744,663.04,22013.5,0.63,0.03
4745,330.42,6629.38,0.76,0.05
4746,572.39,18951.5,0.73,0.03
4747,484.79,13339.8,0.71,0.04
4748,769.62,33394.8,0.71,0.02
4749,656.83,21608,0.63,0.03
4750,586.22,19749.7,0.72,0.03
4751,500.66,12206.3,0.61,0.04
4752,584.69,17398.2,0.64,0.03
4753,830.44,36892.9,0.67,0.02
4754,1350.72,100150,0.69,0.01
4755,820.82,29751.2,0.55,0.03
4756,352.05,7409.04,0.75,0.05
4757,1921.26,224815,0.76,0.01
4758,1781,188188,0.75,0.01
4759,1523.31,143565,0.78,0.01
4760,1578.45,156605,0.79,0.01
4761,2918.74,538828,0.79,0.01
4762,688.61,23944,0.63,0.03
4763,975.57,56781.2,0.75,0.02
4764,1209.9,88104.4,0.76,0.01
4765,807.54,34488.7,0.66,0.02
4766,1144.38,63932.6,0.61,0.02
4767,505.72,11038.7,0.54,0.05
4768,2419.4,296764,0.64,0.01
4769,528.5,17233.8,0.77,0.03
4770,969.58,55140.8,0.74,0.02
4771,519.3,17094.1,0.8,0.03
4772,1009.09,34397.4,0.42,0.03
4773,398.23,7756.11,0.61,0.05
4774,1052.33,47399.1,0.54,0.02
4775,265.53,1868.72,0.33,0.14
4776,422.52,9417.12,0.66,0.04
4777,1553.36,101471,0.53,0.02
4778,2645.07,310020,0.56,0.01
4779,1071.87,66402.4,0.73,0.02
4780,1470.6,133195,0.77,0.01
4781,1893.46,199830,0.7,0.01
4782,1684.79,146799,0.65,0.01
4783,548.59,3913.92,0.16,0.14
4784,1066.16,20047.5,0.22,0.05
4785,72.8,140.29,0.33,0.52
4786,267.48,1395.03,0.24,0.19
4787,182.6,1737.15,0.65,0.11
4788,2077.11,254824,0.74,0.01
4789,326.6,5522.95,0.65,0.06
4790,273.62,3741.87,0.63,0.07
4791,234.34,3364.44,0.77,0.07
4792,311.05,5566.72,0.72,0.06
4793,296.11,5476.68,0.78,0.05
4794,240.85,3561.8,0.77,0.07
4795,313.69,5370.65,0.69,0.06
4796,235.63,3396.31,0.77,0.07
4797,298.82,5577.08,0.78,0.05
4798,302.8,5730.32,0.78,0.05
4799,295.9,5469.99,0.78,0.05
4800,319.74,5669.98,0.7,0.06
4801,392.24,9155.77,0.75,0.04
4802,353.56,7455.38,0.75,0.05
4803,450.06,12220.5,0.76,0.04
4804,620.15,19884.1,0.65,0.03
4805,402.17,9126.86,0.71,0.04
4806,288.61,5204.98,0.78,0.06
4807,307.3,1443.09,0.19,0.21
4808,308.42,3858.52,0.51,0.08
4809,419.08,5841.51,0.42,0.07
4810,1043.13,10733,0.12,0.1
4811,283.25,3353.57,0.53,0.08
4812,448.42,13161.7,0.82,0.03
4813,509.3,16760.8,0.81,0.03
4814,11900.7,707322,0.06,0.02
4815,994.57,23233.7,0.3,0.04
4816,934.5,34087.1,0.49,0.03
4817,175.16,1562.01,0.64,0.11
4818,3060.83,40812,0.05,0.07
4819,17437.7,8184930,0.34,0
4820,706.42,22540.7,0.57,0.03
4821,1199.72,46020.7,0.4,0.03
4822,519.45,11787.8,0.55,0.04
4823,371.69,7605.56,0.69,0.05
4824,219.58,2674.37,0.7,0.08
4825,1954.24,137735,0.45,0.01
4826,196.81,2295.89,0.74,0.09
4827,231.73,3088.53,0.72,0.08
4828,191,2187.51,0.75,0.09
4829,225.92,3294.45,0.81,0.07
4830,392.73,9545.66,0.78,0.04
4831,478.56,10079.5,0.55,0.05
4832,1004.5,35327.5,0.44,0.03
4833,261.54,4372.37,0.8,0.06
4834,269.12,3964.05,0.69,0.07
4835,236.94,2724.2,0.61,0.09
4836,188.78,1932.05,0.68,0.1
4837,877.68,34227.2,0.56,0.03
4838,321.94,6222.39,0.75,0.05
4839,297.3,4954.67,0.7,0.06
4840,8721.79,1463070,0.24,0.01
4841,252.59,2789.63,0.55,0.09
4842,331.84,6801.57,0.78,0.05
4843,252.87,3950.84,0.78,0.06
4844,644.02,18858.8,0.57,0.03
4845,1380.37,95628.7,0.63,0.01
4846,5283.85,597063,0.27,0.01
4847,564.58,15817.4,0.62,0.04
4848,331.19,6134.15,0.7,0.05
4849,1541.47,77487.5,0.41,0.02
4850,195.71,1704.16,0.56,0.11
4851,350.73,3429.03,0.35,0.1
4852,351.51,3776.45,0.38,0.09
4853,346.49,3382.73,0.35,0.1
4854,396.58,4342.04,0.35,0.09
4855,121.32,732.01,0.62,0.17
4856,219.79,2919.02,0.76,0.08
4857,144.29,1178.16,0.71,0.12
4858,157.12,1465.94,0.75,0.11
4859,144.24,1131.39,0.68,0.13
4860,392.55,9392.17,0.77,0.04
4861,188.48,2229.19,0.79,0.08
4862,521.88,16496.3,0.76,0.03
4863,120.19,283.65,0.25,0.42
4864,278.88,4052.2,0.65,0.07
4865,314.11,5758.98,0.73,0.05
4866,447.81,12848,0.8,0.03
4867,171.34,1567.5,0.67,0.11
4868,200.61,2435.43,0.76,0.08
4869,152.87,1030.34,0.55,0.15
4870,167.97,1473.09,0.66,0.11
4871,99.31,576.34,0.73,0.17
4872,195.38,2091.25,0.69,0.09
4873,38.55,44.25,0.37,0.87
4874,198.61,2347.27,0.75,0.08
4875,186.23,1949.08,0.71,0.1
4876,177.36,1612.82,0.64,0.11
4877,372.19,3611.56,0.33,0.1
4878,1016.32,6470.1,0.08,0.16
4879,145.81,1200.71,0.71,0.12
4880,135.1,1065.39,0.73,0.13
4881,513.21,13706,0.65,0.04
4882,689.55,21755.2,0.57,0.03
4883,374.8,3761.24,0.34,0.1
4884,403.78,8437.01,0.65,0.05
4885,384.5,3949.14,0.34,0.1
4886,842.22,12307.4,0.22,0.07
4887,1011.01,43098.2,0.53,0.02
4888,276.4,3842.51,0.63,0.07
4889,216.08,2480.82,0.67,0.09
4890,211.99,2359.37,0.66,0.09
4891,216.01,2501.55,0.67,0.09
4892,977.99,17864.6,0.23,0.05
4893,250.46,3060.36,0.61,0.08
4894,391.38,9620.32,0.79,0.04
4895,415.48,7195.5,0.52,0.06
4896,194.75,1496.32,0.5,0.13
4897,487.95,13296.7,0.7,0.04
4898,464.06,6725.54,0.39,0.07
4899,99.97,502.22,0.63,0.2
4900,567.25,10497,0.41,0.05
4901,635.86,13824.5,0.43,0.05
4902,584.32,7828.17,0.29,0.07
4903,364.95,8249.62,0.78,0.04
4904,412.8,9668.42,0.71,0.04
4905,458.23,10505.8,0.63,0.04
4906,183.06,1719.2,0.64,0.11
4907,363.79,7537.41,0.72,0.05
4908,153.54,1351.95,0.72,0.11
4909,447.75,7907.39,0.5,0.06
4910,111.34,507.84,0.51,0.22
4911,274.37,4182.38,0.7,0.07
4912,303.25,5647.26,0.77,0.05
4913,379.34,3694.05,0.32,0.1
4914,213.88,1882.98,0.52,0.11
4915,336.88,7212.17,0.8,0.05
4916,296.13,3898.75,0.56,0.08
4917,177.72,1874.92,0.75,0.09
4918,1649.49,61880.7,0.29,0.03
4919,532.26,14344.3,0.64,0.04
4920,396.7,7190.32,0.57,0.06
4921,311.43,5588.56,0.72,0.06
4922,377.3,8885.72,0.78,0.04
4923,234.74,3319.08,0.76,0.07
4924,346.32,7839.82,0.82,0.04
4925,296.84,5370.77,0.77,0.06
4926,3011.49,433977,0.6,0.01
4927,971.46,39054.6,0.52,0.02
4928,2046.7,83092.7,0.25,0.02
4929,6301.22,846826,0.27,0.01
4930,3384.78,206210,0.23,0.02
4931,347.36,2850.64,0.3,0.12
4932,452.66,11721.8,0.72,0.04
4933,490.81,14395.8,0.75,0.03
4934,656.18,16308.5,0.48,0.04
4935,2222.12,206812,0.53,0.01
4936,1833.45,85317.2,0.32,0.02
4937,442.56,10633.8,0.68,0.04
4938,277.43,3110.43,0.51,0.09
4939,2317.59,263871,0.62,0.01
4940,1259.08,70558.6,0.56,0.02
4941,3619.83,358894,0.34,0.01
4942,4989.4,1176250,0.59,0
4943,5220.79,566591,0.26,0.01
4944,1081.47,63140,0.68,0.02
4945,1006.65,38779.6,0.48,0.03
4946,128.35,343.5,0.26,0.37
4947,98.78,490.49,0.63,0.2
4948,2122.7,204754,0.57,0.01
4949,4777.96,1170030,0.64,0
4950,1294.98,85002.3,0.64,0.02
4951,1128.18,30885,0.3,0.04
4952,971.02,46107.7,0.61,0.02
4953,656.06,23468.6,0.68,0.03
4954,588.31,20669.5,0.75,0.03
4955,449.65,7145.91,0.44,0.06
4956,869.35,26811.1,0.45,0.03
4957,620.72,23760.5,0.77,0.03
4958,1203.23,89065.7,0.77,0.01
4959,751.32,22724.4,0.51,0.03
4960,1099.54,35694.3,0.37,0.03
4961,5747.16,1134640,0.43,0.01
4962,2963.13,248603,0.36,0.01
4963,1363.13,43583.9,0.29,0.03
4964,307.48,5749.46,0.76,0.05
4965,601.99,17519.8,0.61,0.03
4966,653.05,21056.6,0.62,0.03
4967,326.51,3645.27,0.43,0.09
4968,161.53,1133.41,0.55,0.14
4969,14373.3,4349490,0.26,0
4970,2603.5,220336,0.41,0.01
4971,25292.2,8561770,0.17,0
4972,1081.54,59831.2,0.64,0.02
4973,8236.06,1128040,0.21,0.01
4974,2333.91,153038,0.35,0.02
4975,2084.87,197670,0.57,0.01
4976,3391.16,420268,0.46,0.01
4977,1235.71,25982.1,0.21,0.05
4978,2564.01,320934,0.61,0.01
4979,694.51,17549.1,0.46,0.04
4980,434.07,12147.8,0.81,0.04
4981,644.1,26094.6,0.79,0.02
4982,557.94,19640.3,0.79,0.03
4983,749.59,35504.9,0.79,0.02
4984,450.62,11888.9,0.74,0.04
4985,1115.08,35733.1,0.36,0.03
4986,435.65,11767.6,0.78,0.04
4987,3001.96,192158,0.27,0.02
4988,507.56,12572.7,0.61,0.04
4989,1524.84,129195,0.7,0.01
4990,404.46,10328.9,0.79,0.04
4991,583.84,19828.2,0.73,0.03
4992,698.94,31428.3,0.81,0.02
4993,1253.51,92130.5,0.74,0.01
4994,922.39,48368.1,0.71,0.02
4995,383.91,8877.54,0.76,0.04
4996,479.2,14233.1,0.78,0.03
4997,575.97,20406.8,0.77,0.03
4998,657.83,25340.3,0.74,0.03
4999,1431.24,117621,0.72,0.01
5000,73.9,31.81,0.07,2.32
5001,1526.4,100508,0.54,0.02
5002,457.37,13040.8,0.78,0.04
5003,273.81,3091.54,0.52,0.09
5004,79.71,500.96,0.99,0.16
5005,530.29,17916.1,0.8,0.03
5006,350.76,7677.37,0.78,0.05
5007,1460.23,83188,0.49,0.02
5008,247.84,3287.76,0.67,0.08
5009,3156.3,498866,0.63,0.01
5010,1041.27,40902.2,0.47,0.03
5011,307.27,4670.34,0.62,0.07
5012,974.96,37786.2,0.5,0.03
5013,756.03,24715.6,0.54,0.03
5014,1031.17,61958.9,0.73,0.02
5015,474.36,8081.06,0.45,0.06
5016,205.03,1459.14,0.44,0.14
5017,410.47,10395.4,0.77,0.04
5018,441.43,11874.6,0.77,0.04
5019,506.23,15093.6,0.74,0.03
5020,401.48,10628,0.83,0.04
5021,316.49,5989.19,0.75,0.05
5022,571.4,19770.8,0.76,0.03
5023,559.8,15434,0.62,0.04
5024,704.51,20907.2,0.53,0.03
5025,556.34,16307.5,0.66,0.03
5026,4296.74,995647,0.68,0
5027,3743.89,584812,0.52,0.01
5028,4085.12,105072,0.08,0.04
5029,6521.58,1134310,0.33,0.01
5030,649.29,27501.1,0.82,0.02
5031,1500.09,133932,0.75,0.01
5032,723.49,33991.8,0.82,0.02
5033,466.01,9266.82,0.54,0.05
5034,5608.97,1232860,0.49,0
5035,797.29,37752.3,0.75,0.02
5036,10527.5,4333110,0.49,0
5037,749.85,31140.2,0.7,0.02
5038,920.64,40925.9,0.61,0.02
5039,767.36,35352.6,0.75,0.02
5040,729.78,33984.6,0.8,0.02
5041,542.58,17861.9,0.76,0.03
5042,510.81,10966.4,0.53,0.05
5043,1701.84,133529,0.58,0.01
5044,3200.35,184701,0.23,0.02
5045,4213.38,146118,0.1,0.03
5046,1185.29,37759.7,0.34,0.03
5047,2094.97,245094,0.7,0.01
5048,629.47,22639.4,0.72,0.03
5049,1129.27,43216.4,0.43,0.03
5050,504.45,15418.2,0.76,0.03
5051,668.8,27820.8,0.78,0.02
5052,531.77,12317.9,0.55,0.04
5053,3507.13,700769,0.72,0.01
5054,6647.78,1415290,0.4,0
5055,247.71,3407.77,0.7,0.07
5056,294.44,5433.36,0.79,0.05
5057,466.16,10986.6,0.64,0.04
5058,491.92,13143.1,0.68,0.04
5059,613.68,23265.2,0.78,0.03
5060,759.73,35312.9,0.77,0.02
5061,451.08,9382.55,0.58,0.05
5062,579.53,20767.3,0.78,0.03
5063,562.32,19206.3,0.76,0.03
5064,469.31,13599,0.78,0.03
5065,356.91,5157.15,0.51,0.07
5066,509.04,15571,0.75,0.03
5067,470.22,11663.2,0.66,0.04
5068,472.32,13643.6,0.77,0.03
5069,522.71,17048.7,0.78,0.03
5070,355.25,6170.07,0.61,0.06
5071,545.31,12937.7,0.55,0.04
5072,2393.31,351221,0.77,0.01
5073,552.87,16707.4,0.69,0.03
5074,973.28,46756.9,0.62,0.02
5075,778.08,34584.8,0.72,0.02
5076,555.76,17670.2,0.72,0.03
5077,1492.72,138989,0.78,0.01
5078,1551.77,148056,0.77,0.01
5079,740.44,29574.5,0.68,0.03
5080,2256.47,289320,0.71,0.01
5081,3219.98,295402,0.36,0.01
5082,333.99,2560.71,0.29,0.13
5083,614.77,5091.92,0.17,0.12
5084,468.23,3271.57,0.19,0.14
5085,674.45,18923.3,0.52,0.04
5086,627.07,11630.5,0.37,0.05
5087,490.64,15657.2,0.82,0.03
5088,517,16060.7,0.75,0.03
5089,762.77,32592.2,0.7,0.02
5090,1084.31,51135.9,0.55,0.02
5091,476.78,11556.3,0.64,0.04
5092,341.03,7211.49,0.78,0.05
5093,280.51,4596.52,0.73,0.06
5094,707.79,30415.7,0.76,0.02
5095,628.67,20867.7,0.66,0.03
5096,584.98,11871.3,0.44,0.05
5097,2578.78,305356,0.58,0.01
5098,3010.73,321181,0.45,0.01
5099,274.22,4012.51,0.67,0.07
5100,344.36,7374.83,0.78,0.05
5101,698.75,24448.6,0.63,0.03
5102,638.2,17518.8,0.54,0.04
5103,305.2,5891.7,0.79,0.05
5104,875.47,44723.2,0.73,0.02
5105,330.66,6853.13,0.79,0.05
5106,587.91,11538.3,0.42,0.05
5107,438.51,8270.02,0.54,0.05
5108,243.19,3494.65,0.74,0.07
5109,4319.02,1149580,0.77,0
5110,2579.84,281364,0.53,0.01
5111,1631.87,160773,0.76,0.01
5112,965.04,51179.5,0.69,0.02
5113,7395.33,1491840,0.34,0
5114,1666.01,32298.4,0.15,0.05
5115,1152.41,76254.2,0.72,0.02
5116,1242.6,84718.1,0.69,0.01
5117,435.31,11722.3,0.78,0.04
5118,721.22,30010.1,0.72,0.02
5119,446.33,12470.5,0.79,0.04
5120,406.2,10281.1,0.78,0.04
5121,624.09,21958.9,0.71,0.03
5122,1113.14,62734.7,0.64,0.02
5123,4623.97,1317200,0.77,0
5124,1994.07,225163,0.71,0.01
5125,2626.46,313128,0.57,0.01
5126,2021.81,240437,0.74,0.01
5127,2255.03,304429,0.75,0.01
5128,4815.68,956899,0.52,0.01
5129,6120.54,2232910,0.75,0
5130,6229.29,2430490,0.79,0
5131,1496.4,113214,0.64,0.01
5132,6324.12,794765,0.25,0.01
5133,196.56,1794.81,0.58,0.11
5134,42.18,72.47,0.51,0.58
5135,3109.4,558002,0.72,0.01
5136,4055.91,604485,0.46,0.01
5137,1369.75,102951,0.69,0.01
5138,1129.53,65745.8,0.65,0.02
5139,2042.96,236615,0.71,0.01
5140,2095.98,85843.8,0.25,0.02
5141,3708.31,842709,0.77,0
5142,2379.23,133493,0.3,0.02
5143,2718.88,368225,0.63,0.01
5144,1088.56,64834.9,0.69,0.02
5145,857.67,23920,0.41,0.04
5146,4168.63,510483,0.37,0.01
5147,597.03,22323.6,0.79,0.03
5148,748.71,22496.5,0.5,0.03
5149,846.16,37537.7,0.66,0.02
5150,1585.69,152696,0.76,0.01
5151,392.86,9655.51,0.79,0.04
5152,6699.46,2247460,0.63,0
5153,1013.85,53156.2,0.65,0.02
5154,938.76,50567,0.72,0.02
5155,415.5,10174.6,0.74,0.04
5156,527.81,17293.6,0.78,0.03
5157,692.81,30155.5,0.79,0.02
5158,624.13,23701.6,0.76,0.03
5159,1519.12,141570,0.77,0.01
5160,657.98,24722.3,0.72,0.03
5161,355.71,7580.04,0.75,0.05
5162,342.23,7029.46,0.75,0.05
5163,380.26,9108.78,0.79,0.04
5164,688,28620.1,0.76,0.02
5165,2667.85,271370,0.48,0.01
5166,1816.33,77640.4,0.3,0.02
5167,926.64,25081.5,0.37,0.04
5168,3091.66,269162,0.35,0.01
5169,1835.75,182065,0.68,0.01
5170,1460.15,126937,0.75,0.01
5171,1390.37,114338,0.74,0.01
5172,2317.71,285425,0.67,0.01
5173,758.9,31346.5,0.68,0.02
5174,2607.27,321719,0.59,0.01
5175,1179.42,82539.2,0.75,0.01
5176,937.68,36099.2,0.52,0.03
5177,2420.66,179760,0.39,0.01
5178,436.14,8215.97,0.54,0.05
5179,3400.89,445500,0.48,0.01
5180,478.49,10432.8,0.57,0.05
5181,3345.21,354981,0.4,0.01
5182,425.24,11078.1,0.77,0.04
5183,302.78,5505.02,0.75,0.06
5184,280.97,3789.11,0.6,0.07
5185,531.96,17190.2,0.76,0.03
5186,345.99,6318.11,0.66,0.05
5187,742.54,33339.6,0.76,0.02
5188,3198.78,412583,0.51,0.01
5189,486.82,12358.3,0.65,0.04
5190,262.07,4156.96,0.76,0.06
5191,396.87,7756.42,0.62,0.05
5192,637.45,23599,0.73,0.03
5193,3985.67,524617,0.41,0.01
5194,396.9,7727.2,0.62,0.05
5195,399.87,7955.29,0.62,0.05
5196,3943.43,544255,0.44,0.01
5197,3951.27,527952,0.42,0.01
5198,23095.6,9543560,0.22,0
5199,732.29,31510.9,0.74,0.02
5200,1570.43,99496.7,0.51,0.02
5201,3181.06,547138,0.68,0.01
5202,213.53,2849.33,0.78,0.07
5203,709.8,30946.5,0.77,0.02
5204,313.17,5085.81,0.65,0.06
5205,300.1,5155.96,0.72,0.06
5206,484.17,9154.52,0.49,0.05
5207,474.35,8518.13,0.48,0.06
5208,458.8,10282.5,0.61,0.04
5209,468.93,10579.1,0.6,0.04
5210,575.38,19831.1,0.75,0.03
5211,330.9,5091.36,0.58,0.06
5212,420.35,10638.5,0.76,0.04
5213,469.72,8788.51,0.5,0.05
5214,198.34,2422.34,0.77,0.08
5215,286.18,4972.79,0.76,0.06
5216,323.22,5995.49,0.72,0.05
5217,372.77,7626.58,0.69,0.05
5218,3378.56,555074,0.61,0.01
5219,353.44,5971.25,0.6,0.06
5220,406.49,9500.52,0.72,0.04
5221,491.1,15082.8,0.79,0.03
5222,274.33,4786.92,0.8,0.06
5223,344.45,6056.78,0.64,0.06
5224,326.88,6328.53,0.74,0.05
5225,229.74,3277.32,0.78,0.07
5226,540.54,11286,0.49,0.05
5227,434.63,11709.2,0.78,0.04
5228,206.88,2687.33,0.79,0.08
5229,454.25,12800,0.78,0.04
5230,422.33,8260.77,0.58,0.05
5231,557.39,19330.3,0.78,0.03
5232,412.38,6102.06,0.45,0.07
5233,671.06,27974.6,0.78,0.02
5234,650.47,14110.4,0.42,0.05
5235,1760.55,140385,0.57,0.01
5236,210.13,2463.59,0.7,0.09
5237,305.19,3764.44,0.51,0.08
5238,765.24,36562.6,0.78,0.02
5239,495.71,10788.8,0.55,0.05
5240,504.56,11108.2,0.55,0.05
5241,492.39,9678.5,0.5,0.05
5242,1049.92,61934.7,0.71,0.02
5243,290.16,5312.52,0.79,0.05
5244,314.16,6127.94,0.78,0.05
5245,329.03,6756.63,0.78,0.05
5246,302.34,5689,0.78,0.05
5247,285.15,5148.37,0.8,0.06
5248,309.16,6040.39,0.79,0.05
5249,374.64,8343,0.75,0.04
5250,402.83,9928.22,0.77,0.04
5251,552.14,14589.1,0.6,0.04
5252,359.18,8113.74,0.79,0.04
5253,320.81,6248.26,0.76,0.05
5254,2531.19,295758,0.58,0.01
5255,2476.15,282037,0.58,0.01
5256,2432.73,265224,0.56,0.01
5257,1228.72,90882,0.76,0.01
5258,3717.82,307025,0.28,0.01
5259,689.61,19209,0.51,0.04
5260,533.68,7056.78,0.31,0.08
5261,480.94,14536.1,0.79,0.03
5262,320.82,6067.36,0.74,0.05
5263,2254.58,258991,0.64,0.01
5264,366.01,8261.95,0.77,0.04
5265,368.46,8537.74,0.79,0.04
5266,1139.56,82515.7,0.8,0.01
5267,1808.7,123190,0.47,0.01
5268,297.01,2619.61,0.37,0.11
5269,351.16,5983.87,0.61,0.06
5270,586.24,21281.9,0.78,0.03
5271,893.58,46516.7,0.73,0.02
5272,1461.39,102159,0.6,0.01
5273,2621.07,371648,0.68,0.01
5274,393.93,9372.15,0.76,0.04
5275,531.2,15583.2,0.69,0.03
5276,400.92,4227.63,0.33,0.09
5277,2903.41,442909,0.66,0.01
5278,3550.74,800694,0.8,0
5279,454.45,6249.25,0.38,0.07
5280,617.41,21945.7,0.72,0.03
5281,328.45,4273.77,0.5,0.08
5282,201.75,2199.54,0.68,0.09
5283,2506.54,337688,0.68,0.01
5284,332.29,4124.87,0.47,0.08
5285,342.99,4440.16,0.47,0.08
5286,201.14,2130.14,0.66,0.09
5287,204.29,2266.24,0.68,0.09
5288,2449.04,319376,0.67,0.01
5289,2356.8,269893,0.61,0.01
5290,2355.6,266410,0.6,0.01
5291,1351.44,111983,0.77,0.01
5292,1056.7,41169.4,0.46,0.03
5293,390.38,9402.88,0.77,0.04
5294,381.98,7902.44,0.68,0.05
5295,387.06,8363.37,0.7,0.05
5296,528.18,17284.7,0.78,0.03
5297,874.6,45502.5,0.75,0.02
5298,420.48,10935.6,0.78,0.04
5299,326.2,6122.54,0.72,0.05
5300,369.08,7886.13,0.73,0.05
5301,589.01,13735.2,0.5,0.04
5302,1121.07,75979.9,0.76,0.01
5303,928.49,33443.6,0.49,0.03
5304,3002.44,384946,0.54,0.01
5305,2272.44,180087,0.44,0.01
5306,1947.97,234743,0.78,0.01
5307,511.36,15906.5,0.76,0.03
5308,563.85,17873.6,0.71,0.03
5309,444.93,6426.71,0.41,0.07
5310,715.6,32244.7,0.79,0.02
5311,827.51,42605.8,0.78,0.02
5312,1536.48,127782,0.68,0.01
5313,2301.36,267475,0.63,0.01
5314,376.07,8401.16,0.75,0.04
5315,528.02,6039.08,0.27,0.09
5316,553.4,8631.09,0.35,0.06
5317,344.8,7142,0.75,0.05
5318,1604.98,151707,0.74,0.01
5319,2271.22,248621,0.61,0.01
5320,355.85,6768.36,0.67,0.05
5321,608.06,16116.7,0.55,0.04
5322,426.95,7271.82,0.5,0.06
5323,402.2,4863.34,0.38,0.08
5324,3473.07,643600,0.67,0.01
5325,586.84,18789.4,0.69,0.03
5326,470.85,13340.6,0.76,0.04
5327,1806.3,139169,0.54,0.01
5328,2047.72,128918,0.39,0.02
5329,560.22,19613.8,0.78,0.03
5330,498.06,14958.5,0.76,0.03
5331,295.93,5621.64,0.81,0.05
5332,291.86,5322.41,0.78,0.05
5333,395.13,6609.09,0.53,0.06
5334,462.98,11849.5,0.69,0.04
5335,406.07,6232.51,0.47,0.07
5336,830.16,29051.9,0.53,0.03
5337,462.14,11254.8,0.66,0.04
5338,1922.25,172987,0.59,0.01
5339,8196.44,1928010,0.36,0
5340,4108.12,796797,0.59,0.01
5341,7499.58,1753060,0.39,0
5342,370.55,8667.19,0.79,0.04
5343,516.69,12571.5,0.59,0.04
5344,404.07,9626.77,0.74,0.04
5345,732.2,8425.44,0.2,0.09
5346,614.79,7060.48,0.23,0.09
5347,1596.57,107652,0.53,0.01
5348,955.95,47566,0.65,0.02
5349,1397.82,75759.1,0.49,0.02
5350,2556.04,387831,0.75,0.01
5351,334.05,6955.51,0.78,0.05
5352,252.09,3673.67,0.73,0.07
5353,250.42,3275.8,0.66,0.08
5354,486.9,10707.3,0.57,0.05
5355,323.99,6556.22,0.78,0.05
5356,1541.5,111169,0.59,0.01
5357,283.97,4617.31,0.72,0.06
5358,299.62,5289.7,0.74,0.06
5359,236.45,3055.79,0.69,0.08
5360,491.83,15045.6,0.78,0.03
5361,369.2,8133.5,0.75,0.05
5362,789.39,28716.5,0.58,0.03
5363,528.15,17779.6,0.8,0.03
5364,378.95,8963.47,0.78,0.04
5365,352.26,7747.31,0.78,0.05
5366,587.87,21481,0.78,0.03
5367,502.64,15779.1,0.78,0.03
5368,366.34,8380.14,0.78,0.04
5369,255.37,3353.07,0.65,0.08
5370,261.96,3700.14,0.68,0.07
5371,276.31,4385.42,0.72,0.06
5372,277.25,4413.73,0.72,0.06
5373,354.35,4636.39,0.46,0.08
5374,408.44,8558.87,0.64,0.05
5375,1977.05,162262,0.52,0.01
5376,1601.83,124724,0.61,0.01
5377,397.88,9756.07,0.77,0.04
5378,315.5,6118.57,0.77,0.05
5379,257.82,4100.2,0.77,0.06
5380,2965.36,496363,0.71,0.01
5381,2767.64,376675,0.62,0.01
5382,3387.66,715067,0.78,0
5383,1410.12,102278,0.65,0.01
5384,4825.35,1015290,0.55,0
5385,3803.45,653874,0.57,0.01
5386,212.15,2205.79,0.62,0.1
5387,208.26,2214.2,0.64,0.09
5388,497.48,11823.1,0.6,0.04
5389,211.63,2240.21,0.63,0.09
5390,281.6,4850.31,0.77,0.06
5391,325.42,6357.94,0.75,0.05
5392,431.49,10665.6,0.72,0.04
5393,477.82,13929.5,0.77,0.03
5394,386.83,7216.31,0.61,0.05
5395,699.17,27301,0.7,0.03
5396,691.45,21372.8,0.56,0.03
5397,475.89,13469.1,0.75,0.04
5398,553.59,17551.8,0.72,0.03
5399,1059.68,61762.5,0.69,0.02
5400,181.82,1823.55,0.69,0.1
5401,223.47,3113.34,0.78,0.07
5402,239.21,3157.18,0.69,0.08
5403,179.84,1750.74,0.68,0.1
5404,271.58,3216.42,0.55,0.08
5405,274.29,3249.89,0.54,0.08
5406,213.89,2345.83,0.64,0.09
5407,350.26,6110.7,0.63,0.06
5408,385.59,8384.95,0.71,0.05
5409,241.32,3225.74,0.7,0.07
5410,903.25,35385.9,0.54,0.03
5411,317.22,6274.17,0.78,0.05
5412,221.57,2610.53,0.67,0.08
5413,391.04,8799.93,0.72,0.04
5414,4154.06,682418,0.5,0.01
5415,696.27,29489.5,0.76,0.02
5416,647.05,23081.8,0.69,0.03
5417,599.59,17140,0.6,0.03
5418,633.23,18750.4,0.59,0.03
5419,364.99,8226.71,0.78,0.04
5420,447.82,11233.3,0.7,0.04
5421,277.08,3590.2,0.59,0.08
5422,425.55,9200.59,0.64,0.05
5423,356.87,4445.37,0.44,0.08
5424,545.54,18272.3,0.77,0.03
5425,405.99,10166.8,0.77,0.04
5426,468.96,13819.6,0.79,0.03
5427,877.23,36964.3,0.6,0.02
5428,402.5,9438.65,0.73,0.04
5429,213.09,2230.58,0.62,0.1
5430,313.3,3768.12,0.48,0.08
5431,214.56,2339.25,0.64,0.09
5432,408.25,6936.4,0.52,0.06
5433,192.53,2303.45,0.78,0.08
5434,248.22,3573.89,0.73,0.07
5435,553.89,13645.4,0.56,0.04
5436,2308.41,259990,0.61,0.01
5437,2272.31,243556,0.59,0.01
5438,1700.79,163552,0.71,0.01
5439,846.52,43268.6,0.76,0.02
5440,772.98,36727.3,0.77,0.02
5441,701.01,29791.1,0.76,0.02
5442,576.96,19583.7,0.74,0.03
5443,23151,10370500,0.24,0
5444,352.9,7776.66,0.78,0.05
5445,580.47,16565.3,0.62,0.04
5446,304.51,5400.64,0.73,0.06
5447,653.08,25679.6,0.76,0.03
5448,215.92,2995.82,0.81,0.07
5449,357.93,7692.79,0.75,0.05
5450,2258.65,231221,0.57,0.01
5451,473.69,11535.1,0.65,0.04
5452,719.16,28495.2,0.69,0.03
5453,125.6,407.24,0.32,0.31
5454,141.94,388.28,0.24,0.37
5455,629.73,14719.7,0.47,0.04
5456,304.86,5337.91,0.72,0.06
5457,248.84,3756.73,0.76,0.07
5458,595.23,21673.8,0.77,0.03
5459,435.42,11734.2,0.78,0.04
5460,431.2,11587.3,0.78,0.04
5461,285.29,4448.21,0.69,0.06
5462,534.45,17008.8,0.75,0.03
5463,689.08,29624.1,0.78,0.02
5464,523.32,16557.4,0.76,0.03
5465,692.48,28918.4,0.76,0.02
5466,637.2,18395.2,0.57,0.03
5467,651.2,21512.1,0.64,0.03
5468,402.95,10124.4,0.78,0.04
5469,292.63,5210.62,0.76,0.06
5470,11091.5,3005390,0.31,0
5471,1215.35,57510.7,0.49,0.02
5472,793.8,30657.7,0.61,0.03
5473,391.72,7536.12,0.62,0.05
5474,522.64,10896.7,0.5,0.05
5475,521.56,10730.1,0.5,0.05
5476,524.75,11088.3,0.51,0.05
5477,524.58,11128.9,0.51,0.05
5478,529.53,11641.3,0.52,0.05
5479,521.88,10800.9,0.5,0.05
5480,526.51,11244.4,0.51,0.05
5481,769.93,27253.7,0.58,0.03
5482,325.73,6254.61,0.74,0.05
5483,1381.44,117283,0.77,0.01
5484,1201.05,87204.2,0.76,0.01
5485,908.23,25634.5,0.39,0.04
5486,472.98,11308.4,0.63,0.04
5487,1386.89,120188,0.78,0.01
5488,715.74,31745.8,0.78,0.02
5489,708.51,31180.6,0.78,0.02
5490,1312.93,104352,0.76,0.01
5491,825.27,42238.3,0.78,0.02
5492,830.07,42721.1,0.78,0.02
5493,3000.17,417626,0.58,0.01
5494,2650.78,345090,0.62,0.01
5495,1933.76,219138,0.74,0.01
5496,13002,6533270,0.49,0
5497,397.12,7626.41,0.61,0.05
5498,370.05,5788.44,0.53,0.06
5499,207.46,2421.29,0.71,0.09
5500,423.09,9712.97,0.68,0.04
5501,350.34,5410.72,0.55,0.06
5502,490.93,14009.9,0.73,0.04
5503,223.37,3029.68,0.76,0.07
5504,341.4,4714.07,0.51,0.07
5505,340.74,4690.49,0.51,0.07
5506,338.37,4595.4,0.5,0.07
5507,209.52,2424.85,0.69,0.09
5508,582.44,17322.7,0.64,0.03
5509,833.64,34216.7,0.62,0.02
5510,909.79,43655.9,0.66,0.02
5511,579.95,15887.3,0.59,0.04
5512,234.44,3093.48,0.71,0.08
5513,361.74,8028.93,0.77,0.05
5514,452.89,12552.2,0.77,0.04
5515,760.24,30498.4,0.66,0.02
5516,540.85,17720,0.76,0.03
5517,325.52,6440.09,0.76,0.05
5518,261.77,4207.03,0.77,0.06
5519,392.19,7360.68,0.6,0.05
5520,478.41,13531.6,0.74,0.04
5521,221.14,2709.03,0.7,0.08
5522,367.32,5443.98,0.51,0.07
5523,374.42,5990.56,0.54,0.06
5524,225.32,2617.44,0.65,0.09
5525,404.96,10272.5,0.79,0.04
5526,307.24,5224.73,0.7,0.06
5527,479.79,13904.1,0.76,0.03
5528,504.9,15852.8,0.78,0.03
5529,484.26,14709,0.79,0.03
5530,473.75,13328.6,0.75,0.04
5531,667.03,26413,0.75,0.03
5532,452.5,12709,0.78,0.04
5533,852.5,30812.9,0.53,0.03
5534,924.49,46442,0.68,0.02
5535,772.03,15979.3,0.34,0.05
5536,357.73,5853.25,0.57,0.06
5537,698.06,29613.6,0.76,0.02
5538,488.44,14353.6,0.76,0.03
5539,741.56,17273.3,0.39,0.04
5540,701.13,10522.8,0.27,0.07
5541,473.18,13042.4,0.73,0.04
5542,1609.38,155170,0.75,0.01
5543,1732.15,154545,0.65,0.01
5544,1130.31,78243.5,0.77,0.01
5545,94.68,245.93,0.34,0.38
5546,1347.78,113354,0.78,0.01
5547,1547.87,147264,0.77,0.01
5548,1255.02,98137.7,0.78,0.01
5549,1098.06,74430.4,0.78,0.01
5550,1398.11,120888,0.78,0.01
5551,3157.29,450720,0.57,0.01
5552,981.65,57401.7,0.75,0.02
5553,1405.28,119438,0.76,0.01
5554,1483.2,133864,0.76,0.01
5555,1633.66,166248,0.78,0.01
5556,1637.26,165855,0.78,0.01
5557,1676.63,161739,0.72,0.01
5558,1125.69,63476.2,0.63,0.02
5559,1669.49,172876,0.78,0.01
5560,1287.58,81729.2,0.62,0.02
5561,1905,236180,0.82,0.01
5562,1535.49,141409,0.75,0.01
5563,1646.96,165571,0.77,0.01
5564,9830.53,4558310,0.59,0
5565,124.84,970.69,0.78,0.13
5566,474.88,6983.8,0.39,0.07
5567,412.97,8747.47,0.64,0.05
5568,7538.57,1806450,0.4,0
5569,225.71,3079.24,0.76,0.07
5570,4272.89,319370,0.22,0.01
5571,535.11,7373.66,0.32,0.07
5572,302.8,5625.98,0.77,0.05
5573,410.31,10391.7,0.78,0.04
5574,707.31,17391.6,0.44,0.04
5575,1441.69,114139,0.69,0.01
5576,127.25,1011.2,0.78,0.13
5577,134.62,1128.09,0.78,0.12
5578,3404.43,438062,0.47,0.01
5579,14081,6134810,0.39,0
5580,530,17007.3,0.76,0.03
5581,1963.63,238908,0.78,0.01
5582,897.5,15494.7,0.24,0.06
5583,79.57,502.23,1,0.16
5584,529.69,17530.8,0.78,0.03
5585,369.51,8468.85,0.78,0.04
5586,478.04,13974,0.77,0.03
5587,360.53,8084.37,0.78,0.04
5588,273.14,3628,0.61,0.08
5589,265.88,3526.41,0.63,0.08
5590,307.1,5513.93,0.73,0.06
5591,318.73,5853.7,0.72,0.05
5592,596.33,20082.8,0.71,0.03
5593,719.58,30438.4,0.74,0.02
5594,5889.71,1593500,0.58,0
5595,415.51,9465.06,0.69,0.04
5596,239.84,1831.54,0.4,0.13
5597,1191.95,76769.1,0.68,0.02
5598,1749.62,151848,0.62,0.01
5599,228.84,1890.89,0.45,0.12
5600,1136.52,64215.5,0.62,0.02
5601,1071.91,52011.7,0.57,0.02
5602,1038.61,45810.2,0.53,0.02
5603,182.66,957.22,0.36,0.19
5604,744.98,36208.5,0.82,0.02
5605,403.97,4390.74,0.34,0.09
5606,3503.41,541563,0.55,0.01
5607,434.96,5312.67,0.35,0.08
5608,497.73,6777.15,0.34,0.07
5609,3668.29,738190,0.69,0
5610,2507.95,199888,0.4,0.01
5611,1788.27,87468.8,0.34,0.02
5612,1207.81,72000.7,0.62,0.02
5613,411.39,9936.32,0.74,0.04
5614,413.86,9377,0.69,0.04
5615,743.31,32412.8,0.74,0.02
5616,494.57,13450.6,0.69,0.04
5617,510.28,13852.6,0.67,0.04
5618,1623.64,134316,0.64,0.01
5619,554.86,12960.4,0.53,0.04
5620,1267.47,66385.1,0.52,0.02
5621,281.36,4275.21,0.68,0.07
5622,321.79,3934.72,0.48,0.08
5623,375.26,5699.97,0.51,0.07
5624,345.88,5325.09,0.56,0.06
5625,403.01,6243.69,0.48,0.06
5626,1033.75,56250.3,0.66,0.02
5627,526.4,14814.1,0.67,0.04
5628,477.74,10067.4,0.55,0.05
5629,1172.13,70663.6,0.65,0.02
5630,1094.02,57628.4,0.6,0.02
5631,754.88,30020.9,0.66,0.03
5632,493.05,13111,0.68,0.04
5633,588.41,21444.1,0.78,0.03
5634,622.21,20318,0.66,0.03
5635,535.06,10877.8,0.48,0.05
5636,681.46,26519.4,0.72,0.03
5637,588.21,16940.9,0.61,0.03
5638,664.64,24686.7,0.7,0.03
5639,330.13,4273.33,0.49,0.08
5640,2978.99,463263,0.66,0.01
5641,7560.66,1759200,0.39,0
5642,128.06,707.56,0.54,0.18
5643,790.01,34277.5,0.69,0.02
5644,232.6,2740.78,0.64,0.08
5645,252.85,913.57,0.18,0.28
5646,59.02,127.9,0.46,0.46
5647,2057.79,121573,0.36,0.02
5648,1437.41,72523.5,0.44,0.02
5649,4793.16,680611,0.37,0.01
5650,509.5,1633.96,0.08,0.31
5651,1146.53,79463.2,0.76,0.01
5652,1203.46,93649.4,0.81,0.01
5653,989.76,61320.4,0.79,0.02
5654,3755.31,449540,0.4,0.01
5655,1355.66,111863,0.76,0.01
5656,850.66,43788.5,0.76,0.02
5657,6018.93,2061450,0.71,0
5658,182.15,567.87,0.21,0.32
5659,65.02,175.77,0.52,0.37
5660,10557,1291900,0.15,0.01
5661,2743.38,444525,0.74,0.01
5662,1868.41,216498,0.78,0.01
5663,11917.5,4515650,0.4,0
5664,1141.43,24925.6,0.24,0.05
5665,4168.39,316885,0.23,0.01
5666,2021.85,175318,0.54,0.01
5667,352.06,3864.9,0.39,0.09
5668,706.86,23287,0.59,0.03
5669,1049.45,16258.4,0.19,0.06
5670,5786.72,1646590,0.62,0
5671,9224.77,2683260,0.4,0
5672,249.54,2743.72,0.55,0.09
5673,262.9,3318.63,0.6,0.08
5674,252.59,3215.8,0.63,0.08
5675,228.92,2281.07,0.55,0.1
5676,1131.74,74329.1,0.73,0.02
5677,268.75,3621.52,0.63,0.07
5678,259.96,3360.8,0.62,0.08
5679,271.58,3761.21,0.64,0.07
5680,276.85,3927.68,0.64,0.07
5681,271.42,3726.42,0.64,0.07
5682,400.83,10211.2,0.8,0.04
5683,977.37,38691.2,0.51,0.03
5684,426.12,8868.74,0.61,0.05
5685,231.58,2957.38,0.69,0.08
5686,1058.98,24959.1,0.28,0.04
5687,1102.88,72850.9,0.75,0.02
5688,652.56,13897.8,0.41,0.05
5689,190.14,1337.22,0.46,0.14
5690,1991.7,149560,0.47,0.01
5691,636.69,22147.9,0.69,0.03
5692,536.99,18239.5,0.79,0.03
5693,1305.9,73284.3,0.54,0.02
5694,1409.49,58725.9,0.37,0.02
5695,72960.5,104262000,0.25,0
5696,423.8,6650.6,0.47,0.06
5697,843.7,30371.3,0.54,0.03
5698,601.44,15052.3,0.52,0.04
5699,910.95,45024.2,0.68,0.02
5700,2064.98,162405,0.48,0.01
5701,672.56,22731.8,0.63,0.03
5702,441.38,10213,0.66,0.04
5703,334.31,5595.98,0.63,0.06
5704,5359.8,1490350,0.65,0
5705,832.84,17708.3,0.32,0.05
5706,1075.58,59685.7,0.65,0.02
5707,6473.62,1618960,0.49,0
5708,5804.14,1135210,0.42,0.01
5709,1234.55,77158.5,0.64,0.02
5710,670.45,20294.6,0.57,0.03
5711,13116.2,6608210,0.48,0
5712,835.23,32693.2,0.59,0.03
5713,385.51,5197.01,0.44,0.07
5714,445.97,8420.76,0.53,0.05
5715,585.66,21171,0.78,0.03
5716,334.63,6838.83,0.77,0.05
5717,570.78,18055.8,0.7,0.03
5718,463.68,12970.8,0.76,0.04
5719,399.48,9904.75,0.78,0.04
5720,608.74,22450.6,0.76,0.03
5721,646.25,25453.5,0.77,0.03
5722,1412.79,55364.1,0.35,0.03
5723,1659.63,174771,0.8,0.01
5724,711.59,31089.7,0.77,0.02
5725,3830.34,932204,0.8,0
5726,1687.03,180682,0.8,0.01
5727,787.49,15111.4,0.31,0.05
5728,1025.97,34757.8,0.41,0.03
5729,971.25,59396.5,0.79,0.02
5730,44146.4,35536700,0.23,0
5731,1059.39,46454.8,0.52,0.02
5732,713.96,29792.2,0.73,0.02
5733,127.98,710.31,0.54,0.18
5734,308.78,5913.3,0.78,0.05
5735,590.28,20078.8,0.72,0.03
5736,175.79,1135.36,0.46,0.15
5737,190.45,945.56,0.33,0.2
5738,791.77,24202.8,0.48,0.03
5739,370.35,3196.29,0.29,0.12
5740,1038.17,60576.4,0.71,0.02
5741,774.61,34424.6,0.72,0.02
5742,608.69,20818.1,0.71,0.03
5743,414.81,10138.6,0.74,0.04
5744,415.16,10935.9,0.8,0.04
5745,338.32,7118.65,0.78,0.05
5746,320.54,6556.24,0.8,0.05
5747,419.14,10373.4,0.74,0.04
5748,397.14,10258.2,0.82,0.04
5749,71078.6,121514000,0.3,0
5750,3276.16,495104,0.58,0.01
5751,1811.4,85213.1,0.33,0.02
5752,847.7,12721.6,0.22,0.07
5753,645.16,24068.6,0.73,0.03
5754,171.78,1392.78,0.59,0.12
5755,519.88,16236.2,0.75,0.03
5756,252.83,3257.63,0.64,0.08
5757,266.82,4409.42,0.78,0.06
5758,223.49,2951.34,0.74,0.08
5759,338.76,6809.22,0.75,0.05
5760,547.24,14425.1,0.6,0.04
5761,631.86,22534.1,0.71,0.03
5762,925.39,55890.6,0.82,0.02
5763,1420.17,87972.9,0.55,0.02
5764,4217.26,938052,0.66,0
5765,400.88,10219.6,0.8,0.04
5766,371.86,8573.6,0.78,0.04
5767,423.62,11337.7,0.79,0.04
5768,362.76,8124.48,0.78,0.04
5769,396.13,9816.18,0.79,0.04
5770,359.77,8030.97,0.78,0.04
5771,430.59,11313.6,0.77,0.04
5772,410.58,10148.3,0.76,0.04
5773,413.37,10390.3,0.76,0.04
5774,365.55,8257.92,0.78,0.04
5775,337.57,7117.31,0.78,0.05
5776,363.22,7630.07,0.73,0.05
5777,323.46,5662.69,0.68,0.06
5778,430.57,11607.8,0.79,0.04
5779,1526.05,133748,0.72,0.01
5780,6621.92,1902500,0.54,0
5781,1101.67,67581.4,0.7,0.02
5782,15193.7,6040350,0.33,0
5783,13586.8,6533830,0.44,0
5784,4835.79,1380900,0.74,0
5785,1163.27,45295,0.42,0.03
5786,919.52,46375.3,0.69,0.02
5787,570.16,17087,0.66,0.03
5788,300.39,5423.25,0.75,0.06
5789,413.9,10554.8,0.77,0.04
5790,1225.02,70988.6,0.59,0.02
5791,1145.38,76242.7,0.73,0.02
5792,1344.24,101254,0.7,0.01
5793,581.94,17739.4,0.66,0.03
5794,876.88,38995.5,0.64,0.02
5795,1217.94,76806.2,0.65,0.02
5796,832.57,42249,0.77,0.02
5797,473.56,11704.6,0.66,0.04
5798,406.18,8249.07,0.63,0.05
5799,4160.56,777387,0.56,0.01
5800,2056.7,229994,0.68,0.01
5801,1236.58,49118.7,0.4,0.03
5802,642.31,24497.6,0.75,0.03
5803,539.07,18054.9,0.78,0.03
5804,6380.24,1918960,0.59,0
5805,2101.72,178823,0.51,0.01
5806,1231.85,59543.2,0.49,0.02
5807,681.34,21553.1,0.58,0.03
5808,1047.14,35930.2,0.41,0.03
5809,2412.21,301544,0.65,0.01
5810,889.29,44413.6,0.71,0.02
5811,583.55,20761.4,0.77,0.03
5812,497.98,14463.3,0.73,0.03
5813,5186.93,1048200,0.49,0
5814,2592.47,347918,0.65,0.01
5815,1365.68,101781,0.69,0.01
5816,1872.26,172856,0.62,0.01
5817,1945.63,224470,0.74,0.01
5818,418.82,9761.96,0.7,0.04
5819,722.99,31388.4,0.75,0.02
5820,804.07,33166.3,0.64,0.02
5821,928.04,49039.3,0.72,0.02
5822,539.78,17790.3,0.77,0.03
5823,349.64,5965.46,0.61,0.06
5824,375.22,7822.42,0.7,0.05
5825,557.89,19655.2,0.79,0.03
5826,542.59,18808,0.8,0.03
5827,379.04,4406.97,0.39,0.09
5828,682.34,19970.9,0.54,0.03
5829,349.55,6908.82,0.71,0.05
5830,1298.78,73151.1,0.54,0.02
5831,1056.22,48511.3,0.55,0.02
5832,781.28,32257,0.66,0.02
5833,2184.94,268695,0.71,0.01
5834,477.6,10100.9,0.56,0.05
5835,1070.46,61449.7,0.67,0.02
5836,293.54,5429.45,0.79,0.05
5837,403.93,5491.67,0.42,0.07
5838,669.49,24025.7,0.67,0.03
5839,469.55,8380.8,0.48,0.06
5840,2338.26,243632,0.56,0.01
5841,673.39,27172.4,0.75,0.02
5842,342.49,6495.93,0.7,0.05
5843,760.57,24419.3,0.53,0.03
5844,468.21,12737,0.73,0.04
5845,456.35,11385.4,0.69,0.04
5846,2306.32,119262,0.28,0.02
5847,1073.81,54918.8,0.6,0.02
5848,578.06,17390,0.65,0.03
5849,2287.22,118518,0.28,0.02
5850,916.23,29483.3,0.44,0.03
5851,4545.32,1039230,0.63,0
5852,620.21,22417.2,0.73,0.03
5853,942.38,45169.3,0.64,0.02
5854,832.22,44673.4,0.81,0.02
5855,773.89,37317.1,0.78,0.02
5856,4355.39,1016310,0.67,0
5857,1316.98,101450,0.73,0.01
5858,1120.19,72207.5,0.72,0.02
5859,3462.31,295102,0.31,0.01
5860,1070.4,53588.6,0.59,0.02
5861,488.52,13290.4,0.7,0.04
5862,301.24,3918.4,0.54,0.08
5863,877.25,37058,0.6,0.02
5864,756.48,21411.7,0.47,0.04
5865,343.01,6398.85,0.68,0.05
5866,153.03,1030.48,0.55,0.15
5867,522.18,16616.6,0.77,0.03
5868,983.21,51428.5,0.67,0.02
5869,911.21,48287.2,0.73,0.02
5870,537.99,17048.2,0.74,0.03
5871,511.69,15939.2,0.76,0.03
5872,353.21,6613.82,0.67,0.05
5873,1736.54,183446,0.76,0.01
5874,1876.91,48241.9,0.17,0.04
5875,7181.72,2224960,0.54,0
5876,2091.67,260980,0.75,0.01
5877,984.34,56938.1,0.74,0.02
5878,736.24,32260.9,0.75,0.02
5879,5809.95,1821340,0.68,0
5880,681.06,28990.3,0.79,0.02
5881,2988.07,453761,0.64,0.01
5882,640.85,23883,0.73,0.03
5883,702.13,28356.9,0.72,0.02
5884,674.89,24417.9,0.67,0.03
5885,406.22,9740.04,0.74,0.04
5886,1099.5,66178.9,0.69,0.02
5887,264.9,4452.21,0.8,0.06
5888,781.03,33743.9,0.69,0.02
5889,643.58,26003.8,0.79,0.02
5890,746.12,30071.4,0.68,0.02
5891,418.36,10534.2,0.76,0.04
5892,359.21,7166.8,0.7,0.05
5893,1425.8,55191.4,0.34,0.03
5894,553.44,8487.46,0.35,0.07
5895,533.51,8331.82,0.37,0.06
5896,551.14,8094.15,0.33,0.07
5897,567.95,8764.31,0.34,0.06
5898,583.99,9229.22,0.34,0.06
5899,601.36,19862.7,0.69,0.03
5900,414.63,6128.07,0.45,0.07
5901,884.73,35461.4,0.57,0.02
5902,345.45,7871.74,0.83,0.04
5903,2417.54,258141,0.55,0.01
5904,946.86,52686.3,0.74,0.02
5905,298.52,5521.65,0.78,0.05
5906,560.05,16538.5,0.66,0.03
5907,2722.45,399138,0.68,0.01
5908,3834.97,829685,0.71,0
5909,371.09,1641.52,0.15,0.23
5910,1397.05,100360,0.65,0.01
5911,5002.25,841736,0.42,0.01
5912,1006.43,38081.6,0.47,0.03
5913,642.55,19714.9,0.6,0.03
5914,735.37,33689.4,0.78,0.02
5915,9885.58,2927790,0.38,0
5916,572.66,20517.9,0.79,0.03
5917,483.86,11561.5,0.62,0.04
5918,272.5,3299.46,0.56,0.08
5919,546.33,16806.1,0.71,0.03
5920,448.51,11745.4,0.73,0.04
5921,356.64,7571.95,0.75,0.05
5922,452.25,12459,0.77,0.04
5923,837.74,33356.1,0.6,0.03
5924,1351.14,73658.4,0.51,0.02
5925,5205.1,1140500,0.53,0
5926,754.29,35712.5,0.79,0.02
5927,563.56,11846.9,0.47,0.05
5928,791.79,33479.6,0.67,0.02
5929,4540.21,1039410,0.63,0
5930,1669.36,142538,0.64,0.01
5931,1014.75,59167.1,0.72,0.02
5932,1391.35,114477,0.74,0.01
5933,279.28,5100.68,0.82,0.05
5934,930.66,50830.9,0.74,0.02
5935,681.48,26620.2,0.72,0.03
5936,857.74,40313.8,0.69,0.02
5937,1253.87,73617.9,0.59,0.02
5938,961.63,41766.9,0.57,0.02
5939,648.07,24812.5,0.74,0.03
5940,614.79,22409.1,0.74,0.03
5941,156.47,1125.51,0.58,0.14
5942,1314.05,106476,0.77,0.01
5943,1007,55094.3,0.68,0.02
5944,2382.48,330052,0.73,0.01
5945,286.5,5092.78,0.78,0.06
5946,420.78,10549.5,0.75,0.04
5947,839.46,31936.6,0.57,0.03
5948,1198.3,81400.8,0.71,0.01
5949,1398.78,109068,0.7,0.01
5950,667.82,19104.7,0.54,0.03
5951,294.68,3887.32,0.56,0.08
5952,1203.22,64080.7,0.56,0.02
5953,11616.6,1299410,0.12,0.01
5954,1955.82,224615,0.74,0.01
5955,6366.67,1922440,0.6,0
5956,12344.7,7261870,0.6,0
5957,3228.77,560157,0.67,0.01
5958,6230.24,2141920,0.69,0
5959,4460.3,1154730,0.73,0
5960,2994.42,455034,0.64,0.01
5961,2501.2,371104,0.75,0.01
5962,2892.05,448108,0.67,0.01
5963,1020.75,63871.1,0.77,0.02
5964,1003.31,63336.9,0.79,0.02
5965,2716.53,238270,0.41,0.01
5966,2920.99,448017,0.66,0.01
5967,635.44,15787.2,0.49,0.04
5968,9763.58,2552540,0.34,0
5969,272.45,1100.14,0.19,0.25
5970,1895.93,16345.6,0.06,0.12
5971,652.96,10930.2,0.32,0.06
5972,6422.23,664751,0.2,0.01
5973,2112.97,93055.4,0.26,0.02
5974,579.74,17776.6,0.66,0.03
5975,607.16,17072,0.58,0.04
5976,337.35,7377.95,0.81,0.05
5977,447.05,11497.9,0.72,0.04
5978,487.37,14679.1,0.78,0.03
5979,1451.53,108438,0.65,0.01
5980,608.99,21090.1,0.71,0.03
5981,889.7,21275.4,0.34,0.04
5982,607.69,17692.4,0.6,0.03
5983,893.14,41939.4,0.66,0.02
5984,835.97,44286.5,0.8,0.02
5985,1616.77,84242.1,0.4,0.02
5986,531.78,9497.61,0.42,0.06
5987,251.62,3706.79,0.74,0.07
5988,499.78,15368,0.77,0.03
5989,501.7,15624.8,0.78,0.03
5990,524.96,17268,0.79,0.03
5991,1280.83,102188,0.78,0.01
5992,996.78,30645.2,0.39,0.03
5993,6152.62,1260070,0.42,0
5994,1296.97,101752,0.76,0.01
5995,566.71,18288.1,0.72,0.03
5996,1380.96,106242,0.7,0.01
5997,143.99,1634.79,0.99,0.09
5998,580.77,19673.4,0.73,0.03
5999,125.21,822.66,0.66,0.15
6000,544.22,18428.3,0.78,0.03
6001,1763.5,116276,0.47,0.02
6002,6605.5,779647,0.22,0.01
6003,1619.01,57939.6,0.28,0.03
6004,385.23,9116.91,0.77,0.04
6005,462.86,11099.3,0.65,0.04
6006,367.94,6701.35,0.62,0.05
6007,980.04,34303.8,0.45,0.03
6008,413.15,10545.1,0.78,0.04
6009,514.42,11349.3,0.54,0.05
6010,2804.7,251324,0.4,0.01
6011,835.66,39163.3,0.7,0.02
6012,162.44,1466.2,0.7,0.11
6013,436.85,11693,0.77,0.04
6014,387.8,9004.16,0.75,0.04
6015,1636.34,150035,0.7,0.01
6016,2463.94,274803,0.57,0.01
6017,964.26,46270.7,0.63,0.02
6018,201.47,2484.12,0.77,0.08
6019,1260.57,52853.8,0.42,0.02
6020,849.01,20181.5,0.35,0.04
6021,609.19,22980.6,0.78,0.03
6022,4448.28,422439,0.27,0.01
6023,566.21,13103.4,0.51,0.04
6024,345.5,6383.24,0.67,0.05
6025,320.09,5898.49,0.72,0.05
6026,330.67,6241.46,0.72,0.05
6027,653.48,18448.2,0.54,0.04
6028,1496.86,67554.1,0.38,0.02
6029,913.94,28383,0.43,0.03
6030,366.57,7992.46,0.75,0.05
6031,281.76,4571,0.72,0.06
6032,418.85,4600.85,0.33,0.09
6033,469.49,14266.6,0.81,0.03
6034,667.05,28098.2,0.79,0.02
6035,324.44,6438.84,0.77,0.05
6036,312.27,6235.78,0.8,0.05
6037,296.39,4677.94,0.67,0.06
6038,657.44,14433.1,0.42,0.05
6039,187.73,1606.55,0.57,0.12
6040,189.38,2024.59,0.71,0.09
6041,5120.32,1447210,0.69,0
6042,2501.11,177005,0.36,0.01
6043,1535.42,117862,0.63,0.01
6044,2226.88,296742,0.75,0.01
6045,400.82,8669.18,0.68,0.05
6046,683.07,26639,0.72,0.03
6047,343.62,7431.86,0.79,0.05
6048,191.27,1985.34,0.68,0.1
6049,237.99,3644.73,0.81,0.07
6050,773.19,34213.5,0.72,0.02
6051,832.06,17537.6,0.32,0.05
6052,523.28,13695.1,0.63,0.04
6053,4567.08,631989,0.38,0.01
6054,441.84,9850.04,0.63,0.04
6055,2130.81,230018,0.64,0.01
6056,14677.1,2794370,0.16,0.01
6057,1414.79,74372.6,0.47,0.02
6058,719.86,20936.4,0.51,0.03
6059,5586.81,798644,0.32,0.01
6060,1438.91,47938,0.29,0.03
6061,2608.93,270166,0.5,0.01
6062,446.55,8468.34,0.53,0.05
6063,383.49,8255.4,0.71,0.05
6064,604.79,21054.5,0.72,0.03
6065,2007.22,200480,0.62,0.01
6066,673.09,26852.9,0.74,0.03
6067,168.66,1547.74,0.68,0.11
6068,2079.91,142775,0.41,0.01
6069,2183.47,161018,0.42,0.01
6070,451.17,11652.9,0.72,0.04
6071,842.47,32538.3,0.58,0.03
6072,537.86,17828.1,0.77,0.03
6073,626.38,16092.8,0.52,0.04
6074,269.99,3808.46,0.66,0.07
6075,1414.09,84917.4,0.53,0.02
6076,1539.27,108539,0.58,0.01
6077,688.69,24656.5,0.65,0.03
6078,255.77,3814.94,0.73,0.07
6079,71.64,404.62,0.99,0.18
6080,669.69,27575.7,0.77,0.02
6081,1298.13,38831.3,0.29,0.03
6082,1016.25,40790.8,0.5,0.02
6083,1027.46,50896.1,0.61,0.02
6084,719.48,19862.7,0.48,0.04
6085,1744.72,103562,0.43,0.02
6086,8971.61,1564680,0.24,0.01
6087,253.54,2650.93,0.52,0.1
6088,7096.23,1473620,0.37,0
6089,509.21,13617.6,0.66,0.04
6090,856.41,37992.2,0.65,0.02
6091,641.91,23608.3,0.72,0.03
6092,738.43,29011.6,0.67,0.03
6093,560.39,12524.8,0.5,0.04
6094,378.69,9120.46,0.8,0.04
6095,975.17,46930,0.62,0.02
6096,1925.92,44472.8,0.15,0.04
6097,592.84,21149.1,0.76,0.03
6098,511.34,16095.7,0.77,0.03
6099,5747.68,671220,0.26,0.01
6100,2250.07,115662,0.29,0.02
6101,7027.77,745237,0.19,0.01
6102,1275.47,62793.8,0.48,0.02
6103,1353.1,55476.4,0.38,0.02
6104,1053.18,62858.6,0.71,0.02
6105,475,10823.9,0.6,0.04
6106,355.65,7659.53,0.76,0.05
6107,5645.16,1054930,0.42,0.01
6108,6962.89,1065320,0.28,0.01
6109,1232.32,87994.6,0.73,0.01
6110,1253.66,95288.2,0.76,0.01
6111,699.48,29141.2,0.75,0.02
6112,1290.41,84288.6,0.64,0.02
6113,1574.4,53402.2,0.27,0.03
6114,659.22,27107.1,0.78,0.02
6115,3617.29,380699,0.37,0.01
6116,1052.09,39581.2,0.45,0.03
6117,654.72,27113.8,0.79,0.02
6118,3917.5,422984,0.35,0.01
6119,1487.5,72985.3,0.41,0.02
6120,599.29,11329.6,0.4,0.05
6121,320.95,4248.69,0.52,0.08
6122,326.25,6689.7,0.79,0.05
6123,829.88,39966.1,0.73,0.02
6124,2989.62,428605,0.6,0.01
6125,362.12,5897.37,0.56,0.06
6126,213.84,2884.29,0.79,0.07
6127,309.75,5669.14,0.74,0.05
6128,671.64,19672,0.55,0.03
6129,436.16,12195.1,0.81,0.04
6130,2108.75,83165.8,0.23,0.03
6131,353.1,6449.76,0.65,0.05
6132,413.8,10699.8,0.78,0.04
6133,53.23,122.67,0.54,0.43
6134,757.06,36200.2,0.79,0.02
6135,620.05,20043.2,0.65,0.03
6136,1016.3,46814,0.57,0.02
6137,318.4,6108.4,0.76,0.05
6138,918.89,48856.7,0.73,0.02
6139,141.41,682.3,0.43,0.21
6140,1386.42,63304.3,0.41,0.02
6141,253.96,3988.9,0.78,0.06
6142,2583.96,218507,0.41,0.01
6143,548.78,6332.3,0.26,0.09
6144,1222.21,90981.5,0.76,0.01
6145,387.59,9661.79,0.81,0.04
6146,250.56,3659.01,0.73,0.07
6147,1058.3,24605.7,0.28,0.04
6148,595.72,24416.9,0.86,0.02
6149,1000.31,62505.2,0.78,0.02
6150,3389.03,217961,0.24,0.02
6151,124.65,867.84,0.7,0.14
6152,615.3,19761.3,0.66,0.03
6153,327.47,5990.76,0.7,0.05
6154,127.66,526.24,0.41,0.24
6155,390.08,8174.08,0.67,0.05
6156,1631.94,97818.5,0.46,0.02
6157,281.64,4845.64,0.77,0.06
6158,245.33,2563.84,0.54,0.1
6159,1198.2,71427.2,0.62,0.02
6160,198.92,1912.24,0.61,0.1
6161,2284.06,218056,0.52,0.01
6162,356.03,3307.17,0.33,0.11
6163,421.56,7459.98,0.53,0.06
6164,371.48,5855.77,0.53,0.06
6165,483.92,11548.7,0.62,0.04
6166,979.64,58805.5,0.77,0.02
6167,9292.73,970193,0.14,0.01
6168,1569.94,77056.5,0.39,0.02
6169,622.42,22773.2,0.74,0.03
6170,127.17,961.14,0.75,0.13
6171,255.94,2525.56,0.48,0.1
6172,1249.72,90215.7,0.73,0.01
6173,203.01,1305.53,0.4,0.16
6174,178.15,1951.05,0.77,0.09
6175,401.94,9090.69,0.71,0.04
6176,174.04,1729.79,0.72,0.1
6177,1077.93,38380,0.41,0.03
6178,292.31,3780.41,0.56,0.08
6179,518.68,17994.5,0.84,0.03
6180,1692.68,127884,0.56,0.01
6181,1464.66,120016,0.7,0.01
6182,902.5,21753.1,0.34,0.04
6183,744.24,26818.5,0.61,0.03
6184,7030.31,631720,0.16,0.01
6185,2699.14,179853,0.31,0.02
6186,16060.7,1258890,0.06,0.01
6187,1258.5,46157.6,0.37,0.03
6188,440.04,10069.6,0.65,0.04
6189,2143.29,234699,0.64,0.01
6190,3243.27,546651,0.65,0.01
6191,3100.77,453043,0.59,0.01
6192,423.89,10369,0.72,0.04
6193,8985.2,2902570,0.45,0
6194,1935.94,205117,0.69,0.01
6195,1235.22,78568.8,0.65,0.02
6196,1201.38,77780.6,0.68,0.02
6197,866.51,41507.6,0.69,0.02
6198,958.85,51034.6,0.7,0.02
6199,748.99,20478.4,0.46,0.04
6200,1535.28,140433,0.75,0.01
6201,682.1,30906.7,0.83,0.02
6202,1736.5,150943,0.63,0.01
6203,2150.15,237410,0.64,0.01
6204,1688.84,160963,0.71,0.01
6205,10784.4,2651920,0.29,0
6206,3201.37,492278,0.6,0.01
6207,3610.58,703145,0.68,0.01
6208,273.46,1770.38,0.3,0.15
6209,2602.13,387549,0.72,0.01
6210,5001.67,987632,0.5,0.01
6211,677.17,22194.1,0.61,0.03
6212,1114.45,41532.9,0.42,0.03
6213,539.54,10707,0.46,0.05
6214,6046.02,1195740,0.41,0.01
6215,1847.93,210364,0.77,0.01
6216,257.61,4282.31,0.81,0.06
6217,505.1,13902.8,0.68,0.04
6218,585.06,21373.6,0.78,0.03
6219,2826.01,350449,0.55,0.01
6220,830.05,37600.6,0.69,0.02
6221,718.08,23268.6,0.57,0.03
6222,729.12,26357.3,0.62,0.03
6223,617.09,9888.92,0.33,0.06
6224,690.7,18417.3,0.48,0.04
6225,554.41,18161.9,0.74,0.03
6226,358.04,7689.86,0.75,0.05
6227,275.66,3315.34,0.55,0.08
6228,2587.18,218899,0.41,0.01
6229,892.49,35560.5,0.56,0.03
6230,1499.58,126691,0.71,0.01
6231,2592.27,318940,0.6,0.01
6232,6552.99,1160510,0.34,0.01
6233,1147.95,73774,0.7,0.02
6234,612.25,16910.3,0.57,0.04
6235,519.72,14276.4,0.66,0.04
6236,648.68,24592.2,0.73,0.03
6237,5618.48,1124680,0.45,0
6238,1024.25,43755.6,0.52,0.02
6239,813.51,24503.5,0.47,0.03
6240,617.87,15898.4,0.52,0.04
6241,1583.78,141619,0.71,0.01
6242,1405.13,114683,0.73,0.01
6243,968.65,57223.2,0.77,0.02
6244,832.97,40139,0.73,0.02
6245,3838.22,201382,0.17,0.02
6246,3558.65,519583,0.52,0.01
6247,2026.02,228619,0.7,0.01
6248,5908.66,1325280,0.48,0
6249,1341.93,102453,0.71,0.01
6250,1820.91,177346,0.67,0.01
6251,2657.67,437432,0.78,0.01
6252,484.44,14019.2,0.75,0.03
6253,496.4,14208.8,0.72,0.03
6254,1258.56,98198.1,0.78,0.01
6255,2074.52,251541,0.73,0.01
6256,814.5,39213.1,0.74,0.02
6257,624.53,23510.8,0.76,0.03
6258,572.48,20474.4,0.78,0.03
6259,565.75,19196.8,0.75,0.03
6260,494.38,14847.2,0.76,0.03
6261,876.16,31789.2,0.52,0.03
6262,484.9,12915.5,0.69,0.04
6263,687.27,29482.9,0.78,0.02
6264,6431.3,851743,0.26,0.01
6265,1170.36,68070.7,0.62,0.02
6266,744.03,29153.9,0.66,0.03
6267,765.16,33479.6,0.72,0.02
6268,393.14,9001.04,0.73,0.04
6269,338.71,5645.05,0.62,0.06
6270,657.18,21512.1,0.63,0.03
6271,2876.43,307028,0.47,0.01
6272,68.85,244.14,0.65,0.28
6273,3698.86,525228,0.48,0.01
6274,1542.16,147709,0.78,0.01
6275,2527.54,381977,0.75,0.01
6276,1151.23,59633.8,0.57,0.02
6277,838.38,35584.3,0.64,0.02
6278,4837.81,1091190,0.59,0
6279,707.11,27982.3,0.7,0.03
6280,4201.62,1011340,0.72,0
6281,1939.55,236955,0.79,0.01
6282,1303.84,90342.4,0.67,0.01
6283,4738.92,1045390,0.58,0
6284,1117.64,75672.4,0.76,0.01
6285,2505.01,388261,0.78,0.01
6286,733.71,20126.5,0.47,0.04
6287,2310.55,248137,0.58,0.01
6288,451.52,10531.9,0.65,0.04
6289,45474.6,32568100,0.2,0
6290,1191.73,87449.8,0.77,0.01
6291,2786.44,226625,0.37,0.01
6292,1941.32,224537,0.75,0.01
6293,15673.5,7415240,0.38,0
6294,2433.94,319941,0.68,0.01
6295,583.68,20193,0.74,0.03
6296,849.98,45406.9,0.79,0.02
6297,895.16,36380.8,0.57,0.02
6298,345.44,6129.93,0.65,0.06
6299,313.17,4282.86,0.55,0.07
6300,465.64,12795.2,0.74,0.04
6301,538.82,9547.11,0.41,0.06
6302,645.89,18635.6,0.56,0.03
6303,618.03,20119.3,0.66,0.03
6304,840.65,32067.2,0.57,0.03
6305,544.66,12890.8,0.55,0.04
6306,447.37,11734.2,0.74,0.04
6307,326.58,6443.95,0.76,0.05
6308,255.38,3529.69,0.68,0.07
6309,473.07,11942.1,0.67,0.04
6310,479.84,14081,0.77,0.03
6311,793.98,31729.8,0.63,0.03
6312,289.5,3649.72,0.55,0.08
6313,343.32,5183.91,0.55,0.07
6314,1321.11,101289,0.73,0.01
6315,1792.79,146525,0.57,0.01
6316,1664.84,122544,0.56,0.01
6317,934.64,53296.3,0.77,0.02
6318,781.37,31909.4,0.66,0.02
6319,808.32,33784.8,0.65,0.02
6320,2655.65,299328,0.53,0.01
6321,1063.81,70463.3,0.78,0.02
6322,794.21,37430.2,0.75,0.02
6323,721.63,28468.7,0.69,0.03
6324,879.94,47327.3,0.77,0.02
6325,1077.68,61107.8,0.66,0.02
6326,297.11,5570.25,0.79,0.05
6327,2112.88,279464,0.79,0.01
6328,1685.17,167260,0.74,0.01
6329,1502.52,118457,0.66,0.01
6330,266.65,3164.55,0.56,0.08
6331,232.8,2397.22,0.56,0.1
6332,209.33,2735.34,0.78,0.08
6333,216.84,2930.73,0.78,0.07
6334,362.58,7341.9,0.7,0.05
6335,691.67,26630.9,0.7,0.03
6336,337.35,5346.1,0.59,0.06
6337,264.53,4267.38,0.77,0.06
6338,325.17,6379.51,0.76,0.05
6339,318.5,5728.6,0.71,0.06
6340,278.85,4683.04,0.76,0.06
6341,165.61,1585.91,0.73,0.1
6342,309.04,5658.26,0.74,0.05
6343,311.48,5580.74,0.72,0.06
6344,320.09,5925.31,0.73,0.05
6345,283.8,4179.7,0.65,0.07
6346,295.61,4672.28,0.67,0.06
6347,278.15,3718.28,0.6,0.07
6348,228.38,3218.75,0.78,0.07
6349,203.62,2400.62,0.73,0.08
6350,262.25,4296.84,0.78,0.06
6351,301.13,5609.97,0.78,0.05
6352,196.84,2370.11,0.77,0.08
6353,250.25,3634.02,0.73,0.07
6354,324.08,5766.27,0.69,0.06
6355,127.28,984.28,0.76,0.13
6356,359.77,7590.59,0.74,0.05
6357,274.49,4499.74,0.75,0.06
6358,1679.26,122577,0.55,0.01
6359,1043.32,55203.3,0.64,0.02
6360,654.19,23127.2,0.68,0.03
6361,548.18,17860.9,0.75,0.03
6362,578.83,20859.1,0.78,0.03
6363,577.56,21818.8,0.82,0.03
6364,2264.37,318599,0.78,0.01
6365,402.05,8245.47,0.64,0.05
6366,352.58,5942.72,0.6,0.06
6367,318.95,4948.96,0.61,0.06
6368,948.39,52888,0.74,0.02
6369,631.09,24738.4,0.78,0.03
6370,1128.3,72885.9,0.72,0.02
6371,317.47,6506.18,0.81,0.05
6372,318.29,6346.7,0.79,0.05
6373,315.86,6348,0.8,0.05
6374,328.96,6538.68,0.76,0.05
6375,320.12,6405.45,0.79,0.05
6376,422.21,8971.02,0.63,0.05
6377,382.48,6648.03,0.57,0.06
6378,422.28,9433.74,0.66,0.04
6379,364.91,5668.15,0.53,0.06
6380,409.41,8341.51,0.63,0.05
6381,353.46,3428.87,0.34,0.1
6382,713.27,29906.8,0.74,0.02
6383,548.87,11056.5,0.46,0.05
6384,677.13,16144.8,0.44,0.04
6385,1172.82,69458,0.63,0.02
6386,398.83,7996.59,0.63,0.05
6387,189.82,1544.61,0.54,0.12
6388,673.85,27460.6,0.76,0.02
6389,652.42,21610.5,0.64,0.03
6390,509.38,10163.6,0.49,0.05
6391,579.48,19885.7,0.74,0.03
6392,1241.01,97171.8,0.79,0.01
6393,695.8,25039.1,0.65,0.03
6394,825.09,40149.7,0.74,0.02
6395,1757.42,133274,0.54,0.01
6396,598.29,19642.4,0.69,0.03
6397,746.19,34553.6,0.78,0.02
6398,412.76,10705.8,0.79,0.04
6399,723.61,30851,0.74,0.02
6400,912.5,21904.8,0.33,0.04
6401,330.49,6561.14,0.75,0.05
6402,191.46,2278.5,0.78,0.08
6403,744.37,18434,0.42,0.04
6404,722.81,26775.1,0.64,0.03
6405,641.98,25876.4,0.79,0.02
6406,298.6,5242.24,0.74,0.06
6407,270.27,4158.24,0.72,0.06
6408,215.53,2186.81,0.59,0.1
6409,257.27,4061.26,0.77,0.06
6410,207.69,2264.88,0.66,0.09
6411,183.01,1925.79,0.72,0.1
6412,116.23,841.73,0.78,0.14
6413,306.15,4303.95,0.58,0.07
6414,106.64,701.61,0.77,0.15
6415,242.58,3754.94,0.8,0.06
6416,295.03,4258.44,0.61,0.07
6417,142.49,1245.8,0.77,0.11
6418,230.25,2522.27,0.6,0.09
6419,185.39,1832.48,0.67,0.1
6420,136.03,1134.19,0.77,0.12
6421,171.15,1745.87,0.75,0.1
6422,141.79,1250.79,0.78,0.11
6423,265.92,4354.12,0.77,0.06
6424,133.32,1085.13,0.77,0.12
6425,231.41,3346.1,0.78,0.07
6426,227.26,2466.06,0.6,0.09
6427,163.55,1520.02,0.71,0.11
6428,289.21,3946.8,0.59,0.07
6429,132.91,1094.44,0.78,0.12
6430,159.58,1481.47,0.73,0.11
6431,160.55,1495.09,0.73,0.11
6432,155.83,1439.85,0.74,0.11
6433,313.91,5296.45,0.68,0.06
6434,168.44,1655.72,0.73,0.1
6435,315.95,5660.09,0.71,0.06
6436,288.31,4456.59,0.67,0.06
6437,200.84,2293.59,0.71,0.09
6438,230.03,3187.1,0.76,0.07
6439,358.58,7167.73,0.7,0.05
6440,183.37,1823.75,0.68,0.1
6441,132.15,1074.48,0.77,0.12
6442,423.4,10932.3,0.77,0.04
6443,162.1,1534.59,0.73,0.11
6444,292.18,4706.24,0.69,0.06
6445,156.16,1412.51,0.73,0.11
6446,162.02,1509.22,0.72,0.11
6447,2841.56,330897,0.51,0.01
6448,5094.32,1607380,0.78,0
6449,8124.9,3091650,0.59,0
6450,10036.3,3685860,0.46,0
6451,1159.17,82447.5,0.77,0.01
6452,1217.45,92359.5,0.78,0.01
6453,955.97,57004.5,0.78,0.02
6454,920.47,51614.2,0.77,0.02
6455,1894.82,120858,0.42,0.02
6456,1653.42,52187,0.24,0.03
6457,51.34,132.99,0.63,0.39
6458,905.52,51050.6,0.78,0.02
6459,981.01,60051.8,0.78,0.02
6460,981.36,60217,0.79,0.02
6461,987.96,58062.4,0.75,0.02
6462,1188.66,82526.2,0.73,0.01
6463,895.5,49218.7,0.77,0.02
6464,943.33,55288.6,0.78,0.02
6465,897.03,49370.4,0.77,0.02
6466,911.1,51364.9,0.78,0.02
6467,947.8,55964.9,0.78,0.02
6468,986.35,60598.6,0.78,0.02
6469,985.59,60558.8,0.78,0.02
6470,973.99,59268.9,0.78,0.02
6471,4856.92,1553370,0.83,0
6472,93.44,386.66,0.56,0.24
6473,1817.08,180961,0.69,0.01
6474,3093.11,140056,0.18,0.02
6475,709.86,31036.4,0.77,0.02
6476,622.33,17218,0.56,0.04
6477,849.41,33029.8,0.57,0.03
6478,1566.16,99281.6,0.51,0.02
6479,1330.64,108742,0.77,0.01
6480,1195.46,62268.8,0.55,0.02
6481,531.7,17578.8,0.78,0.03
6482,459.5,12830.1,0.76,0.04
6483,320.72,5583.86,0.68,0.06
6484,437.25,11721.4,0.77,0.04
6485,695.39,23793.8,0.62,0.03
6486,538.54,11250.5,0.49,0.05
6487,1320.02,86108.2,0.62,0.02
6488,296.41,5022.97,0.72,0.06
6489,276.66,2811.87,0.46,0.1
6490,275.55,3084.93,0.51,0.09
6491,484.5,14036.3,0.75,0.03
6492,267.42,2956.96,0.52,0.09
6493,259.58,3035.27,0.57,0.09
6494,805.16,36957,0.72,0.02
6495,2495.02,288174,0.58,0.01
6496,1095.61,72883.2,0.76,0.02
6497,1934.59,152935,0.51,0.01
6498,630.67,18926.3,0.6,0.03
6499,791.99,37179.2,0.74,0.02
6500,653.51,20468.7,0.6,0.03
6501,733.47,32831.6,0.77,0.02
6502,2886.86,408808,0.62,0.01
6503,26.91,44.36,0.77,0.61
6504,1124.12,71073.1,0.71,0.02
6505,718.65,16245.3,0.4,0.04
6506,3152.43,216329,0.27,0.01
6507,472.8,14734.4,0.83,0.03
6508,225.82,2164.91,0.53,0.1
6509,1032.25,62330.4,0.73,0.02
6510,494.77,14020.5,0.72,0.04
6511,2396.03,244984,0.54,0.01
6512,1856.83,43515,0.16,0.04
6513,5038.85,978984,0.48,0.01
6514,2632.32,423866,0.77,0.01
6515,4359.89,1174340,0.78,0
6516,868.67,21905.7,0.36,0.04
6517,7281.03,2394010,0.57,0
6518,399.88,9184.92,0.72,0.04
6519,474.33,13796.2,0.77,0.03
6520,294.3,4264.23,0.62,0.07
6521,1320.05,101560,0.73,0.01
6522,324.41,5607.31,0.67,0.06
6523,479.03,14413.5,0.79,0.03
6524,2605.06,411079,0.76,0.01
6525,3151.66,595116,0.75,0.01
6526,96.17,303.27,0.41,0.32
6527,10855.2,2684770,0.29,0
6528,17976,3604780,0.14,0
6529,767.55,31465.9,0.67,0.02
6530,2039.25,200411,0.61,0.01
6531,1531.87,157326,0.84,0.01
6532,1218.73,68485.4,0.58,0.02
6533,3055.6,362605,0.49,0.01
6534,772.52,37539.5,0.79,0.02
6535,1196.88,74426.8,0.65,0.02
6536,102.74,487.15,0.58,0.21
6537,1593.87,67700.2,0.33,0.02
6538,546.52,9150.87,0.38,0.06
6539,1767.35,189178,0.76,0.01
6540,485.46,14870.7,0.79,0.03
6541,519.37,16396.7,0.76,0.03
6542,89.05,473.76,0.75,0.19
6543,509.94,15192.9,0.73,0.03
6544,422.43,9357.08,0.66,0.05
6545,504.36,15570.2,0.77,0.03
6546,725.46,30603.2,0.73,0.02
6547,535.15,11991.4,0.53,0.04
6548,1849.85,197811,0.73,0.01
6549,1242.4,82071.7,0.67,0.02
6550,428.77,9308.8,0.64,0.05
6551,483.69,11069.3,0.59,0.04
6552,305.75,4409.45,0.59,0.07
6553,444.2,9000.51,0.57,0.05
6554,166.78,1187.22,0.54,0.14
6555,426.52,8700.85,0.6,0.05
6556,1020.91,54708.6,0.66,0.02
6557,521.52,12130,0.56,0.04
6558,446.96,10021.8,0.63,0.04
6559,517.61,13895.6,0.65,0.04
6560,281.63,3722.31,0.59,0.08
6561,451.26,11112.5,0.69,0.04
6562,957.79,15413.3,0.21,0.06
6563,617.23,13627.2,0.45,0.05
6564,587.97,12947.5,0.47,0.05
6565,571.5,12972,0.5,0.04
6566,643.9,25259.2,0.77,0.03
6567,418.27,10534,0.76,0.04
6568,420.41,10821.9,0.77,0.04
6569,589.28,20274.8,0.73,0.03
6570,5512.43,1155440,0.48,0
6571,5395.17,618768,0.27,0.01
6572,4538.24,903798,0.55,0.01
6573,5569.99,1038640,0.42,0.01
6574,1625.52,126581,0.6,0.01
6575,3082.8,417897,0.55,0.01
6576,15388.2,3609040,0.19,0
6577,1877.59,209025,0.74,0.01
6578,214.86,2525.65,0.69,0.09
6579,1090.76,70595.5,0.75,0.02
6580,389.74,9028.02,0.75,0.04
6581,405.57,4679.47,0.36,0.09
6582,210.84,3069.33,0.87,0.07
6583,202.21,2379.07,0.73,0.08
6584,206.18,2505.02,0.74,0.08
6585,203.72,2209.13,0.67,0.09
6586,485.06,14081.4,0.75,0.03
6587,326.32,4379.32,0.52,0.07
6588,259.92,3219.8,0.6,0.08
6589,197.4,2093.77,0.67,0.09
6590,322.24,4010.96,0.49,0.08
6591,324.14,4069.31,0.49,0.08
6592,320.01,3930.56,0.48,0.08
6593,322.82,4177.13,0.5,0.08
6594,344.4,4707.73,0.5,0.07
6595,202.41,2383.47,0.73,0.08
6596,204.41,2446.48,0.74,0.08
6597,205.13,2469.44,0.74,0.08
6598,200.96,2336.73,0.73,0.09
6599,405.95,5239.49,0.4,0.08
6600,213.08,2309.78,0.64,0.09
6601,411.71,5567.48,0.41,0.07
6602,215.94,2416.89,0.65,0.09
6603,207.98,2195.18,0.64,0.09
6604,405.47,5359.34,0.41,0.08
6605,215.56,2406.12,0.65,0.09
6606,207.73,2553.99,0.74,0.08
6607,420.69,6841.33,0.49,0.06
6608,239.82,3147.98,0.69,0.08
6609,411.55,6258.48,0.46,0.07
6610,188.77,2188.44,0.77,0.09
6611,409.74,5216.98,0.39,0.08
6612,212.71,2291.45,0.64,0.09
6613,206.7,2246.22,0.66,0.09
6614,1407.83,121810,0.77,0.01
6615,5940.42,1509440,0.54,0
6616,8523.01,2096140,0.36,0
6617,1975.95,186743,0.6,0.01
6618,154.43,1066.29,0.56,0.14
6619,823.58,11743.4,0.22,0.07
6620,3600.9,198081,0.19,0.02
6621,937.35,12858,0.18,0.07
6622,1027.86,43116.4,0.51,0.02
6623,552.66,13623,0.56,0.04
6624,2532.57,366255,0.72,0.01
6625,4043.39,981545,0.75,0
6626,1181.08,32376.6,0.29,0.04
6627,557.52,14602.9,0.59,0.04
6628,794.92,32620.6,0.65,0.02
6629,2239.24,16531.4,0.04,0.14
6630,465.04,2579.83,0.15,0.18
6631,261.56,2907.46,0.53,0.09
6632,260.34,1607.98,0.3,0.16
6633,285.76,1886.39,0.29,0.15
6634,433.95,3223.34,0.21,0.13
6635,470.52,4197.78,0.24,0.11
6636,495.86,12246,0.63,0.04
6637,475.62,3712.59,0.21,0.13
6638,202.68,2215.81,0.68,0.09
6639,668.03,25345.2,0.71,0.03
6640,215.28,2211.98,0.6,0.1
6641,641.92,5365.22,0.16,0.12
6642,504.85,4868.87,0.24,0.1
6643,380.46,7038.68,0.61,0.05
6644,908.05,16928.6,0.26,0.05
6645,1523.86,37522.1,0.2,0.04
6646,3923.36,951836,0.78,0
6647,1949.45,109095,0.36,0.02
6648,6240.73,949740,0.31,0.01
6649,945.83,53653.8,0.75,0.02
6650,1761.77,120883,0.49,0.01
6651,1991.1,199576,0.63,0.01
6652,2037.71,244729,0.74,0.01
6653,1042.65,65967,0.76,0.02
6654,1366.39,53855.6,0.36,0.03
6655,459.84,12476.4,0.74,0.04
6656,852.01,37161.8,0.64,0.02
6657,937.61,47651.8,0.68,0.02
6658,1225.94,90962.9,0.76,0.01
6659,876.91,47801.7,0.78,0.02
6660,852.7,44662.7,0.77,0.02
6661,62.77,231.4,0.74,0.27
6662,2021.46,201365,0.62,0.01
6663,2326.69,317602,0.74,0.01
6664,1518.63,106597,0.58,0.01
6665,5246.17,1351590,0.62,0
6666,123.7,955.96,0.78,0.13
6667,128.68,1031.48,0.78,0.12
6668,132.86,1102.1,0.78,0.12
6669,130.51,1061.21,0.78,0.12
6670,142.5,1268.46,0.78,0.11
6671,2064.61,209080,0.62,0.01
6672,146.44,1341.21,0.79,0.11
6673,139.39,1206.26,0.78,0.12
6674,303.7,4331.78,0.59,0.07
6675,329.86,4862.01,0.56,0.07
6676,141.5,1245.3,0.78,0.11
6677,292.28,3585.74,0.53,0.08
6678,292.72,3579.99,0.52,0.08
6679,129.21,1042.78,0.78,0.12
6680,136.9,1171,0.78,0.12
6681,138.41,1191.35,0.78,0.12
6682,127.08,1007.27,0.78,0.13
6683,137.14,1163.54,0.78,0.12
6684,122.8,942.24,0.78,0.13
6685,128.22,1024.44,0.78,0.13
6686,124.75,971.94,0.78,0.13
6687,127.18,1009.39,0.78,0.13
6688,290.03,3487.41,0.52,0.08
6689,386.31,8191.2,0.69,0.05
6690,294.6,3780.29,0.55,0.08
6691,132.62,1099.12,0.78,0.12
6692,131.44,1078.97,0.78,0.12
6693,132.34,1094.16,0.78,0.12
6694,127.67,1016.84,0.78,0.13
6695,130.95,1070.46,0.78,0.12
6696,128.64,1032.61,0.78,0.12
6697,123.09,946.9,0.78,0.13
6698,127.51,1016.09,0.78,0.13
6699,125.21,979.61,0.78,0.13
6700,129.11,1041.42,0.78,0.12
6701,128.67,1032.52,0.78,0.12
6702,136.55,1164.84,0.78,0.12
6703,125.28,980.67,0.78,0.13
6704,2407.75,345258,0.75,0.01
6705,1198.68,76196.4,0.67,0.02
6706,1686.55,30127.2,0.13,0.06
6707,2503.71,350326,0.7,0.01
6708,894.78,9898.5,0.16,0.09
6709,2560.74,388451,0.74,0.01
6710,1248.72,68757.7,0.55,0.02
6711,10119.9,3907010,0.48,0
6712,2095.15,119838,0.34,0.02
6713,133.48,1126.62,0.79,0.12
6714,704.11,13100.1,0.33,0.05
6715,707.41,13260.7,0.33,0.05
6716,707.44,12497,0.31,0.06
6717,476.09,7893.65,0.44,0.06
6718,402.49,6926.58,0.54,0.06
6719,313.81,4542.5,0.58,0.07
6720,143.52,1281.8,0.78,0.11
6721,389.97,6621.22,0.55,0.06
6722,435.03,6937.58,0.46,0.06
6723,457.31,8167.15,0.49,0.06
6724,462.12,7978.51,0.47,0.06
6725,472.09,8065.61,0.45,0.06
6726,3979.48,753259,0.6,0.01
6727,2054.28,237734,0.71,0.01
6728,421.97,10650.9,0.75,0.04
6729,1287.36,96831.2,0.73,0.01
6730,939.02,52637.6,0.75,0.02
6731,260.78,3547.88,0.66,0.07
6732,274.63,3911.71,0.65,0.07
6733,2915.35,305583,0.45,0.01
6734,585.23,15127.8,0.55,0.04
6735,291.35,4230.3,0.63,0.07
6736,252.42,2970.68,0.59,0.08
6737,254.63,3039.23,0.59,0.08
6738,253.59,2947.29,0.58,0.09
6739,246.67,2638.29,0.54,0.09
6740,263.23,3482.83,0.63,0.08
6741,250.5,2872.25,0.57,0.09
6742,380.54,8967.03,0.78,0.04
6743,248.16,2752.34,0.56,0.09
6744,1327.54,106376,0.76,0.01
6745,330.41,6369.44,0.73,0.05
6746,248.22,2920.05,0.6,0.09
6747,1827.99,167473,0.63,0.01
6748,577.71,14908.6,0.56,0.04
6749,429.07,11319.1,0.77,0.04
6750,305.38,3527.3,0.48,0.09
6751,298.38,3547.75,0.5,0.08
6752,418.86,10746.3,0.77,0.04
6753,307.35,4040.17,0.54,0.08
6754,292.38,3139.25,0.46,0.09
6755,357.33,4403.27,0.43,0.08
6756,298.35,3494.83,0.49,0.09
6757,352.7,4273.02,0.43,0.08
6758,358.73,4556.32,0.44,0.08
6759,472.59,13109.6,0.74,0.04
6760,299.06,3535.14,0.5,0.08
6761,357.01,4301.21,0.42,0.08
6762,286.76,4140.04,0.63,0.07
6763,446.97,12417.9,0.78,0.04
6764,1089,73340.2,0.78,0.01
6765,242.33,2770.36,0.59,0.09
6766,256.19,3322.32,0.64,0.08
6767,244.79,2726.27,0.57,0.09
6768,401.45,10025.6,0.78,0.04
6769,257.4,3374.49,0.64,0.08
6770,242.51,2670.72,0.57,0.09
6771,246.01,2842.39,0.59,0.09
6772,244.03,2789.81,0.59,0.09
6773,245.22,2717.17,0.57,0.09
6774,244.89,2791.89,0.58,0.09
6775,2624.83,170505,0.31,0.02
6776,11002.5,2737360,0.28,0
6777,1229.99,77749.1,0.65,0.02
6778,460.4,13073.2,0.77,0.04
6779,323.01,6252.98,0.75,0.05
6780,531.88,17529.3,0.78,0.03
6781,996.76,51893.4,0.66,0.02
6782,320.06,6060.29,0.74,0.05
6783,310.68,5620.71,0.73,0.06
6784,259.64,3084.55,0.57,0.08
6785,327.79,6430.77,0.75,0.05
6786,441.33,11999,0.77,0.04
6787,176.98,1550.68,0.62,0.11
6788,333.84,6728.78,0.76,0.05
6789,409.34,8782.09,0.66,0.05
6790,778.13,27679.7,0.57,0.03
6791,173.65,1573.89,0.66,0.11
6792,159.93,1357.3,0.67,0.12
6793,302.63,5711.36,0.78,0.05
6794,313.87,5872.26,0.75,0.05
6795,2085.32,219823,0.63,0.01
6796,400.78,9928.01,0.78,0.04
6797,518.95,14181.8,0.66,0.04
6798,455.64,12895.8,0.78,0.04
6799,446.8,12470.3,0.78,0.04
6800,248.76,3687.25,0.75,0.07
6801,276.42,4735.67,0.78,0.06
6802,338.28,6666.08,0.73,0.05
6803,371.47,7505.56,0.68,0.05
6804,291.56,4919.43,0.73,0.06
6805,279.56,2886.86,0.46,0.1
6806,308.81,5809.52,0.77,0.05
6807,759.56,17680.3,0.38,0.04
6808,633.89,19174,0.6,0.03
6809,315.73,6083.68,0.77,0.05
6810,278.87,4835.8,0.78,0.06
6811,258.13,2590.07,0.49,0.1
6812,649.71,22010.4,0.65,0.03
6813,262.56,2685.46,0.49,0.1
6814,450.3,10496.3,0.65,0.04
6815,662.42,22804.9,0.65,0.03
6816,259.9,2535.4,0.47,0.1
6817,262.2,2684.8,0.49,0.1
6818,301.11,4732.19,0.66,0.06
6819,402.03,9282.07,0.72,0.04
6820,359.44,7420.12,0.72,0.05
6821,259.9,2658.16,0.49,0.1
6822,283.15,2973.96,0.47,0.1
6823,298.38,3226.17,0.46,0.09
6824,286.51,3109.59,0.48,0.09
6825,295.05,3118.86,0.45,0.09
6826,262.6,2687.66,0.49,0.1
6827,176.46,1927,0.78,0.09
6828,262,2657.12,0.49,0.1
6829,257.5,2555.67,0.48,0.1
6830,241.63,2335.83,0.5,0.1
6831,300.13,4781.59,0.67,0.06
6832,298.83,4662.73,0.66,0.06
6833,371.42,7319.33,0.67,0.05
6834,285.84,3039.77,0.47,0.09
6835,322.39,5443.44,0.66,0.06
6836,457.35,11241.6,0.68,0.04
6837,460.16,11554,0.69,0.04
6838,6059.88,1872030,0.64,0
6839,3345.26,502316,0.56,0.01
6840,361.71,7509.69,0.72,0.05
6841,259.08,2626.55,0.49,0.1
6842,239.29,2547.3,0.56,0.09
6843,255.9,2480.92,0.48,0.1
6844,249.65,2455.65,0.49,0.1
6845,4577.26,947520,0.57,0
6846,64.59,167.76,0.51,0.39
6847,354.24,6524.5,0.65,0.05
6848,286.65,3030.37,0.46,0.09
6849,284.97,3035.26,0.47,0.09
6850,300.01,3231.76,0.45,0.09
6851,306.47,5535.77,0.74,0.06
6852,203,1645.73,0.5,0.12
6853,327.49,6117,0.72,0.05
6854,454.74,11248.5,0.68,0.04
6855,297.2,5519.89,0.78,0.05
6856,305.49,5821.58,0.78,0.05
6857,294.99,5436.71,0.78,0.05
6858,297.62,5535.06,0.78,0.05
6859,387.23,9345.83,0.78,0.04
6860,446.05,12070.2,0.76,0.04
6861,8716.97,3797890,0.63,0
6862,19762,17340300,0.56,0
6863,437.25,11641.9,0.76,0.04
6864,316.91,3917.89,0.49,0.08
6865,612.01,22725.5,0.76,0.03
6866,617.17,23183.3,0.76,0.03
6867,323.71,4080.1,0.49,0.08
6868,315.48,3920.81,0.49,0.08
6869,610.48,22610.4,0.76,0.03
6870,313.2,3770.26,0.48,0.08
6871,316.91,3898.31,0.49,0.08
6872,556.64,19329.7,0.78,0.03
6873,534.87,17547.7,0.77,0.03
6874,672.99,16731.3,0.46,0.04
6875,20724.8,10997200,0.32,0
6876,2357.28,255902,0.58,0.01
6877,1023.05,57138.2,0.69,0.02
6878,6121.98,1922440,0.64,0
6879,723.51,31556.8,0.76,0.02
6880,781.95,37890.1,0.78,0.02
6881,1007.23,52601.9,0.65,0.02
6882,367.73,5562.49,0.52,0.07
6883,179.24,1999.18,0.78,0.09
6884,1797.14,157769,0.61,0.01
6885,988.2,56655.4,0.73,0.02
6886,7752.75,2409800,0.5,0
6887,1120.48,64905.5,0.65,0.02
6888,4786.66,1249810,0.69,0
6889,2809.42,485705,0.77,0.01
6890,14265.9,9841790,0.61,0
6891,11563,7681980,0.72,0
6892,2411.37,254156,0.55,0.01
6893,8788.36,4323340,0.7,0
6894,8258.17,4149080,0.76,0
6895,4473.23,1231280,0.77,0
6896,6018.13,1992710,0.69,0
6897,5899.26,1643940,0.59,0
6898,656.06,5457.97,0.16,0.12
6899,2897.28,504853,0.76,0.01
6900,2332.45,341996,0.79,0.01
6901,2751.49,453331,0.75,0.01
6902,2972.62,276860,0.39,0.01
6903,2714.7,445339,0.76,0.01
6904,1355.35,100782,0.69,0.01
6905,1464.73,122431,0.72,0.01
6906,1326.07,99555.2,0.71,0.01
6907,1392.95,113986,0.74,0.01
6908,716.57,29291.7,0.72,0.02
6909,776.89,36385,0.76,0.02
6910,881.27,48505.4,0.78,0.02
6911,697.71,30271.1,0.78,0.02
6912,2131.42,147175,0.41,0.01
6913,2038.47,240396,0.73,0.01
6914,1558.29,67140.7,0.35,0.02
6915,1566.29,92123.2,0.47,0.02
6916,597.27,6024.64,0.21,0.1
6917,2227.36,231072,0.59,0.01
6918,459.09,9489.5,0.57,0.05
6919,10387.3,3965750,0.46,0
6920,1551.96,148977,0.78,0.01
6921,1229.31,86397.4,0.72,0.01
6922,1328.65,108294,0.77,0.01
6923,1149.37,82152.4,0.78,0.01
6924,1472.11,128903,0.75,0.01
6925,1831.35,116959,0.44,0.02
6926,1908.43,143406,0.49,0.01
6927,1089.9,72702.6,0.77,0.01
6928,481.38,10376.2,0.56,0.05
6929,819.89,41881.6,0.78,0.02
6930,510.94,11009.5,0.53,0.05
6931,596.1,20389.8,0.72,0.03
6932,7093.23,2481890,0.62,0
6933,520.15,14778.2,0.69,0.04
6934,550.45,16684.5,0.69,0.03
6935,544.25,13954.3,0.59,0.04
6936,732.48,22958.2,0.54,0.03
6937,358.04,4192.38,0.41,0.09
6938,682.25,27418.7,0.74,0.02
6939,860.06,31678.3,0.54,0.03
6940,671.5,23953.7,0.67,0.03
6941,1386.86,126919,0.83,0.01
6942,4895.79,608096,0.32,0.01
6943,725.34,7181.14,0.17,0.1
6944,679.84,27772,0.75,0.02
6945,4553.26,459825,0.28,0.01
6946,320.78,5270.44,0.64,0.06
6947,569.34,20141.8,0.78,0.03
6948,259.18,4130.09,0.77,0.06
6949,313.53,5344.11,0.68,0.06
6950,576.85,16258,0.61,0.04
6951,890.02,33652.6,0.53,0.03
6952,231.11,3095.11,0.73,0.07
6953,334.87,5579.92,0.62,0.06
6954,331.58,5435.33,0.62,0.06
6955,387.99,8887.81,0.74,0.04
6956,15712.2,9014460,0.46,0
6957,648.72,27278.5,0.81,0.02
6958,1358.61,69039.4,0.47,0.02
6959,2169.46,278927,0.74,0.01
6960,1531.27,98658.3,0.53,0.02
6961,993.42,49765.4,0.63,0.02
6962,1149.14,76701.8,0.73,0.01
6963,9231.08,4339400,0.64,0
6964,20777.4,15393800,0.45,0
6965,891.85,35654.4,0.56,0.03
6966,1444.85,57728.2,0.35,0.03
6967,994.64,47292.8,0.6,0.02
6968,1606.28,153880,0.75,0.01
6969,8560.03,2716310,0.47,0
6970,679.74,22271.3,0.61,0.03
6971,619.73,17877.4,0.58,0.03
6972,36.5,44.5,0.42,0.82
6973,551.37,13727.7,0.57,0.04
6974,8288.88,1609700,0.29,0.01
6975,2835.46,214237,0.33,0.01
6976,1837.73,199828,0.74,0.01
6977,461.22,7410.13,0.44,0.06
6978,532.83,15749,0.7,0.03
6979,721.54,25852.3,0.62,0.03
6980,1304.35,55500.6,0.41,0.02
6981,796.75,39496,0.78,0.02
6982,543.31,13396.9,0.57,0.04
6983,973.09,32067.8,0.43,0.03
6984,626.22,15312.2,0.49,0.04
6985,13498.7,9367150,0.65,0
6986,856.12,41343.1,0.71,0.02
6987,498.29,9078.02,0.46,0.05
6988,3304.56,322679,0.37,0.01
6989,6402.22,2070890,0.63,0
6990,1278.02,49285.5,0.38,0.03
6991,6152.81,2068600,0.69,0
6992,4008.74,847288,0.66,0
6993,17766.3,4491560,0.18,0
6994,774.01,26458.9,0.55,0.03
6995,3693.28,501722,0.46,0.01
6996,895.7,43945.8,0.69,0.02
6997,3745.64,626769,0.56,0.01
6998,427.55,4451.52,0.31,0.1
6999,479.06,9797.39,0.54,0.05
7000,564.9,18996.3,0.75,0.03
7001,638.72,26332.4,0.81,0.02
7002,732.46,33338.7,0.78,0.02
7003,578.52,18557.3,0.7,0.03
7004,2120.44,149878,0.42,0.01
7005,311.27,2040.67,0.26,0.15
7006,819.24,33609,0.63,0.02
7007,330.35,6509.47,0.75,0.05
7008,367.11,8464.95,0.79,0.04
7009,318.2,6106.47,0.76,0.05
7010,590.65,4769.13,0.17,0.12
7011,1086.85,61909.3,0.66,0.02
7012,1359.82,94154,0.64,0.01
7013,677.74,24221.6,0.66,0.03
7014,554.42,17704.1,0.72,0.03
7015,3167.03,530021,0.66,0.01
7016,2360.15,125540,0.28,0.02
7017,419.56,10956.7,0.78,0.04
7018,1266.3,52703.3,0.41,0.02
7019,745.12,26173.5,0.59,0.03
7020,574.48,7600.1,0.29,0.08
7021,1899.2,207719,0.72,0.01
7022,966.52,57846.6,0.78,0.02
7023,826.68,42786.8,0.79,0.02
7024,1293.34,57896,0.43,0.02
7025,2001.9,174466,0.55,0.01
7026,8067.75,1192270,0.23,0.01
7027,226.34,1481.37,0.36,0.15
7028,1621.17,118510,0.57,0.01
7029,447.4,7159.95,0.45,0.06
7030,2418.32,184248,0.4,0.01
7031,822.46,30713.4,0.57,0.03
7032,747.33,33989.2,0.76,0.02
7033,1073.22,36258.2,0.4,0.03
7034,56.2,175.59,0.7,0.32
7035,56.15,157.32,0.63,0.36
7036,36956.9,19092200,0.18,0
7037,3166.66,216485,0.27,0.01
7038,1196.91,72538.7,0.64,0.02
7039,584.46,15927.5,0.59,0.04
7040,225.77,2539.2,0.63,0.09
7041,1176.84,64632.3,0.59,0.02
7042,98.28,500.31,0.65,0.2
7043,1156.2,74758.5,0.7,0.02
7044,435.03,6364.27,0.42,0.07
7045,1112.79,66932.3,0.68,0.02
7046,3704.93,874644,0.8,0
7047,322.25,5349.72,0.65,0.06
7048,610.07,18964.6,0.64,0.03
7049,332.67,6590.25,0.75,0.05
7050,606.34,19300,0.66,0.03
7051,361.04,8054.22,0.78,0.04
7052,345.23,7480.64,0.79,0.05
7053,420.15,10630.1,0.76,0.04
7054,159.62,1791.73,0.88,0.09
7055,359.09,7713.89,0.75,0.05
7056,242.6,3621.54,0.77,0.07
7057,332.93,6810.37,0.77,0.05
7058,365.65,8205.36,0.77,0.04
7059,338.8,7057.96,0.77,0.05
7060,286.59,4089.8,0.63,0.07
7061,790.21,38105.9,0.77,0.02
7062,1129.71,12881.5,0.13,0.09
7063,1083.93,29772,0.32,0.04
7064,613.72,5848.85,0.2,0.1
7065,292.43,5227.18,0.77,0.06
7066,53.22,180.78,0.8,0.29
7067,562.3,17162.6,0.68,0.03
7068,259.12,1527.99,0.29,0.17
7069,616.18,20409,0.68,0.03
7070,510.13,15270.3,0.74,0.03
7071,152.28,1446.29,0.78,0.11
7072,182.21,1788.73,0.68,0.1
7073,287.14,4889.35,0.74,0.06
7074,270,3934.89,0.68,0.07
7075,293.08,4025.73,0.59,0.07
7076,297.3,4206.22,0.6,0.07
7077,311.23,5419.49,0.7,0.06
7078,1147.02,22811.8,0.22,0.05
7079,741.15,24992.1,0.57,0.03
7080,645.26,18722.8,0.56,0.03
7081,65.11,176.81,0.52,0.37
7082,437.05,11551,0.76,0.04
7083,59.71,281.15,0.99,0.21
7084,66.83,352.2,0.99,0.19
7085,150.67,567.63,0.31,0.27
7086,2098.85,266861,0.76,0.01
7087,1243.09,44455.3,0.36,0.03
7088,1959.36,182950,0.6,0.01
7089,861.2,33588.1,0.57,0.03
7090,364.46,7533.31,0.71,0.05
7091,284.24,4977.48,0.77,0.06
7092,796.72,35137,0.7,0.02
7093,767.7,31305.5,0.67,0.02
7094,812.39,21151,0.4,0.04
7095,720.87,17380.2,0.42,0.04
7096,443.06,7639.43,0.49,0.06
7097,660.87,23149.5,0.67,0.03
7098,164.41,1123.18,0.52,0.15
7099,3113.89,294014,0.38,0.01
7100,330.35,6405.03,0.74,0.05
7101,292.67,4779.41,0.7,0.06
7102,875.44,31707.1,0.52,0.03
7103,1185.34,83363.6,0.75,0.01
7104,2209.75,216071,0.56,0.01
7105,814.02,27981.4,0.53,0.03
7106,411.79,10312.2,0.76,0.04
7107,162.83,1054.07,0.5,0.15
7108,236.2,3217.2,0.72,0.07
7109,212.64,2312.4,0.64,0.09
7110,448.98,11480.1,0.72,0.04
7111,938.68,35535.1,0.51,0.03
7112,430.64,6166.04,0.42,0.07
7113,438.71,6423.47,0.42,0.07
7114,350.4,5425.14,0.55,0.06
7115,49.91,92.54,0.47,0.54
7116,242.97,3109.07,0.66,0.08
7117,263.28,3818.65,0.69,0.07
7118,273.27,4263.08,0.72,0.06
7119,233.55,2849.22,0.66,0.08
7120,190.53,1715.87,0.59,0.11
7121,251.96,3550.65,0.7,0.07
7122,97.97,565.08,0.74,0.17
7123,300.01,3574.08,0.5,0.08
7124,291.51,2661.29,0.39,0.11
7125,229.11,3211.93,0.77,0.07
7126,3544.37,284094,0.28,0.01
7127,650.63,10076.4,0.3,0.06
7128,9396.25,4484160,0.64,0
7129,399.47,10154.2,0.8,0.04
7130,15752,5461150,0.28,0
7131,932.15,51348.6,0.74,0.02
7132,455.44,11002.1,0.67,0.04
7133,167.8,236.43,0.11,0.71
7134,379.43,1721.39,0.15,0.22
7135,238.99,2749.03,0.6,0.09
7136,6113.55,2174180,0.73,0
7137,136.81,364,0.24,0.38
7138,408.09,1958.1,0.15,0.21
7139,4373.04,723615,0.48,0.01
7140,381.91,8185.67,0.7,0.05
7141,284.79,3058.73,0.47,0.09
7142,248.33,3865.99,0.79,0.06
7143,324.31,5092.39,0.61,0.06
7144,353.74,7195.85,0.72,0.05
7145,114.61,772.63,0.74,0.15
7146,2064.44,198772,0.59,0.01
7147,159.15,626.63,0.31,0.25
7148,1075.54,52967.2,0.58,0.02
7149,1011.6,43051.9,0.53,0.02
7150,910.12,41112.9,0.62,0.02
7151,1142.53,79715.8,0.77,0.01
7152,739.66,27619.3,0.63,0.03
7153,18034,14208500,0.55,0
7154,1886.28,190874,0.67,0.01
7155,827.91,37949.8,0.7,0.02
7156,1274.04,39754.7,0.31,0.03
7157,2373.81,226831,0.51,0.01
7158,410.15,9413.66,0.7,0.04
7159,570.26,20461.7,0.79,0.03
7160,615.43,17651.7,0.59,0.03
7161,871.57,15534.1,0.26,0.06
7162,2182.92,281749,0.74,0.01
7163,5573.56,1393110,0.56,0
7164,7116.55,2579150,0.64,0
7165,4627.74,576802,0.34,0.01
7166,2101.45,170446,0.48,0.01
7167,2095.62,275034,0.79,0.01
7168,653.88,25722,0.76,0.03
7169,320.06,6581.55,0.81,0.05
7170,1650.57,173742,0.8,0.01
7171,955.11,41668.1,0.57,0.02
7172,1243.92,21322.4,0.17,0.06
7173,9406.56,2310480,0.33,0
7174,966.31,58053.2,0.78,0.02
7175,1340.6,92917.9,0.65,0.01
7176,846.43,40882.2,0.72,0.02
7177,2954.05,543270,0.78,0.01
7178,2996.69,143703,0.2,0.02
7179,1274.89,69572.1,0.54,0.02
7180,327.42,6634.79,0.78,0.05
7181,11152,4044230,0.41,0
7182,748.76,22937.6,0.51,0.03
7183,604.1,11112.9,0.38,0.05
7184,596.53,21388.1,0.75,0.03
7185,1592.79,144123,0.71,0.01
7186,241.37,4593.67,0.99,0.05
7187,393.36,7481.48,0.61,0.05
7188,488.78,14048.9,0.74,0.03
7189,485.21,13986.3,0.75,0.03
7190,1363.95,50440.1,0.34,0.03
7191,175.89,1463.78,0.59,0.12
7192,221.91,1943.51,0.5,0.11
7193,299.63,5610.28,0.78,0.05
7194,525.42,17223,0.78,0.03
7195,507.65,14001.5,0.68,0.04
7196,6023.7,986556,0.34,0.01
7197,1584.49,100299,0.5,0.02
7198,88.06,321.03,0.52,0.27
7199,1379.32,106245,0.7,0.01
7200,7004.66,1845710,0.47,0
7201,1928.12,231591,0.78,0.01
7202,884.94,11398.6,0.18,0.08
7203,642.86,21845.5,0.66,0.03
7204,458.59,11138.1,0.67,0.04
7205,304.33,5290.43,0.72,0.06
7206,397.69,6734,0.53,0.06
7207,277.42,5199.41,0.85,0.05
7208,429.33,9812.11,0.67,0.04
7209,290.14,5219.82,0.78,0.06
7210,1759.91,142785,0.58,0.01
7211,491.1,10005.2,0.52,0.05
7212,1025.65,65403.6,0.78,0.02
7213,1700.87,146857,0.64,0.01
7214,3189.1,595449,0.74,0.01
7215,1812.75,111343,0.43,0.02
7216,709.4,28304.6,0.71,0.03
7217,750.63,34073.1,0.76,0.02
7218,1895.69,212665,0.74,0.01
7219,1216.55,92192.3,0.78,0.01
7220,1488.74,131463,0.74,0.01
7221,4771.68,793607,0.44,0.01
7222,881.29,36405.5,0.59,0.02
7223,3198.42,331115,0.41,0.01
7224,3201.36,588428,0.72,0.01
7225,2072.94,187424,0.55,0.01
7226,610.27,15799.2,0.53,0.04
7227,1344.89,97545.6,0.68,0.01
7228,8314.01,2783100,0.51,0
7229,693.86,13363.5,0.35,0.05
7230,4761.17,1083810,0.6,0
7231,11431.1,5534910,0.53,0
7232,9148.42,4775660,0.72,0
7233,8290.14,3517570,0.64,0
7234,1277.05,70101.4,0.54,0.02
7235,1234.46,76645.7,0.63,0.02
7236,1333.15,105359,0.74,0.01
7237,438.41,11032.4,0.72,0.04
7238,1378.9,117180,0.77,0.01
7239,402.13,7945.19,0.62,0.05
7240,462.69,11590.1,0.68,0.04
7241,271.54,4735.23,0.81,0.06
7242,2377.18,256554,0.57,0.01
7243,560.52,19949.5,0.8,0.03
7244,1437.83,99630.8,0.61,0.01
7245,336.52,4991.81,0.55,0.07
7246,2755.71,314637,0.52,0.01
7247,13702.1,5523020,0.37,0
7248,1395.81,35246,0.23,0.04
7249,807.04,39246.4,0.76,0.02
7250,1878.97,70830.8,0.25,0.03
7251,635.72,25509.4,0.79,0.02
7252,636.99,24852.7,0.77,0.03
7253,630.22,24479.7,0.77,0.03
7254,569.59,18618.7,0.72,0.03
7255,618.18,14259.1,0.47,0.04
7256,739.65,30930.2,0.71,0.02
7257,810.36,41528.5,0.79,0.02
7258,1441.55,121172,0.73,0.01
7259,12455.2,8806820,0.71,0
7260,632.98,23012.9,0.72,0.03
7261,1675.44,171941,0.77,0.01
7262,786.39,38391.7,0.78,0.02
7263,661.74,21941,0.63,0.03
7264,970.9,33456,0.45,0.03
7265,922.64,29413.2,0.43,0.03
7266,544.6,15224.8,0.64,0.04
7267,831.54,42766.5,0.78,0.02
7268,1622.74,84118,0.4,0.02
7269,238.84,2458.04,0.54,0.1
7270,235.56,2387.59,0.54,0.1
7271,235.49,2371.49,0.54,0.1
7272,240.88,2526.19,0.55,0.1
7273,258.41,3421.55,0.64,0.08
7274,242.19,2598.3,0.56,0.09
7275,238.87,2454.33,0.54,0.1
7276,237.13,2458.45,0.55,0.1
7277,244.55,2790.55,0.59,0.09
7278,253.28,2967.91,0.58,0.09
7279,238.16,2393.79,0.53,0.1
7280,246.27,2783.54,0.58,0.09
7281,242.02,2680.26,0.57,0.09
7282,248,2724.55,0.56,0.09
7283,234.51,2333.29,0.53,0.1
7284,241.38,2405.78,0.52,0.1
7285,245.18,2594.94,0.54,0.09
7286,241.92,2441,0.52,0.1
7287,236.36,2412.7,0.54,0.1
7288,243.47,2495.34,0.53,0.1
7289,1233.97,41969.5,0.35,0.03
7290,514.79,12834.1,0.61,0.04
7291,235.52,2369.36,0.54,0.1
7292,242.66,2709.73,0.58,0.09
7293,238.23,2479.76,0.55,0.1
7294,230.12,2237.01,0.53,0.1
7295,238.28,2616.22,0.58,0.09
7296,234.33,2473.76,0.57,0.09
7297,234.46,2357.51,0.54,0.1
7298,226.78,2205.94,0.54,0.1
7299,237.49,2557.97,0.57,0.09
7300,234.34,2450.99,0.56,0.1
7301,238.47,2367.71,0.52,0.1
7302,246.73,2778.9,0.57,0.09
7303,238.77,2530.01,0.56,0.09
7304,247.06,2678.18,0.55,0.09
7305,243.33,2598.27,0.55,0.09
7306,236.06,2481.49,0.56,0.1
7307,234.05,2327.61,0.53,0.1
7308,234.76,2505.04,0.57,0.09
7309,239.57,2560.78,0.56,0.09
7310,244.7,2694.43,0.57,0.09
7311,238.91,2537.93,0.56,0.09
7312,245.7,2615.99,0.54,0.09
7313,242.39,2692.65,0.58,0.09
7314,249.04,2766.97,0.56,0.09
7315,236.07,2318.7,0.52,0.1
7316,234.73,2347.2,0.54,0.1
7317,243.36,2505.83,0.53,0.1
7318,241.95,2534.5,0.54,0.1
7319,233.35,2418.07,0.56,0.1
7320,241.06,2633.57,0.57,0.09
7321,248.11,2725.85,0.56,0.09
7322,238.56,2510.52,0.55,0.1
7323,240.82,2615.63,0.57,0.09
7324,248.95,2755.16,0.56,0.09
7325,246.71,2652.05,0.55,0.09
7326,241.02,2516.92,0.54,0.1
7327,237.76,2481.11,0.55,0.1
7328,245.34,2591.79,0.54,0.09
7329,238.18,2565.7,0.57,0.09
7330,244.96,2562.39,0.54,0.1
7331,259.93,3274.2,0.61,0.08
7332,302.15,5461.86,0.75,0.06
7333,242.66,2455.11,0.52,0.1
7334,248.76,2872.4,0.58,0.09
7335,245.82,2733.68,0.57,0.09
7336,239.97,2461.04,0.54,0.1
7337,1465.62,62474.3,0.37,0.02
7338,306.36,5568.92,0.75,0.06
7339,244.9,2683.78,0.56,0.09
7340,243.72,2621.11,0.55,0.09
7341,239.45,2432.29,0.53,0.1
7342,242.35,2554.37,0.55,0.09
7343,242.27,2558.39,0.55,0.09
7344,237.84,2346.96,0.52,0.1
7345,842.82,42222.6,0.75,0.02
7346,244.63,2667.41,0.56,0.09
7347,2628.3,428466,0.78,0.01
7348,238.61,2394.38,0.53,0.1
7349,244.99,2682.12,0.56,0.09
7350,1656.48,147428,0.67,0.01
7351,1509.46,125123,0.69,0.01
7352,671.74,25500.5,0.71,0.03
7353,2956.03,410625,0.59,0.01
7354,923.5,52608.2,0.77,0.02
7355,8859.87,4375760,0.7,0
7356,5173.32,1572330,0.74,0
7357,8271.65,3352690,0.62,0
7358,3870.76,752976,0.63,0.01
7359,4447.74,605163,0.38,0.01
7360,672.01,23604.3,0.66,0.03
7361,2269.91,302063,0.74,0.01
7362,3061.24,571587,0.77,0.01
7363,1558.5,148789,0.77,0.01
7364,6154.09,1717370,0.57,0
7365,1085.57,60998.8,0.65,0.02
7366,2246.42,225271,0.56,0.01
7367,1437.86,127169,0.77,0.01
7368,1071.27,39533,0.43,0.03
7369,850.93,43897,0.76,0.02
7370,1107.09,54550,0.56,0.02
7371,1615.21,161434,0.78,0.01
7372,9418.7,5293700,0.75,0
7373,1893.34,226574,0.79,0.01
7374,13914.6,7184510,0.47,0
7375,25568.3,23344800,0.45,0
7376,435.02,11646.8,0.77,0.04
7377,1944,213617,0.71,0.01
7378,6213.04,1375530,0.45,0
7379,598.77,21259,0.74,0.03
7380,2501.7,293448,0.59,0.01
7381,1857.9,76023.9,0.28,0.02
7382,1160.57,86161.5,0.8,0.01
7383,634.15,24256.3,0.76,0.03
7384,110.53,169.77,0.17,0.65
7385,1473.94,81107.6,0.47,0.02
7386,928.24,51687.7,0.75,0.02
7387,757.57,36227.9,0.79,0.02
7388,2731.76,233853,0.39,0.01
7389,1555.2,131191,0.68,0.01
7390,533.07,15946.5,0.7,0.03
7391,1535.68,87763.4,0.47,0.02
7392,1418.2,87098.3,0.54,0.02
7393,1058.79,66643.5,0.75,0.02
7394,568.74,20717.1,0.8,0.03
7395,471.07,12990.9,0.74,0.04
7396,522.34,17093.9,0.79,0.03
7397,766.19,31773.6,0.68,0.02
7398,1201.39,89118.2,0.78,0.01
7399,703.08,26374.2,0.67,0.03
7400,772.64,34784.2,0.73,0.02
7401,630.15,18954,0.6,0.03
7402,1746.71,114795,0.47,0.02
7403,5258.85,424368,0.19,0.01
7404,1233.41,78030.6,0.64,0.02
7405,748.41,31953.6,0.72,0.02
7406,5845.87,901096,0.33,0.01
7407,1267.16,91194.1,0.71,0.01
7408,3303.07,313313,0.36,0.01
7409,3263.2,630982,0.74,0.01
7410,4147.37,612828,0.45,0.01
7411,1849.97,162342,0.6,0.01
7412,2177.32,297894,0.79,0.01
7413,877.47,41772,0.68,0.02
7414,1463.76,120217,0.7,0.01
7415,1342.31,112470,0.78,0.01
7416,1860.88,209512,0.76,0.01
7417,1388.5,89611.7,0.58,0.02
7418,1521.15,144484,0.78,0.01
7419,1844.87,210452,0.78,0.01
7420,1314.34,107712,0.78,0.01
7421,955.34,41673.8,0.57,0.02
7422,457.27,12466.9,0.75,0.04
7423,2285.53,300859,0.72,0.01
7424,2108,198456,0.56,0.01
7425,1001.84,52845.8,0.66,0.02
7426,466.32,13312.1,0.77,0.04
7427,1144.58,54113,0.52,0.02
7428,1939.34,156068,0.52,0.01
7429,712.08,28027.8,0.69,0.03
7430,964.17,57330.5,0.77,0.02
7431,1805.72,94410,0.36,0.02
7432,1102.43,56826.4,0.59,0.02
7433,3165.36,204855,0.26,0.02
7434,2072.77,245934,0.72,0.01
7435,1367.53,98410.8,0.66,0.01
7436,4190.41,827107,0.59,0.01
7437,1813,196336,0.75,0.01
7438,1377.33,91273.1,0.6,0.02
7439,1351.1,84859.4,0.58,0.02
7440,1327.04,76761.8,0.55,0.02
7441,771.68,36293.4,0.77,0.02
7442,4539.92,877128,0.53,0.01
7443,534.62,17545.9,0.77,0.03
7444,592.91,21877.9,0.78,0.03
7445,1454.25,133031,0.79,0.01
7446,534.18,17070.5,0.75,0.03
7447,699.91,26969.8,0.69,0.03
7448,653.67,20741.6,0.61,0.03
7449,700.98,27179.1,0.69,0.03
7450,678.23,28814.6,0.79,0.02
7451,1600.83,115248,0.56,0.01
7452,872.34,36786.9,0.61,0.02
7453,786.84,38568,0.78,0.02
7454,758.24,36194.9,0.79,0.02
7455,1260.32,95652.6,0.76,0.01
7456,1832.52,193024,0.72,0.01
7457,1420.08,115384,0.72,0.01
7458,3116.82,317359,0.41,0.01
7459,3295.96,341407,0.39,0.01
7460,1024.65,57826.5,0.69,0.02
7461,10440.9,4175030,0.48,0
7462,5271.92,1019180,0.46,0.01
7463,1276.51,95562.4,0.74,0.01
7464,921.57,31616,0.47,0.03
7465,8446.3,2520680,0.44,0
7466,674.19,26205.8,0.72,0.03
7467,694.96,13664,0.36,0.05
7468,635.61,20809.3,0.65,0.03
7469,625.34,20367,0.65,0.03
7470,634.27,21161.8,0.66,0.03
7471,662.13,23956,0.69,0.03
7472,1174.45,76724.2,0.7,0.02
7473,640.48,21754.7,0.67,0.03
7474,654.92,23413.3,0.69,0.03
7475,1114.04,72744.6,0.74,0.02
7476,6773.67,1429100,0.39,0
7477,1052.15,68712.6,0.78,0.02
7478,1718.87,133071,0.57,0.01
7479,1690.71,161029,0.71,0.01
7480,1681.68,168179,0.75,0.01
7481,1015.76,55742.4,0.68,0.02
7482,1124.05,65742.8,0.65,0.02
7483,211.48,2631.48,0.74,0.08
7484,3124.6,347172,0.45,0.01
7485,564.73,19257.9,0.76,0.03
7486,3334.07,477649,0.54,0.01
7487,834.93,37500.8,0.68,0.02
7488,923.49,52984.5,0.78,0.02
7489,3451.31,368550,0.39,0.01
7490,345.32,3241.66,0.34,0.11
7491,1445.21,125192,0.75,0.01
7492,947.28,54325.2,0.76,0.02
7493,6810.54,2031990,0.55,0
7494,2579.73,314237,0.59,0.01
7495,2427.79,282793,0.6,0.01
7496,6854.41,2860260,0.76,0
7497,3294.71,590995,0.68,0.01
7498,1673.21,154845,0.69,0.01
7499,1666.61,144500,0.65,0.01
7500,1408.34,106154,0.67,0.01
7501,2864.99,262480,0.4,0.01
7502,3239.62,196297,0.23,0.02
7503,2989.65,429963,0.6,0.01
7504,4120.86,402488,0.3,0.01
7505,1371.95,96785.1,0.65,0.01
7506,26315.9,38724200,0.7,0
7507,520.26,14274.5,0.66,0.04
7508,10632.3,3142080,0.35,0
7509,6192.83,1257590,0.41,0
7510,2104.21,260851,0.74,0.01
7511,3454.11,550869,0.58,0.01
7512,1161.27,79681.7,0.74,0.01
7513,9347.58,4590560,0.66,0
7514,7956.31,3693050,0.73,0
7515,1399.85,104539,0.67,0.01
7516,1931.65,243620,0.82,0.01
7517,3177.35,325996,0.41,0.01
7518,2720.12,183616,0.31,0.01
7519,1948.33,226518,0.75,0.01
7520,1697.3,172825,0.75,0.01
7521,1514.04,141493,0.78,0.01
7522,1795.64,198409,0.77,0.01
7523,14498.7,10827000,0.65,0
7524,1868.89,179177,0.64,0.01
7525,7353.96,2528190,0.59,0
7526,2209.08,218615,0.56,0.01
7527,3542.33,704919,0.71,0.01
7528,10863,4655130,0.5,0
7529,1744.77,183681,0.76,0.01
7530,1273.52,85387.4,0.66,0.01
7531,1476.41,124214,0.72,0.01
7532,1439.51,109703,0.66,0.01
7533,2729.18,432254,0.73,0.01
7534,801.32,40101.2,0.78,0.02
7535,1916.7,186592,0.64,0.01
7536,1331.8,100180,0.71,0.01
7537,1008.74,62292.5,0.77,0.02
7538,923.48,54381.5,0.8,0.02
7539,2520.24,314786,0.62,0.01
7540,2480.23,251909,0.51,0.01
7541,1230.83,50275.8,0.42,0.02
7542,965.74,41612,0.56,0.02
7543,873.01,49764.8,0.82,0.02
7544,537.92,14347.8,0.62,0.04
7545,374.81,8487.62,0.76,0.04
7546,644.74,22491,0.68,0.03
7547,523.49,10560.8,0.48,0.05
7548,538.32,10863.7,0.47,0.05
7549,446.22,11784.3,0.74,0.04
7550,1812.62,154087,0.59,0.01
7551,1404.77,116055,0.74,0.01
7552,668.58,24474.4,0.69,0.03
7553,3231.29,510672,0.61,0.01
7554,33.92,24.73,0.27,1.37
7555,1376.28,118950,0.79,0.01
7556,525.37,19815.7,0.9,0.03
7557,1041.99,65645.5,0.76,0.02
7558,1337.27,110830,0.78,0.01
7559,2045.65,243966,0.73,0.01
7560,3230.25,608970,0.73,0.01
7561,1710.78,141855,0.61,0.01
7562,4449.76,1049330,0.67,0
7563,1709.77,181526,0.78,0.01
7564,2082.02,254945,0.74,0.01
7565,9053.58,4795760,0.73,0
7566,4505.01,1116300,0.69,0
7567,3113.64,620353,0.8,0.01
7568,1531.03,146380,0.78,0.01
7569,4153.38,979800,0.71,0
7570,9747.96,5648250,0.75,0
7571,13013.5,5609230,0.42,0
7572,2504.41,364561,0.73,0.01
7573,4903.86,1383930,0.72,0
7574,13415.4,7207600,0.5,0
7575,1929.39,221193,0.75,0.01
7576,6711.99,1887870,0.53,0
7577,21789.4,16420100,0.43,0
7578,8592.81,4231320,0.72,0
7579,1353.53,114546,0.79,0.01
7580,3932.78,750890,0.61,0.01
7581,12170.9,9502210,0.81,0
7582,15801.7,11982200,0.6,0
7583,8281.07,2502070,0.46,0
7584,4648.29,656385,0.38,0.01
7585,3140.62,628866,0.8,0
7586,4998.58,975997,0.49,0.01
7587,1271.21,96526.4,0.75,0.01
7588,1595.38,148876,0.73,0.01
7589,7873.73,2103000,0.43,0
7590,655.37,18352.7,0.54,0.04
7591,582.59,7822.68,0.29,0.07
7592,590.08,8010.09,0.29,0.07
7593,601.4,8814.3,0.31,0.07
7594,3333.82,583080,0.66,0.01
7595,667.36,23365.9,0.66,0.03
7596,10874.9,3058670,0.32,0
7597,4700.08,724063,0.41,0.01
7598,295.46,4661.46,0.67,0.06
7599,1371.6,51605.7,0.34,0.03
7600,733.36,28963.7,0.68,0.03
7601,592.39,13000.1,0.47,0.05
7602,549.92,8358.92,0.35,0.07
7603,4953.73,1035930,0.53,0
7604,7205.23,1899460,0.46,0
7605,417.58,9573.58,0.69,0.04
7606,390.56,9097,0.75,0.04
7607,105.78,584.51,0.66,0.18
7608,3254.38,659819,0.78,0
7609,382.56,7071.78,0.61,0.05
7610,2783.67,412975,0.67,0.01
7611,466.73,13739.8,0.79,0.03
7612,1173.15,80947.2,0.74,0.01
7613,1383.67,89509.4,0.59,0.02
7614,3767.95,754412,0.67,0
7615,1401.94,95491.5,0.61,0.01
7616,980.86,32826,0.43,0.03
7617,3576.08,139745,0.14,0.03
7618,778.28,37181.6,0.77,0.02
7619,1187.5,72668.8,0.65,0.02
7620,452.83,11981.5,0.73,0.04
7621,62.77,251.31,0.8,0.25
7622,1242.99,60053.2,0.49,0.02
7623,1231.48,41688.6,0.35,0.03
7624,1255.19,44013.5,0.35,0.03
7625,1252.28,44188.2,0.35,0.03
7626,594.77,15596.4,0.55,0.04
7627,592.38,15788.1,0.57,0.04
7628,1579.68,144593,0.73,0.01
7629,1155.18,84737.7,0.8,0.01
7630,753.52,27227.8,0.6,0.03
7631,2185.23,249314,0.66,0.01
7632,8158.98,2554160,0.48,0
7633,2016.3,89229.3,0.28,0.02
7634,1067.95,48452,0.53,0.02
7635,3026.62,495579,0.68,0.01
7636,822.78,42470.6,0.79,0.02
7637,824.98,42617.5,0.79,0.02
7638,2062.77,151886,0.45,0.01
7639,1347.64,106444,0.74,0.01
7640,667.83,16651.5,0.47,0.04
7641,1016.32,66335.8,0.81,0.02
7642,713.85,32648.2,0.8,0.02
7643,2892.25,375997,0.56,0.01
7644,470.29,12351,0.7,0.04
7645,721.57,32235.5,0.78,0.02
7646,783.01,37447.2,0.77,0.02
7647,1124.75,78075.1,0.78,0.01
7648,1345.09,109642,0.76,0.01
7649,649.53,24836.6,0.74,0.03
7650,670.46,25998.8,0.73,0.03
7651,656.5,25279.4,0.74,0.03
7652,662.47,25557.3,0.73,0.03
7653,972.27,28407.2,0.38,0.03
7654,927.1,53055.6,0.78,0.02
7655,19034.8,8693980,0.3,0
7656,1092.85,73721.7,0.78,0.01
7657,2406.19,335390,0.73,0.01
7658,2951.44,542729,0.78,0.01
7659,3388.59,545692,0.6,0.01
7660,1300.2,100984,0.75,0.01
7661,2578.21,379037,0.72,0.01
7662,3181.15,358320,0.44,0.01
7663,4007.66,806098,0.63,0
7664,7949.71,3455790,0.69,0
7665,2915.94,159753,0.24,0.02
7666,2750.37,382705,0.64,0.01
7667,4791.88,1408430,0.77,0
7668,2646.13,335184,0.6,0.01
7669,3829.71,729505,0.62,0.01
7670,1896.3,217102,0.76,0.01
7671,1758,117395,0.48,0.01
7672,1118.84,73674.9,0.74,0.02
7673,2678.28,260884,0.46,0.01
7674,768.92,29777.9,0.63,0.03
7675,2375.8,334000,0.74,0.01
7676,652.06,22264,0.66,0.03
7677,613.32,23587.6,0.79,0.03
7678,2425.84,290248,0.62,0.01
7679,670.66,24710.7,0.69,0.03
7680,1803.15,144120,0.56,0.01
7681,1073.62,51047.4,0.56,0.02
7682,276.33,4009.39,0.66,0.07
7683,475.42,12207.4,0.68,0.04
7684,674.13,28942.3,0.8,0.02
7685,775.32,39497.6,0.83,0.02
7686,588.37,15004,0.54,0.04
7687,899.99,41994.7,0.65,0.02
7688,3772.63,695601,0.61,0.01
7689,532.15,14257.6,0.63,0.04
7690,640.63,19904.4,0.61,0.03
7691,466.94,13485.8,0.78,0.03
7692,618.78,19455.1,0.64,0.03
7693,1928.14,189579,0.64,0.01
7694,3803.97,793289,0.69,0
7695,1141.63,74605.4,0.72,0.02
7696,1010.64,54756.2,0.67,0.02
7697,248.58,3366.57,0.68,0.07
7698,1108.46,54895.5,0.56,0.02
7699,266.47,1805.89,0.32,0.15
7700,1508.63,130607,0.72,0.01
7701,2912.7,383879,0.57,0.01
7702,9578.02,2274440,0.31,0
7703,1533.66,123245,0.66,0.01
7704,469.04,13759.1,0.79,0.03
7705,908.29,41244.8,0.63,0.02
7706,10077.2,4764330,0.59,0
7707,3510.2,677063,0.69,0.01
7708,1389.01,108052,0.7,0.01
7709,429.6,11303.5,0.77,0.04
7710,1019.14,52292.5,0.63,0.02
7711,563.69,16350.5,0.65,0.03
7712,623.31,23778.4,0.77,0.03
7713,531.99,17834.1,0.79,0.03
7714,509.39,15957,0.77,0.03
7715,1597.99,123145,0.61,0.01
7716,503.72,13220.8,0.65,0.04
7717,1329.13,102312,0.73,0.01
7718,870.27,43179.6,0.72,0.02
7719,706.23,30047.5,0.76,0.02
7720,469.99,13546.4,0.77,0.03
7721,1300.23,61538.2,0.46,0.02
7722,801.23,40660.1,0.8,0.02
7723,2080.57,214026,0.62,0.01
7724,4129.75,644664,0.47,0.01
7725,1201.55,86577.3,0.75,0.01
7726,357.01,7125.65,0.7,0.05
7727,275.05,4887.54,0.81,0.06
7728,552.74,16024.6,0.66,0.03
7729,647.8,23200.9,0.69,0.03
7730,4865.5,727885,0.39,0.01
7731,948.37,53638.8,0.75,0.02
7732,375.35,8717,0.78,0.04
7733,375.42,7355.43,0.66,0.05
7734,600.33,22247.8,0.78,0.03
7735,2171.24,240335,0.64,0.01
7736,551.65,19578.1,0.81,0.03
7737,363.57,8334.76,0.79,0.04
7738,497.96,8390.56,0.43,0.06
7739,1192.32,65904.4,0.58,0.02
7740,694.63,30390.8,0.79,0.02
7741,358.94,7884.29,0.77,0.05
7742,323.11,6234.27,0.75,0.05
7743,6610.27,1780500,0.51,0
7744,1454.31,131770,0.78,0.01
7745,3195.43,494017,0.61,0.01
7746,2660.4,398173,0.71,0.01
7747,5874.02,873319,0.32,0.01
7748,944.19,55794.8,0.79,0.02
7749,685.81,26054.6,0.7,0.03
7750,600.52,21611.4,0.75,0.03
7751,1218.54,93745.4,0.79,0.01
7752,482.36,13175.4,0.71,0.04
7753,768.97,30738.9,0.65,0.03
7754,771.62,30832.4,0.65,0.03
7755,672.56,17320,0.48,0.04
7756,2940.01,453956,0.66,0.01
7757,2868.82,390986,0.6,0.01
7758,3556.3,760347,0.76,0
7759,2526.13,324463,0.64,0.01
7760,1151.71,73918.8,0.7,0.02
7761,1031.81,51997.3,0.61,0.02
7762,585.18,22516.3,0.83,0.03
7763,1613.37,119744,0.58,0.01
7764,1511.81,110567,0.61,0.01
7765,1244.93,82982.7,0.67,0.02
7766,1870.96,183822,0.66,0.01
7767,3615.03,686666,0.66,0.01
7768,6082.8,2019510,0.69,0
7769,4861.12,1470790,0.78,0
7770,3796.29,595167,0.52,0.01
7771,3944.5,646263,0.52,0.01
7772,3817.47,494374,0.43,0.01
7773,923.16,21119,0.31,0.04
7774,717.53,31674,0.77,0.02
7775,1049.38,57198,0.65,0.02
7776,13131.9,3588380,0.26,0
7777,1925.86,226855,0.77,0.01
7778,541.76,9620.32,0.41,0.06
7779,547.1,8749.26,0.37,0.06
7780,1708.75,83770.9,0.36,0.02
7781,822.14,38261.9,0.71,0.02
7782,3542.38,480510,0.48,0.01
7783,1132.44,32761.1,0.32,0.03
7784,393.48,9776.17,0.79,0.04
7785,1821.87,161948,0.61,0.01
7786,331.87,7163.68,0.82,0.05
7787,553.42,14831.4,0.61,0.04
7788,565.75,15753.4,0.62,0.04
7789,237.37,1416.69,0.32,0.17
7790,108.77,818.91,0.87,0.13
7791,1559.81,120703,0.62,0.01
7792,627.9,24584.3,0.78,0.03
7793,1013.65,46210,0.56,0.02
7794,1278.79,100972,0.78,0.01
7795,989.16,51250.3,0.66,0.02
7796,926.03,51275.5,0.75,0.02
7797,873.17,44833.6,0.74,0.02
7798,907.46,28649.1,0.44,0.03
7799,1989.49,255945,0.81,0.01
7800,13337.1,7150110,0.5,0
7801,3291.46,468254,0.54,0.01
7802,840.35,35205.8,0.63,0.02
7803,10604.5,2628700,0.29,0
7804,2709.82,336714,0.58,0.01
7805,13306,6641930,0.47,0
7806,3803.65,496092,0.43,0.01
7807,930.38,47136.5,0.68,0.02
7808,698.79,30719.5,0.79,0.02
7809,1964.11,164510,0.54,0.01
7810,16151,7420040,0.36,0
7811,167.19,1097.2,0.49,0.15
7812,1032.69,21013.9,0.25,0.05
7813,792.3,38966.6,0.78,0.02
7814,887.64,37058.7,0.59,0.02
7815,334.63,4164.72,0.47,0.08
7816,439.69,6025.02,0.39,0.07
7817,528.54,14901.9,0.67,0.04
7818,331.62,3975.63,0.45,0.08
7819,454.54,5597.71,0.34,0.08
7820,327.42,3828.99,0.45,0.09
7821,327.21,4015.41,0.47,0.08
7822,2827.73,379080,0.6,0.01
7823,1472.63,103709,0.6,0.01
7824,165.19,1071.96,0.49,0.15
7825,827.62,42616.7,0.78,0.02
7826,544.66,16264.8,0.69,0.03
7827,257.23,4153.7,0.79,0.06
7828,278.3,3099.78,0.5,0.09
7829,471.24,13945.9,0.79,0.03
7830,384.44,9183.14,0.78,0.04
7831,390.43,8504.53,0.7,0.05
7832,691.67,29741.4,0.78,0.02
7833,1839.55,188721,0.7,0.01
7834,272.88,2242.71,0.38,0.12
7835,174.05,1351.71,0.56,0.13
7836,274.93,2456.31,0.41,0.11
7837,239,1808.27,0.4,0.13
7838,248.51,1776.78,0.36,0.14
7839,9769.17,3482400,0.46,0
7840,1342.44,90097.3,0.63,0.01
7841,5326.57,802131,0.36,0.01
7842,298.09,1723.71,0.24,0.17
7843,2075.77,96474.1,0.28,0.02
7844,4204.39,895568,0.64,0
7845,2388.72,339882,0.75,0.01
7846,1433.12,127976,0.78,0.01
7847,4322.16,562892,0.38,0.01
7848,2088.41,220945,0.64,0.01
7849,918.35,25788.4,0.38,0.04
7850,1015.3,43945,0.54,0.02
7851,485.26,7531.33,0.4,0.06
7852,143.56,906.09,0.55,0.16
7853,522.05,12958,0.6,0.04
7854,2347.4,69698.1,0.16,0.03
7855,6689.21,2567840,0.72,0
7856,2734.82,391927,0.66,0.01
7857,708.8,30145.3,0.75,0.02
7858,6897.05,1192120,0.31,0.01
7859,458.24,10696.9,0.64,0.04
7860,718.36,23114.5,0.56,0.03
7861,449.4,10686.4,0.66,0.04
7862,732.68,25129.5,0.59,0.03
7863,741.11,25257.4,0.58,0.03
7864,724.61,24414.5,0.58,0.03
7865,576.12,19567.7,0.74,0.03
7866,587.65,18462.7,0.67,0.03
7867,530.67,14896,0.66,0.04
7868,685.39,18645,0.5,0.04
7869,639.89,17337.5,0.53,0.04
7870,794.19,32060.5,0.64,0.02
7871,3468.21,535018,0.56,0.01
7872,1167.04,82612,0.76,0.01
7873,436.88,12016,0.79,0.04
7874,3377.35,114492,0.13,0.03
7875,1285.72,82474.7,0.63,0.02
7876,2306.06,268125,0.63,0.01
7877,2510.28,389825,0.78,0.01
7878,560.55,16421.9,0.66,0.03
7879,1389.48,120380,0.78,0.01
7880,1197.33,55135.8,0.48,0.02
7881,2595.26,121297,0.23,0.02
7882,5994.3,560373,0.2,0.01
7883,6867.79,1740090,0.46,0
7884,2986.32,344973,0.49,0.01
7885,1692.32,173260,0.76,0.01
7886,7356.7,1216150,0.28,0.01
7887,1408.01,114517,0.73,0.01
7888,581.58,14510.2,0.54,0.04
7889,1557.57,135638,0.7,0.01
7890,2053.75,197745,0.59,0.01
7891,3028.06,531382,0.73,0.01
7892,8066.54,2366490,0.46,0
7893,307.11,2598.6,0.35,0.12
7894,10587.9,3512530,0.39,0
7895,615.46,22625.7,0.75,0.03
7896,2227.32,193658,0.49,0.01
7897,1001.13,31975.6,0.4,0.03
7898,313.47,6396.27,0.82,0.05
7899,365.55,5469.88,0.51,0.07
7900,333.23,4668.77,0.53,0.07
7901,852.6,13100.9,0.23,0.07
7902,270.84,3154.92,0.54,0.09
7903,337.1,5999.72,0.66,0.06
7904,1080.5,56584.1,0.61,0.02
7905,1884.72,193235,0.68,0.01
7906,59,156.18,0.56,0.38
7907,901.76,43911.3,0.68,0.02
7908,761.58,29514,0.64,0.03
7909,1190.86,74123.6,0.66,0.02
7910,541.06,13111.3,0.56,0.04
7911,795.35,26044.3,0.52,0.03
7912,1177.25,67807.7,0.61,0.02
7913,1443.17,93129,0.56,0.02
7914,673.52,25495.7,0.71,0.03
7915,683.55,23900,0.64,0.03
7916,806.08,15261,0.29,0.05
7917,143.85,1168.92,0.71,0.12
7918,197.22,2146.33,0.69,0.09
7919,3502.67,623197,0.64,0.01
7920,1203.71,89543.9,0.78,0.01
7921,917.34,41121.7,0.61,0.02
7922,599.05,20948,0.73,0.03
7923,860.26,41388.8,0.7,0.02
7924,619.39,14079.2,0.46,0.04
7925,832.3,42744.3,0.78,0.02
7926,2060.56,208789,0.62,0.01
7927,4636.73,150485,0.09,0.03
7928,1532.03,50236.3,0.27,0.03
7929,3645.98,322356,0.3,0.01
7930,3218.18,314698,0.38,0.01
7931,2218.72,286425,0.73,0.01
7932,923.21,50890.1,0.75,0.02
7933,3787.76,824956,0.72,0
7934,2119.34,230771,0.65,0.01
7935,2669.09,327954,0.58,0.01
7936,2713.75,336110,0.57,0.01
7937,2669.75,370917,0.65,0.01
7938,3724.49,540425,0.49,0.01
7939,2339.17,172728,0.4,0.01
7940,1158.09,68902.1,0.65,0.02
7941,4737.76,1030450,0.58,0
7942,1653.93,96574.5,0.44,0.02
7943,9458.06,5124370,0.72,0
7944,777.11,33332.3,0.69,0.02
7945,510.61,13846,0.67,0.04
7946,663.81,27047.8,0.77,0.02
7947,333.63,7131.31,0.8,0.05
7948,1432.57,103656,0.63,0.01
7949,454.05,10561.8,0.64,0.04
7950,594.5,16373.6,0.58,0.04
7951,1472.73,101586,0.59,0.01
7952,1018.99,34985,0.42,0.03
7953,4473.29,1129230,0.71,0
7954,1634.81,102132,0.48,0.02
7955,971.14,41713.2,0.56,0.02
7956,411.49,10418.4,0.77,0.04
7957,2617.86,353023,0.65,0.01
7958,3993.32,732608,0.58,0.01
7959,531.13,17088.5,0.76,0.03
7960,435.53,10971.5,0.73,0.04
7961,8209.17,2995730,0.56,0
7962,7854.38,2406570,0.49,0
7963,905.17,36217.5,0.56,0.02
7964,9314.14,4408210,0.64,0
7965,865.38,39500.6,0.66,0.02
7966,631.3,21919.7,0.69,0.03
7967,518.7,17249.6,0.81,0.03
7968,376.52,8290.76,0.73,0.05
7969,2102.49,220384,0.63,0.01
7970,1464.03,136341,0.8,0.01
7971,925.17,56530.2,0.83,0.02
7972,2622.06,193748,0.35,0.01
7973,750.11,32092.9,0.72,0.02
7974,3810.41,645747,0.56,0.01
7975,2634.67,259144,0.47,0.01
7976,482.99,11371.6,0.61,0.04
7977,540.57,18649.4,0.8,0.03
7978,857.58,27154.1,0.46,0.03
7979,396.04,7900.3,0.63,0.05
7980,2029.48,172535,0.53,0.01
7981,12994,8219960,0.61,0
7982,1200.79,58251.2,0.51,0.02
7983,4781.68,583730,0.32,0.01
7984,948.11,48387.4,0.68,0.02
7985,1972.05,229222,0.74,0.01
7986,4192.84,928283,0.66,0
7987,7219.84,2106700,0.51,0
7988,2207.38,207308,0.53,0.01
7989,718.72,29378.3,0.71,0.02
7990,2379.34,273422,0.61,0.01
7991,291.32,5449.12,0.81,0.05
7992,156.48,1133.93,0.58,0.14
7993,526.27,16522.8,0.75,0.03
7994,820.7,39843,0.74,0.02
7995,973.2,27127.3,0.36,0.04
7996,1200.52,79680.9,0.69,0.02
7997,558.41,16071.1,0.65,0.03
7998,209.23,1800.74,0.52,0.12
7999,2410.12,291329,0.63,0.01
8000,1848.71,132532,0.49,0.01
8001,1568.3,137311,0.7,0.01
8002,1641.34,156687,0.73,0.01
8003,1757.88,195442,0.79,0.01
8004,1427.35,78698.9,0.49,0.02
8005,594.52,13936.1,0.5,0.04
8006,812.81,20481.4,0.39,0.04
8007,409.52,7140.32,0.53,0.06
8008,289.06,3528.68,0.53,0.08
8009,414.35,9824.04,0.72,0.04
8010,34.82,95.59,0.99,0.36
8011,2522.03,191883,0.38,0.01
8012,841.68,42749.5,0.76,0.02
8013,2487.9,95366.1,0.19,0.03
8014,69.5,109.49,0.28,0.63
8015,124.28,928.86,0.76,0.13
8016,122.47,435.42,0.36,0.28
8017,141.83,972.28,0.61,0.15
8018,350.99,2953.45,0.3,0.12
8019,1556.62,98998.8,0.51,0.02
8020,1056.05,63055.8,0.71,0.02
8021,317.78,5870.85,0.73,0.05
8022,1721.95,97368.5,0.41,0.02
8023,5712.72,1101490,0.42,0.01
8024,553.65,18458.1,0.76,0.03
8025,2003.37,214675,0.67,0.01
8026,1212.2,91516.2,0.78,0.01
8027,963.89,52400.3,0.71,0.02
8028,859.75,36770.3,0.62,0.02
8029,812.53,36781.5,0.7,0.02
8030,1036.94,44963,0.53,0.02
8031,850.18,38985.4,0.68,0.02
8032,687.67,20774.4,0.55,0.03
8033,6960.14,971256,0.25,0.01
8034,3105.36,401232,0.52,0.01
8035,3133.88,402048,0.51,0.01
8036,935.52,48323.5,0.69,0.02
8037,513.57,9975.09,0.48,0.05
8038,2869.92,336199,0.51,0.01
8039,540.62,18282.2,0.79,0.03
8040,1496.85,134278,0.75,0.01
8041,1166.76,84683.7,0.78,0.01
8042,2626.25,283776,0.52,0.01
8043,1175.91,84733.3,0.77,0.01
8044,1091.16,73969.4,0.78,0.01
8045,4012.75,953831,0.74,0
8046,1442.32,120643,0.73,0.01
8047,1581.88,132193,0.66,0.01
8048,1405.28,111545,0.71,0.01
8049,1675.38,172454,0.77,0.01
8050,1223.89,45889.3,0.38,0.03
8051,7496.64,1905080,0.43,0
8052,635.82,21445.6,0.67,0.03
8053,445.16,10259,0.65,0.04
8054,1114.48,73048.7,0.74,0.02
8055,207.75,2427.66,0.71,0.09
8056,2009.89,221315,0.69,0.01
8057,534.45,14288.7,0.63,0.04
8058,3410.84,698838,0.75,0
8059,3224.87,490595,0.59,0.01
8060,591.15,17611.6,0.63,0.03
8061,2538.88,313973,0.61,0.01
8062,955.31,52637.6,0.72,0.02
8063,442.6,10429.8,0.67,0.04
8064,30111.4,29371400,0.41,0
8065,4754.83,816900,0.45,0.01
8066,231.66,745.75,0.17,0.31
8067,1856.98,120488,0.44,0.02
8068,378.5,3456.16,0.3,0.11
8069,117.91,752.73,0.68,0.16
8070,881.04,18736.1,0.3,0.05
8071,259.03,2336.62,0.44,0.11
8072,221.06,3008.67,0.77,0.07
8073,310.94,5527.55,0.72,0.06
8074,365.93,5701.06,0.53,0.06
8075,343.11,5954.77,0.64,0.06
8076,374.19,5778.02,0.52,0.06
8077,725.38,27868.7,0.67,0.03
8078,422.31,11125.7,0.78,0.04
8079,486.91,13906.6,0.74,0.04
8080,1433.41,38735.2,0.24,0.04
8081,514.77,15888.4,0.75,0.03
8082,4409.98,282759,0.18,0.02
8083,600.66,21388,0.74,0.03
8084,266.33,3962.39,0.7,0.07
8085,267.28,4024.85,0.71,0.07
8086,227.25,2289.68,0.56,0.1
8087,2764.65,278302,0.46,0.01
8088,2395.09,339918,0.74,0.01
8089,307.09,3676.43,0.49,0.08
8090,199.29,1645.29,0.52,0.12
8091,337.6,5224.97,0.58,0.06
8092,409.16,7327,0.55,0.06
8093,871.27,15289.7,0.25,0.06
8094,143.63,1119.26,0.68,0.13
8095,199.67,691.94,0.22,0.29
8096,290.05,4861.21,0.73,0.06
8097,248.17,3859.78,0.79,0.06
8098,220.04,2942.67,0.76,0.07
8099,802.1,28063.3,0.55,0.03
8100,672.2,27412.3,0.76,0.02
8101,522.97,13258.1,0.61,0.04
8102,1398.12,30036,0.19,0.05
8103,408.66,10618.9,0.8,0.04
8104,604.79,21692,0.74,0.03
8105,401.03,9867.28,0.77,0.04
8106,251.29,3967.76,0.79,0.06
8107,255.15,4110.07,0.79,0.06
8108,224.07,3057.11,0.76,0.07
8109,189.78,2386.59,0.83,0.08
8110,299.91,5464.13,0.76,0.05
8111,231.07,2410.28,0.57,0.1
8112,204.92,1232.53,0.37,0.17
8113,590.9,16605.3,0.6,0.04
8114,339.11,4513.75,0.49,0.08
8115,508.48,10391.4,0.5,0.05
8116,457.66,5158.02,0.31,0.09
8117,518.3,11808.7,0.55,0.04
8118,462.69,7758.18,0.46,0.06
8119,228.64,2279.29,0.55,0.1
8120,178.04,1566.79,0.62,0.11
8121,346.7,3025.21,0.32,0.11
8122,212.37,2117.28,0.59,0.1
8123,193.5,1400.29,0.47,0.14
8124,439.52,8536.42,0.56,0.05
8125,189.57,1466.28,0.51,0.13
8126,201.81,1975.77,0.61,0.1
8127,186.14,1352.25,0.49,0.14
8128,3505.29,468456,0.48,0.01
8129,2844.03,329328,0.51,0.01
8130,1451.32,110853,0.66,0.01
8131,1085.52,64118.2,0.68,0.02
8132,2758.41,460511,0.76,0.01
8133,749.34,8042.46,0.18,0.09
8134,1119.1,74814.2,0.75,0.01
8135,1438.76,130601,0.79,0.01
8136,1029.66,64398.4,0.76,0.02
8137,15947,8064440,0.4,0
8138,607.79,2706.75,0.09,0.22
8139,1092.02,73487.9,0.77,0.01
8140,115.59,467.76,0.44,0.25
8141,1688.05,171027,0.75,0.01
8142,992.78,54967.9,0.7,0.02
8143,1019.87,61574,0.74,0.02
8144,1367.48,108958,0.73,0.01
8145,1022.75,63758.5,0.77,0.02
8146,961.71,57411.5,0.78,0.02
8147,1494.26,138447,0.78,0.01
8148,1446.15,129918,0.78,0.01
8149,5389.51,990019,0.43,0.01
8150,1392.24,116197,0.75,0.01
8151,4318.17,771601,0.52,0.01
8152,6641.07,1450370,0.41,0
8153,1367.82,72510.2,0.49,0.02
8154,1557.23,150317,0.78,0.01
8155,2055.36,218132,0.65,0.01
8156,4393.31,991439,0.65,0
8157,965.56,41282.5,0.56,0.02
8158,481.92,13461.8,0.73,0.04
8159,1454.17,130360,0.77,0.01
8160,1915.28,166300,0.57,0.01
8161,1424.86,124886,0.77,0.01
8162,3239.46,457550,0.55,0.01
8163,8089.33,2271280,0.44,0
8164,889.11,8238.74,0.13,0.11
8165,1207.17,85336.5,0.74,0.01
8166,5745.01,957551,0.36,0.01
8167,2208.75,245928,0.63,0.01
8168,2927.3,514586,0.75,0.01
8169,839.11,43141.1,0.77,0.02
8170,774.98,36446.5,0.76,0.02
8171,847.37,43667.7,0.76,0.02
8172,860.68,46420,0.79,0.02
8173,5354.99,501988,0.22,0.01
8174,4955.45,1250670,0.64,0
8175,5063.2,1244130,0.61,0
8176,6600.83,2178640,0.63,0
8177,7897.7,3784110,0.76,0
8178,1334.04,106966,0.75,0.01
8179,2267.16,232283,0.57,0.01
8180,1558.62,129011,0.67,0.01
8181,2248.65,289743,0.72,0.01
8182,1973.44,195319,0.63,0.01
8183,373.03,2791.16,0.25,0.13
8184,826.96,20417.5,0.37,0.04
8185,13464.7,8570530,0.59,0
8186,16343.1,11941700,0.56,0
8187,2212.61,232860,0.6,0.01
8188,1665.6,173504,0.79,0.01
8189,1453.6,128467,0.76,0.01
8190,2170.95,192004,0.51,0.01
8191,6346.22,2308440,0.72,0
8192,1161.4,72861,0.68,0.02
8193,1885.05,214101,0.76,0.01
8194,2135.28,269915,0.74,0.01
8195,72.77,266.31,0.63,0.27
8196,1409.79,83591.1,0.53,0.02
8197,5132.04,1534360,0.73,0
8198,6362.58,1248210,0.39,0.01
8199,4746.52,119849,0.07,0.04
8200,498.49,9546.26,0.48,0.05
8201,592.01,16337.8,0.59,0.04
8202,13811.9,11134600,0.73,0
8203,859.91,43961.9,0.75,0.02
8204,1361.31,113408,0.77,0.01
8205,727.85,29572.8,0.7,0.02
8206,316.71,4485.85,0.56,0.07
8207,633.98,10365.3,0.32,0.06
8208,753.12,21279.4,0.47,0.04
8209,712.33,26592.8,0.66,0.03
8210,7357.11,1279300,0.3,0.01
8211,603.73,20476.5,0.71,0.03
8212,445.2,12389.4,0.79,0.04
8213,839.42,41769.7,0.74,0.02
8214,564.74,16784.7,0.66,0.03
8215,731.18,26831.5,0.63,0.03
8216,567.55,18468.5,0.72,0.03
8217,304.85,4132.52,0.56,0.07
8218,632.34,24401.9,0.77,0.03
8219,1001.25,41585.1,0.52,0.02
8220,566.22,16392.9,0.64,0.03
8221,1524.07,130675,0.71,0.01
8222,1247.49,63196.3,0.51,0.02
8223,257.67,3768.12,0.71,0.07
8224,265.67,3330.81,0.59,0.08
8225,246.21,2984.51,0.62,0.08
8226,605.51,21273.8,0.73,0.03
8227,271.69,3983.01,0.68,0.07
8228,348.22,7363.75,0.76,0.05
8229,259.79,4019.14,0.75,0.06
8230,5331.4,1281030,0.57,0
8231,4759.22,1138460,0.63,0
8232,675.78,22478.7,0.62,0.03
8233,4840.47,730175,0.39,0.01
8234,2359.49,265329,0.6,0.01
8235,1500.97,91628.6,0.51,0.02
8236,41696.8,18013700,0.13,0
8237,1246.53,99310.7,0.8,0.01
8238,1313.62,66827.7,0.49,0.02
8239,669.28,23296.4,0.65,0.03
8240,2583.59,245518,0.46,0.01
8241,510.1,14684,0.71,0.03
8242,1010.66,52749.1,0.65,0.02
8243,277.13,3790.53,0.62,0.07
8244,470.72,13820.8,0.78,0.03
8245,6362.35,1629200,0.51,0
8246,31176,17494700,0.23,0
8247,402,9363.96,0.73,0.04
8248,1115.2,62168.4,0.63,0.02
8249,5048.11,943573,0.47,0.01
8250,2838.91,384765,0.6,0.01
8251,582.01,15713,0.58,0.04
8252,410.16,10492.6,0.78,0.04
8253,1121.89,61148.6,0.61,0.02
8254,2066.72,232822,0.68,0.01
8255,664.12,22481.6,0.64,0.03
8256,1502.77,137727,0.77,0.01
8257,1916.41,179520,0.61,0.01
8258,2068.32,253349,0.74,0.01
8259,2039.47,174975,0.53,0.01
8260,1076.55,70362.5,0.76,0.02
8261,1145.05,76206.6,0.73,0.02
8262,3970.64,976844,0.78,0
8263,736.28,29010.5,0.67,0.03
8264,493.8,9136.24,0.47,0.05
8265,1560.81,156183,0.81,0.01
8266,440.16,11220.8,0.73,0.04
8267,419.43,10036.8,0.72,0.04
8268,3229.98,541607,0.65,0.01
8269,1034.56,64002.5,0.75,0.02
8270,5166.45,1006860,0.47,0.01
8271,1191.11,88550.7,0.78,0.01
8272,407.26,10448.8,0.79,0.04
8273,2787.37,425994,0.69,0.01
8274,871.5,41380.2,0.68,0.02
8275,744.85,30150.5,0.68,0.02
8276,530.84,16374.7,0.73,0.03
8277,562.48,17019.7,0.68,0.03
8278,810.93,28925.5,0.55,0.03
8279,375.21,8366.35,0.75,0.04
8280,621.97,24592.2,0.8,0.03
8281,688.26,30148,0.8,0.02
8282,684.35,21808.7,0.58,0.03
8283,1323.8,91650.7,0.66,0.01
8284,49.99,96.9,0.49,0.52
8285,648.72,22577.7,0.67,0.03
8286,435.96,9625.44,0.64,0.05
8287,461.16,11097.2,0.66,0.04
8288,5734.2,1813950,0.69,0
8289,8122.65,3516650,0.67,0
8290,944.02,54715.9,0.77,0.02
8291,1184.77,90203,0.81,0.01
8292,1918.03,229422,0.78,0.01
8293,946.76,39242.1,0.55,0.02
8294,5950.02,1039050,0.37,0.01
8295,736,33328,0.77,0.02
8296,354.43,3178.52,0.32,0.11
8297,1518.98,72232.3,0.39,0.02
8298,674.03,28877.3,0.8,0.02
8299,299.18,5204.18,0.73,0.06
8300,1011.37,50931.3,0.63,0.02
8301,2503.11,250780,0.5,0.01
8302,3083.68,508288,0.67,0.01
8303,5838.3,1753830,0.65,0
8304,1600.51,158439,0.78,0.01
8305,6545.21,2025280,0.59,0
8306,482.53,12561.5,0.68,0.04
8307,194.69,2172.02,0.72,0.09
8308,2066.34,210808,0.62,0.01
8309,1005.22,53873.2,0.67,0.02
8310,1281.99,104125,0.8,0.01
8311,4964.89,975918,0.5,0.01
8312,3896.35,957182,0.79,0
8313,3920.07,920979,0.75,0
8314,4962.94,1338800,0.68,0
8315,9887.43,4953470,0.64,0
8316,3454.37,596740,0.63,0.01
8317,2504.58,272450,0.55,0.01
8318,1259.83,97299.7,0.77,0.01
8319,2502.83,186108,0.37,0.01
8320,1358.55,97964.6,0.67,0.01
8321,389.08,6912.6,0.57,0.06
8322,1230.29,93913.8,0.78,0.01
8323,8306.98,1582030,0.29,0.01
8324,688.13,19592.4,0.52,0.04
8325,1312.83,105131,0.77,0.01
8326,666.1,2716.16,0.08,0.25
8327,3553.26,334731,0.33,0.01
8328,2352.54,64820.9,0.15,0.04
8329,331.94,3650.57,0.42,0.09
8330,1456.15,71767.9,0.43,0.02
8331,683.69,16367.7,0.44,0.04
8332,5378.29,849075,0.37,0.01
8333,1286.65,86663,0.66,0.01
8334,1571.33,152062,0.77,0.01
8335,24749.6,13631900,0.28,0
8336,1615.86,161720,0.78,0.01
8337,1234.88,91231.9,0.75,0.01
8338,665.06,26689.4,0.76,0.02
8339,951.36,53948.4,0.75,0.02
8340,4467.97,663495,0.42,0.01
8341,844.14,40779.2,0.72,0.02
8342,1153.93,63698.8,0.6,0.02
8343,1014.44,42238.6,0.52,0.02
8344,669.95,27438.1,0.77,0.02
8345,568.44,16381.4,0.64,0.03
8346,462.25,9977.98,0.59,0.05
8347,550.7,14013.7,0.58,0.04
8348,194.45,1919.79,0.64,0.1
8349,4428.32,511062,0.33,0.01
8350,547.69,10531,0.44,0.05
8351,408.87,10289.3,0.77,0.04
8352,3032.42,139187,0.19,0.02
8353,1119.67,53003.7,0.53,0.02
8354,926.67,33113.9,0.48,0.03
8355,4861.38,1020600,0.54,0
8356,721.1,34448.4,0.83,0.02
8357,294.69,5109.66,0.74,0.06
8358,2086.47,198678,0.57,0.01
8359,363.91,3368.81,0.32,0.11
8360,2301.05,237205,0.56,0.01
8361,1392.44,119642,0.78,0.01
8362,1301.47,101854,0.76,0.01
8363,1385.57,119404,0.78,0.01
8364,1363.31,114139,0.77,0.01
8365,943.5,20495.7,0.29,0.05
8366,1267.65,51325.4,0.4,0.02
8367,9540.41,3868080,0.53,0
8368,627.38,10416.6,0.33,0.06
8369,187.5,1885.84,0.67,0.1
8370,4211.65,755997,0.54,0.01
8371,100.09,278.77,0.35,0.36
8372,103.76,355.64,0.41,0.29
8373,172.86,1623.96,0.68,0.11
8374,2482.78,350236,0.71,0.01
8375,582.03,9843.16,0.36,0.06
8376,47.38,156.8,0.88,0.3
8377,286.58,4085.62,0.62,0.07
8378,836.43,29841,0.54,0.03
8379,328.55,6504.95,0.76,0.05
8380,172.2,1852.48,0.78,0.09
8381,553.66,10358.9,0.42,0.05
8382,804.4,40347.8,0.78,0.02
8383,376.23,7777.83,0.69,0.05
8384,585.76,13666.4,0.5,0.04
8385,389.96,6952.32,0.57,0.06
8386,1571.21,151351,0.77,0.01
8387,9.41,0.13,0.02,72.38
8388,1880.24,220444,0.78,0.01
8389,1896.95,224930,0.79,0.01
8390,6835.56,1385730,0.37,0
8391,284.01,1804.86,0.28,0.16
8392,1596.81,155662,0.77,0.01
8393,1670.35,166946,0.75,0.01
8394,1286.77,103913,0.79,0.01
8395,1565.04,158890,0.81,0.01
8396,4823.92,966369,0.52,0
8397,1708.58,136560,0.59,0.01
8398,519.37,15798.3,0.74,0.03
8399,3138.12,607802,0.78,0.01
8400,2991,541899,0.76,0.01
8401,5213.46,1044300,0.48,0
8402,1411.15,119883,0.76,0.01
8403,1498.79,137610,0.77,0.01
8404,3451.15,324314,0.34,0.01
8405,3310.8,616399,0.71,0.01
8406,7262,2138540,0.51,0
8407,1218,60482.5,0.51,0.02
8408,668.89,19471.3,0.55,0.03
8409,676.76,23056.7,0.63,0.03
8410,663.08,21009,0.6,0.03
8411,3478.63,572522,0.59,0.01
8412,5558.92,842851,0.34,0.01
8413,680.8,29054,0.79,0.02
8414,3457.94,642042,0.67,0.01
8415,1217.73,49028.1,0.42,0.02
8416,2033.18,252205,0.77,0.01
8417,1093.01,70823.3,0.74,0.02
8418,541.91,16142.3,0.69,0.03
8419,7843.45,3852320,0.79,0
8420,419.74,9387.06,0.67,0.04
8421,417.89,8537.44,0.61,0.05
8422,2173.76,207374,0.55,0.01
8423,1237.41,75713,0.62,0.02
8424,9359.99,3909310,0.56,0
8425,1522.78,135834,0.74,0.01
8426,512.59,14701.7,0.7,0.03
8427,3501.61,332652,0.34,0.01
8428,3036.55,565840,0.77,0.01
8429,20131.9,10312800,0.32,0
8430,7257.94,1927750,0.46,0
8431,7090.57,2584960,0.65,0
8432,2312.13,127479,0.3,0.02
8433,839.48,39177.6,0.7,0.02
8434,8152.84,2638900,0.5,0
8435,1396.66,122422,0.79,0.01
8436,1992.48,196429,0.62,0.01
8437,5987.7,1096530,0.38,0.01
8438,963.32,56579,0.77,0.02
8439,1156.54,68829.2,0.65,0.02
8440,6947.99,2904090,0.76,0
8441,1365.09,114733,0.77,0.01
8442,903.28,27870.8,0.43,0.03
8443,1488.07,137809,0.78,0.01
8444,1309.8,82365.1,0.6,0.02
8445,6250.86,2421450,0.78,0
8446,5083.97,1374770,0.67,0
8447,1758.22,185332,0.75,0.01
8448,1408.88,123928,0.78,0.01
8449,7381.15,1484720,0.34,0
8450,360.55,7008.23,0.68,0.05
8451,1830.55,30671.8,0.11,0.06
8452,506.46,10991.1,0.54,0.05
8453,785.45,31557.9,0.64,0.02
8454,490.32,14643,0.76,0.03
8455,1371.23,42075,0.28,0.03
8456,473.29,13553.6,0.76,0.03
8457,1944.6,225036,0.75,0.01
8458,1709.41,182959,0.79,0.01
8459,6007.95,2039110,0.71,0
8460,1467.46,131006,0.76,0.01
8461,1887.95,217001,0.76,0.01
8462,157.56,457.72,0.23,0.34
8463,17713,6222800,0.25,0
8464,1069.98,68513.4,0.75,0.02
8465,1250.19,103332,0.83,0.01
8466,794.94,34141.7,0.68,0.02
8467,814.52,33367.4,0.63,0.02
8468,7649.09,2584570,0.55,0
8469,372.07,7764.94,0.7,0.05
8470,355.18,4811.08,0.48,0.07
8471,238.16,1569.95,0.35,0.15
8472,1496.6,116447,0.65,0.01
8473,1909.93,163842,0.56,0.01
8474,2568.9,304248,0.58,0.01
8475,1183.48,54768.8,0.49,0.02
8476,1078.28,51908.9,0.56,0.02
8477,3119.35,511631,0.66,0.01
8478,2752.52,343793,0.57,0.01
8479,8832.98,2639460,0.42,0
8480,806.96,32097.7,0.62,0.03
8481,910.73,39972.5,0.61,0.02
8482,3636.99,719573,0.68,0.01
8483,1487.17,135221,0.77,0.01
8484,833.14,39929,0.72,0.02
8485,1064.86,72648.1,0.8,0.01
8486,868.23,46637.4,0.78,0.02
8487,1558.8,141248,0.73,0.01
8488,877.01,48011.7,0.78,0.02
8489,736.52,29863.7,0.69,0.02
8490,2143.25,194147,0.53,0.01
8491,1691.33,172420,0.76,0.01
8492,5028.44,1068540,0.53,0
8493,2775.28,353115,0.58,0.01
8494,733.56,32270.1,0.75,0.02
8495,2736.15,326603,0.55,0.01
8496,589.46,19127.8,0.69,0.03
8497,743.77,34445.4,0.78,0.02
8498,2197.84,162735,0.42,0.01
8499,714.7,27946.9,0.69,0.03
8500,527.55,17027.2,0.77,0.03
8501,684.59,21296.4,0.57,0.03
8502,2710.92,433676,0.74,0.01
8503,3508.09,496044,0.51,0.01
8504,747.47,31191.9,0.7,0.02
8505,577.01,14989,0.57,0.04
8506,762.53,28161.1,0.61,0.03
8507,6177.6,2199340,0.72,0
8508,12421.4,5695110,0.46,0
8509,821.26,38640.6,0.72,0.02
8510,1086.97,71879.2,0.76,0.02
8511,711.5,31971.3,0.79,0.02
8512,465,12397.4,0.72,0.04
8513,1708.16,132232,0.57,0.01
8514,476.03,13365.1,0.74,0.04
8515,1778.58,62054.5,0.25,0.03
8516,2123.8,248786,0.69,0.01
8517,1477.61,91028.9,0.52,0.02
8518,810.39,33336.5,0.64,0.02
8519,2489.22,179486,0.36,0.01
8520,2971.91,444458,0.63,0.01
8521,560.41,16715.9,0.67,0.03
8522,9067.06,2288840,0.35,0
8523,3836.8,694401,0.59,0.01
8524,1839.69,168901,0.63,0.01
8525,1122.66,41927.5,0.42,0.03
8526,4282.14,659401,0.45,0.01
8527,931.02,46320,0.67,0.02
8528,1015.65,45448.3,0.55,0.02
8529,2250.39,230271,0.57,0.01
8530,4666.88,1098380,0.63,0
8531,5296.74,1176680,0.53,0
8532,1026.66,59607.4,0.71,0.02
8533,4604.64,999267,0.59,0
8534,802.33,23929.4,0.47,0.03
8535,771.5,36087.5,0.76,0.02
8536,737.92,33635.4,0.78,0.02
8537,280.03,4830.39,0.77,0.06
8538,476.93,10009.7,0.55,0.05
8539,452.2,12113.3,0.74,0.04
8540,763.79,37236.8,0.8,0.02
8541,295.28,4924.58,0.71,0.06
8542,353.39,7640.5,0.77,0.05
8543,1009.2,31628.1,0.39,0.03
8544,380.71,3780.66,0.33,0.1
8545,503.84,12151.4,0.6,0.04
8546,1506.79,78497.7,0.43,0.02
8547,815.19,38439.6,0.73,0.02
8548,2306.67,178584,0.42,0.01
8549,2294.67,79570.3,0.19,0.03
8550,3397.6,344566,0.37,0.01
8551,1505.06,113159,0.63,0.01
8552,807.79,38781.1,0.75,0.02
8553,3735.56,436701,0.39,0.01
8554,2953.7,277884,0.4,0.01
8555,414.12,10157.2,0.74,0.04
8556,816.3,4668.82,0.09,0.17
8557,861.53,4142.27,0.07,0.21
8558,2560.1,120444,0.23,0.02
8559,1260.91,90320.4,0.71,0.01
8560,3970.89,916756,0.73,0
8561,668.88,18463,0.52,0.04
8562,854.25,41015.4,0.71,0.02
8563,2190.84,286362,0.75,0.01
8564,6339.84,1781490,0.56,0
8565,1211.85,57707.9,0.49,0.02
8566,526.47,17177.6,0.78,0.03
8567,988.9,17936.1,0.23,0.06
8568,498.08,13538,0.69,0.04
8569,607.21,22140.5,0.75,0.03
8570,802.07,30377.6,0.59,0.03
8571,464.47,12202.1,0.71,0.04
8572,493.23,14127.8,0.73,0.03
8573,773.13,17437.9,0.37,0.04
8574,3856.52,700338,0.59,0.01
8575,1067.98,71643.3,0.79,0.01
8576,6377.36,1974340,0.61,0
8577,678.64,28703.6,0.78,0.02
8578,1183.37,62524.1,0.56,0.02
8579,948.76,41827.6,0.58,0.02
8580,1120.01,65171.3,0.65,0.02
8581,344.88,1697.75,0.18,0.2
8582,800.31,24845.1,0.49,0.03
8583,604.74,22411.5,0.77,0.03
8584,1092.2,60818.4,0.64,0.02
8585,393.26,9928.5,0.81,0.04
8586,367.48,1956.89,0.18,0.19
8587,378.28,2000.68,0.18,0.19
8588,305.06,5244.58,0.71,0.06
8589,199.81,1689.63,0.53,0.12
8590,344.49,1724.45,0.18,0.2
8591,1045.67,61499.3,0.71,0.02
8592,783.55,37141.6,0.76,0.02
8593,694.59,30064.4,0.78,0.02
8594,872.95,44719.8,0.74,0.02
8595,657.87,26449.3,0.77,0.02
8596,468.47,12973.5,0.74,0.04
8597,395.61,9754.14,0.78,0.04
8598,329.6,4892.29,0.57,0.07
8599,813.06,35691,0.68,0.02
8600,441.66,9169.85,0.59,0.05
8601,488.37,14335.7,0.75,0.03
8602,694.46,25931.1,0.68,0.03
8603,291.95,4832.37,0.71,0.06
8604,391.59,8995.27,0.74,0.04
8605,740.21,31638.8,0.73,0.02
8606,985.39,49484.2,0.64,0.02
8607,771.28,35640.3,0.75,0.02
8608,831.51,38189.1,0.69,0.02
8609,919.06,42681.7,0.63,0.02
8610,832.43,39343.8,0.71,0.02
8611,309.73,5615.83,0.74,0.06
8612,1224.89,92026.7,0.77,0.01
8613,736.12,25721.9,0.6,0.03
8614,1183.86,63590,0.57,0.02
8615,1144.62,71910.4,0.69,0.02
8616,2578.2,412593,0.78,0.01
8617,1330.81,104693,0.74,0.01
8618,87.07,351.01,0.58,0.25
8619,113.23,712.7,0.7,0.16
8620,3378.79,687999,0.76,0
8621,2458.4,274357,0.57,0.01
8622,1622.7,161709,0.77,0.01
8623,1577.97,149202,0.75,0.01
8624,4601.72,648512,0.38,0.01
8625,2517.51,223406,0.44,0.01
8626,666.24,19977.1,0.57,0.03
8627,599.19,18892.5,0.66,0.03
8628,178.84,1347.94,0.53,0.13
8629,1682.35,47520.8,0.21,0.04
8630,674.08,22429.5,0.62,0.03
8631,1352.16,116850,0.8,0.01
8632,1999.28,50882.4,0.16,0.04
8633,4387,1103930,0.72,0
8634,2795.35,242929,0.39,0.01
8635,3734.67,419801,0.38,0.01
8636,2611.33,404343,0.74,0.01
8637,1071.21,19003.6,0.21,0.06
8638,1484.34,136454,0.78,0.01
8639,1335.34,109094,0.77,0.01
8640,2528.37,363711,0.71,0.01
8641,2169.95,269304,0.72,0.01
8642,700.52,25661.8,0.66,0.03
8643,2447.76,217896,0.46,0.01
8644,2059.57,104470,0.31,0.02
8645,1254.51,69490.1,0.55,0.02
8646,2776.21,420712,0.69,0.01
8647,3662.88,522320,0.49,0.01
8648,724.5,28819.7,0.69,0.03
8649,851.86,34290.7,0.59,0.02
8650,1573.37,114405,0.58,0.01
8651,447.73,7307.71,0.46,0.06
8652,1076.8,40120.3,0.43,0.03
8653,273.76,3985.04,0.67,0.07
8654,5719.2,1789010,0.69,0
8655,726.65,28677.7,0.68,0.03
8656,4851.06,1256470,0.67,0
8657,3604.49,360709,0.35,0.01
8658,3836.02,833405,0.71,0
8659,319.85,3512.16,0.43,0.09
8660,212.8,2358.32,0.65,0.09
8661,440.54,6048.61,0.39,0.07
8662,2506.44,51208.7,0.1,0.05
8663,9624.09,3157850,0.43,0
8664,2756.6,196904,0.33,0.01
8665,1997.32,215820,0.68,0.01
8666,622.71,19929.8,0.65,0.03
8667,2072.33,254159,0.74,0.01
8668,3641.54,553797,0.52,0.01
8669,1135.05,52625,0.51,0.02
8670,1367.95,95922.2,0.64,0.01
8671,1270.82,78764.1,0.61,0.02
8672,868.22,38933.6,0.65,0.02
8673,682.73,26839.6,0.72,0.03
8674,1618.04,106452,0.51,0.02
8675,764.31,34950.8,0.75,0.02
8676,1365.4,110195,0.74,0.01
8677,2406.39,244189,0.53,0.01
8678,10578.3,3115330,0.35,0
8679,6450.83,772067,0.23,0.01
8680,1008.81,31456.2,0.39,0.03
8681,2175.6,255061,0.68,0.01
8682,1725.96,125433,0.53,0.01
8683,715.51,25596.4,0.63,0.03
8684,558.22,17415.4,0.7,0.03
8685,490.12,13915.8,0.73,0.04
8686,455.04,11124.7,0.67,0.04
8687,770.75,28329.3,0.6,0.03
8688,419.82,10714.3,0.76,0.04
8689,305.97,5407.27,0.73,0.06
8690,188.89,2165.17,0.76,0.09
8691,933.19,39505.6,0.57,0.02
8692,1556.22,150765,0.78,0.01
8693,1704.14,123961,0.54,0.01
8694,1194.79,69499.9,0.61,0.02
8695,464.48,12213.8,0.71,0.04
8696,1964.58,233146,0.76,0.01
8697,600.52,15675.7,0.55,0.04
8698,3835.21,742275,0.63,0.01
8699,840.07,41435.5,0.74,0.02
8700,2727.33,436283,0.74,0.01
8701,440.77,11727.6,0.76,0.04
8702,4707.87,772544,0.44,0.01
8703,584.03,20677.4,0.76,0.03
8704,2798.43,447107,0.72,0.01
8705,3449.29,197678,0.21,0.02
8706,897.19,28473.1,0.44,0.03
8707,1333.56,102348,0.72,0.01
8708,4202.57,599940,0.43,0.01
8709,697.9,27932.4,0.72,0.02
8710,608.21,22942.4,0.78,0.03
8711,274.58,4134.29,0.69,0.07
8712,364.89,8144.26,0.77,0.04
8713,838.19,41536.1,0.74,0.02
8714,772.91,30507.8,0.64,0.03
8715,403.55,7806.53,0.6,0.05
8716,2274.82,327645,0.8,0.01
8717,2022.92,243179,0.75,0.01
8718,1319.86,105129,0.76,0.01
8719,651.62,14658.1,0.43,0.04
8720,2150.28,270028,0.73,0.01
8721,3696.38,483618,0.44,0.01
8722,1227.69,91425.2,0.76,0.01
8723,989.1,54165.7,0.7,0.02
8724,2279.16,186689,0.45,0.01
8725,465.54,12236.6,0.71,0.04
8726,470.3,11507.1,0.65,0.04
8727,442.43,9103.59,0.58,0.05
8728,421.14,10632.4,0.75,0.04
8729,776.43,27420.2,0.57,0.03
8730,595.22,22375.4,0.79,0.03
8731,1843.08,212034,0.78,0.01
8732,813.7,40642.9,0.77,0.02
8733,1412.55,97520.6,0.61,0.01
8734,4553.34,681667,0.41,0.01
8735,918.22,53225.8,0.79,0.02
8736,505.2,13735.6,0.68,0.04
8737,789.87,28721.3,0.58,0.03
8738,2157.89,247327,0.67,0.01
8739,402.26,9053.89,0.7,0.04
8740,479.27,12346.3,0.68,0.04
8741,402.84,6571.16,0.51,0.06
8742,1994.37,167948,0.53,0.01
8743,760.9,28176.2,0.61,0.03
8744,1194.8,31578.9,0.28,0.04
8745,1200.74,55463.3,0.48,0.02
8746,4613.25,1111940,0.66,0
8747,1277.7,78751.9,0.61,0.02
8748,934.49,50214.5,0.72,0.02
8749,456.94,10312,0.62,0.04
8750,4550.09,570619,0.35,0.01
8751,1462.89,89548.4,0.53,0.02
8752,2920.35,301577,0.44,0.01
8753,1252.13,94575,0.76,0.01
8754,1512.94,105549,0.58,0.01
8755,660.26,16163.8,0.47,0.04
8756,4395.63,926524,0.6,0
8757,617.79,16154.9,0.53,0.04
8758,6171.15,1296390,0.43,0
8759,940.9,41500.2,0.59,0.02
8760,1193.37,84494.5,0.75,0.01
8761,1085.78,64006.9,0.68,0.02
8762,309.47,5462.89,0.72,0.06
8763,1025.89,66512.6,0.79,0.02
8764,1364.85,94803.9,0.64,0.01
8765,478.16,14200.6,0.78,0.03
8766,353.98,7422.37,0.74,0.05
8767,753.83,34036.1,0.75,0.02
8768,1310.85,100717,0.74,0.01
8769,10084.5,2954810,0.36,0
8770,866.5,43001,0.72,0.02
8771,1351.81,78362.3,0.54,0.02
8772,653.94,27164.9,0.8,0.02
8773,358.78,6507.68,0.63,0.06
8774,12158.5,3842500,0.33,0
8775,1851.76,165421,0.61,0.01
8776,628.64,20415.6,0.65,0.03
8777,1093.46,58959.7,0.62,0.02
8778,2769.2,466470,0.76,0.01
8779,877.2,44794.8,0.73,0.02
8780,1998.55,238014,0.75,0.01
8781,1457.41,132183,0.78,0.01
8782,1806.56,104452,0.4,0.02
8783,192.24,1683.46,0.57,0.11
8784,5752.62,1106470,0.42,0.01
8785,55.85,165.89,0.67,0.34
8786,454.04,10632.6,0.65,0.04
8787,822.4,20468.8,0.38,0.04
8788,1769.6,67616.6,0.27,0.03
8789,578.96,16868.2,0.63,0.03
8790,497.26,11101.9,0.56,0.04
8791,559.98,18450.7,0.74,0.03
8792,387.19,8929.15,0.75,0.04
8793,1072.31,50829.1,0.56,0.02
8794,885.1,39782,0.64,0.02
8795,962.36,40761.2,0.55,0.02
8796,413.95,7135.54,0.52,0.06
8797,641.6,20125.4,0.61,0.03
8798,437.67,11116.8,0.73,0.04
8799,7673.16,2259740,0.48,0
8800,4319.77,591667,0.4,0.01
8801,909.63,49804.8,0.76,0.02
8802,6203.1,2141320,0.7,0
8803,546.2,15122.2,0.64,0.04
8804,760.75,29297.3,0.64,0.03
8805,562.15,15552.8,0.62,0.04
8806,629.91,22056.6,0.7,0.03
8807,1046.18,57269.5,0.66,0.02
8808,831.62,36795.8,0.67,0.02
8809,1673.71,153172,0.69,0.01
8810,1014,46550.8,0.57,0.02
8811,653.11,18568.4,0.55,0.04
8812,781.8,28071,0.58,0.03
8813,590.73,16422.9,0.59,0.04
8814,440.22,11181.4,0.72,0.04
8815,655.69,19015.7,0.56,0.03
8816,380.52,8902.77,0.77,0.04
8817,978.84,52156.7,0.68,0.02
8818,684.19,26628,0.71,0.03
8819,705.71,27208.5,0.69,0.03
8820,463.47,3972.97,0.23,0.12
8821,2809.01,373096,0.59,0.01
8822,1045.09,65667.1,0.76,0.02
8823,625.58,21379.8,0.69,0.03
8824,4300.95,828474,0.56,0.01
8825,6103.66,986089,0.33,0.01
8826,4461.18,1036230,0.65,0
8827,2098.98,10120.1,0.03,0.21
8828,785.7,20470.5,0.42,0.04
8829,719.2,12415,0.3,0.06
8830,1356.42,111190,0.76,0.01
8831,1731.75,169127,0.71,0.01
8832,240.35,3076.08,0.67,0.08
8833,594.36,18844,0.67,0.03
8834,3344.17,475758,0.53,0.01
8835,1959.86,160661,0.53,0.01
8836,693.82,29555.7,0.77,0.02
8837,932.28,47473.8,0.69,0.02
8838,4114.4,397645,0.3,0.01
8839,1307.88,73095.6,0.54,0.02
8840,883.89,41703.7,0.67,0.02
8841,634.12,16054.9,0.5,0.04
8842,635.9,21784.1,0.68,0.03
8843,1787.67,213330,0.84,0.01
8844,10086.9,2181980,0.27,0
8845,1426.69,78239.5,0.48,0.02
8846,957.03,29433.9,0.4,0.03
8847,2203.02,213963,0.55,0.01
8848,3642.73,290341,0.27,0.01
8849,364.85,8359.73,0.79,0.04
8850,1203.28,69939.6,0.61,0.02
8851,844.03,32005.9,0.56,0.03
8852,726.94,10760.5,0.26,0.07
8853,288.23,3438.09,0.52,0.08
8854,1759.16,153628,0.62,0.01
8855,462.03,11896.7,0.7,0.04
8856,480.75,12856.1,0.7,0.04
8857,484.04,13949.2,0.75,0.03
8858,2504.34,296336,0.59,0.01
8859,615.72,17295.5,0.57,0.04
8860,2484.46,316534,0.64,0.01
8861,1434.79,98994,0.6,0.01
8862,4507.68,973089,0.6,0
8863,2299.19,296513,0.7,0.01
8864,469.12,9771.95,0.56,0.05
8865,711.81,32329.2,0.8,0.02
8866,489.49,9788.09,0.51,0.05
8867,2128.42,106857,0.3,0.02
8868,4972.52,461769,0.23,0.01
8869,329.79,5218.17,0.6,0.06
8870,577.76,18303.6,0.69,0.03
8871,2469.28,379955,0.78,0.01
8872,620.24,22272.5,0.73,0.03
8873,643.52,10846,0.33,0.06
8874,776.86,30142.8,0.63,0.03
8875,2044.51,149103,0.45,0.01
8876,722.7,32030.9,0.77,0.02
8877,1352.95,109995,0.75,0.01
8878,1367.23,112704,0.76,0.01
8879,978.05,38791.9,0.51,0.03
8880,1034.34,65712.3,0.77,0.02
8881,1304.03,105386,0.78,0.01
8882,3650.05,367854,0.35,0.01
8883,574.48,19112.6,0.73,0.03
8884,678.08,25306.4,0.69,0.03
8885,3415.39,666612,0.72,0.01
8886,3060.13,493780,0.66,0.01
8887,1993.22,238537,0.75,0.01
8888,6351.78,1976460,0.62,0
8889,9364.86,2287750,0.33,0
8890,2919.58,429722,0.63,0.01
8891,2037.7,259256,0.78,0.01
8892,2043.81,142305,0.43,0.01
8893,491.73,14908.6,0.77,0.03
8894,708.54,28850.8,0.72,0.02
8895,582.48,18749.3,0.69,0.03
8896,1189.51,88021.1,0.78,0.01
8897,4477.12,971695,0.61,0
8898,931.79,51817.7,0.75,0.02
8899,13075.8,7202640,0.53,0
8900,3110.64,524722,0.68,0.01
8901,2696.52,430941,0.74,0.01
8902,6195.09,1332250,0.44,0
8903,457.46,12212.4,0.73,0.04
8904,666.41,15417.1,0.44,0.04
8905,1663.12,80007.8,0.36,0.02
8906,451.69,12288.8,0.76,0.04
8907,490.2,13486.7,0.7,0.04
8908,3467,433217,0.45,0.01
8909,3801.9,777925,0.68,0
8910,1525.82,146335,0.79,0.01
8911,385.97,7317.12,0.62,0.05
8912,270.04,2528.83,0.44,0.11
8913,6968.58,3111790,0.8,0
8914,8211.75,2273620,0.42,0
8915,4908.64,1214080,0.63,0
8916,1147.08,72888.5,0.7,0.02
8917,1464.17,103720,0.61,0.01
8918,7968.61,3176090,0.63,0
8919,5228.46,1374170,0.63,0
8920,7207.1,2117640,0.51,0
8921,387.93,9400.74,0.78,0.04
8922,583.46,19322.4,0.71,0.03
8923,400.82,9439.97,0.74,0.04
8924,307.55,5578.32,0.74,0.06
8925,1309.93,66519.5,0.49,0.02
8926,1120.8,62798.7,0.63,0.02
8927,6456.71,1849150,0.56,0
8928,996.35,21439,0.27,0.05
8929,921.35,12797,0.19,0.07
8930,907.13,11585.6,0.18,0.08
8931,725.58,13918.1,0.33,0.05
8932,390.7,5376.12,0.44,0.07
8933,401.58,5883.02,0.46,0.07
8934,406.28,5260.52,0.4,0.08
8935,351.04,7564.15,0.77,0.05
8936,931.86,44855.3,0.65,0.02
8937,1105.07,76293.3,0.78,0.01
8938,360.09,7762.06,0.75,0.05
8939,443.35,10879,0.7,0.04
8940,441.87,12060.2,0.78,0.04
8941,800.54,37283.6,0.73,0.02
8942,991.16,63180.5,0.81,0.02
8943,535.23,13565.2,0.59,0.04
8944,661.37,22595.7,0.65,0.03
8945,713.29,25638.2,0.63,0.03
8946,453.13,11809.9,0.72,0.04
8947,497.08,15893.9,0.81,0.03
8948,398.11,5451.56,0.43,0.07
8949,415.06,5447.72,0.4,0.08
8950,420.17,9431.66,0.67,0.04
8951,476.49,12383,0.69,0.04
8952,602.74,16945.5,0.59,0.04
8953,1144.08,61759.3,0.59,0.02
8954,603.21,23048.3,0.8,0.03
8955,520.88,14701.7,0.68,0.04
8956,618.52,21948.3,0.72,0.03
8957,270.23,4179.91,0.72,0.06
8958,357.25,7868.48,0.77,0.05
8959,402.59,9245.16,0.72,0.04
8960,197.9,2318.8,0.74,0.09
8961,291.22,5359.71,0.79,0.05
8962,107.79,616.17,0.67,0.17
8963,484.04,13895.4,0.74,0.03
8964,1706.88,160663,0.69,0.01
8965,1116.85,67760.6,0.68,0.02
8966,427.73,11730.5,0.81,0.04
8967,497.03,13193.1,0.67,0.04
8968,332.97,5794.07,0.66,0.06
8969,369.54,8483.08,0.78,0.04
8970,1622.36,128250,0.61,0.01
8971,1850.12,195608,0.72,0.01
8972,3902.07,848734,0.7,0
8973,553.65,7754.71,0.32,0.07
8974,333.73,6225.5,0.7,0.05
8975,403.96,7791.9,0.6,0.05
8976,7999.35,1550040,0.3,0.01
8977,4663.72,1307090,0.75,0
8978,5266.06,1519400,0.69,0
8979,9243.56,3634040,0.53,0
8980,344.79,7019.44,0.74,0.05
8981,404.22,9535.56,0.73,0.04
8982,486.65,14345.2,0.76,0.03
8983,488.77,13593.3,0.71,0.04
8984,602.22,23271.9,0.81,0.03
8985,505.07,14185.5,0.7,0.04
8986,335.94,7050.52,0.78,0.05
8987,495.72,11967.9,0.61,0.04
8988,240.87,3517.39,0.76,0.07
8989,665.87,11173.9,0.32,0.06
8990,531.84,15690.2,0.7,0.03
8991,3043.58,484879,0.66,0.01
8992,749.15,34357.4,0.77,0.02
8993,535.26,10384.1,0.46,0.05
8994,185.86,1410.06,0.51,0.13
8995,610.15,9444.56,0.32,0.06
8996,6450.51,2421440,0.73,0
8997,9251.85,5160520,0.76,0
8998,17665.3,11952100,0.48,0
8999,6313.59,1005730,0.32,0.01
9000,4252.65,930748,0.65,0
9001,7038.78,2607200,0.66,0
9002,2164.1,145518,0.39,0.01
9003,985.84,52952.5,0.68,0.02
9004,519.05,16391.8,0.76,0.03
9005,4933.73,1075940,0.56,0
9006,1469.39,95582.9,0.56,0.02
9007,794.34,39203,0.78,0.02
9008,2821.28,488546,0.77,0.01
9009,4831.07,1446490,0.78,0
9010,9796.29,5783480,0.76,0
9011,11569.8,4268700,0.4,0
9012,2879.97,509220,0.77,0.01
9013,7042.14,2844210,0.72,0
9014,6500.51,1963250,0.58,0
9015,2102.47,188758,0.54,0.01
9016,1896.64,111048,0.39,0.02
9017,1606.4,158889,0.77,0.01
9018,1444.21,112076,0.67,0.01
9019,1297.08,83238.1,0.62,0.02
9020,2211.7,238926,0.61,0.01
9021,1784.58,161668,0.64,0.01
9022,1843.18,173207,0.64,0.01
9023,2013.65,223916,0.69,0.01
9024,1768.98,140965,0.57,0.01
9025,6433.95,2444970,0.74,0
9026,13649.2,4996980,0.34,0
9027,5813.06,471495,0.18,0.01
9028,5890.51,1559210,0.56,0
9029,7294.96,2945270,0.7,0
9030,3164.85,578632,0.73,0.01
9031,2769.39,428909,0.7,0.01
9032,4629.27,1125150,0.66,0
9033,1302.48,93338.7,0.69,0.01
9034,865.57,32025.8,0.54,0.03
9035,866.26,32916,0.55,0.03
9036,5152.99,1131910,0.54,0
9037,618.7,14808.1,0.49,0.04
9038,2298.88,333936,0.79,0.01
9039,1187.77,55439.2,0.49,0.02
9040,2260.44,175269,0.43,0.01
9041,607.47,2432.22,0.08,0.25
9042,5450.04,1641360,0.69,0
9043,1342.27,5077.26,0.04,0.26
9044,2653.71,365931,0.65,0.01
9045,2704.44,340843,0.59,0.01
9046,1834.78,113674,0.42,0.02
9047,1496.72,137758,0.77,0.01
9048,1890.2,218095,0.77,0.01
9049,4177.78,946092,0.68,0
9050,2416.93,296645,0.64,0.01
9051,3854.76,872758,0.74,0
9052,6195.98,1391950,0.46,0
9053,1479.41,136714,0.78,0.01
9054,4387.15,1008510,0.66,0
9055,1974.2,218848,0.71,0.01
9056,1186.1,86228.8,0.77,0.01
9057,2058.34,222774,0.66,0.01
9058,2582.17,329654,0.62,0.01
9059,2729.7,294506,0.5,0.01
9060,1760.72,104553,0.42,0.02
9061,3806.09,417654,0.36,0.01
9062,2083.65,209737,0.61,0.01
9063,2551.92,233159,0.45,0.01
9064,943.72,56512.9,0.8,0.02
9065,10831.1,5371680,0.58,0
9066,2222.42,280735,0.71,0.01
9067,20452.9,14131600,0.42,0
9068,1349.21,113327,0.78,0.01
9069,2172.38,192786,0.51,0.01
9070,86.41,358.93,0.6,0.24
9071,1822.6,169925,0.64,0.01
9072,1024.24,67474.7,0.81,0.02
9073,915.79,50146,0.75,0.02
9074,970.16,47853,0.64,0.02
9075,3157.28,71903.1,0.09,0.04
9076,3109.03,164304,0.21,0.02
9077,578.23,17124.2,0.64,0.03
9078,563.34,15981,0.63,0.04
9079,5027.65,1220020,0.61,0
9080,4492.18,937023,0.58,0
9081,3946.63,771602,0.62,0.01
9082,5962.62,1878850,0.66,0
9083,3375.85,410995,0.45,0.01
9084,3717.06,667982,0.61,0.01
9085,3401.37,589605,0.64,0.01
9086,10296,4401900,0.52,0
9087,1319.28,102727,0.74,0.01
9088,1506.71,134690,0.75,0.01
9089,2994.2,417247,0.58,0.01
9090,2720.91,253910,0.43,0.01
9091,1452.27,125273,0.75,0.01
9092,88.64,370.19,0.59,0.24
9093,8298.52,4458530,0.81,0
9094,7451.27,2690670,0.61,0
9095,9787.5,6077480,0.8,0
9096,18595.3,19897500,0.72,0
9097,18908.5,13232600,0.46,0
9098,15547.7,8364940,0.43,0
9099,1615.6,136826,0.66,0.01
9100,3566.71,538221,0.53,0.01
9101,1901.7,223353,0.78,0.01
9102,3998.27,832672,0.65,0
9103,6185.36,2117040,0.7,0
9104,1403.64,118131,0.75,0.01
9105,1739.5,188202,0.78,0.01
9106,1559.54,146642,0.76,0.01
9107,4879.72,1137750,0.6,0
9108,1680.51,174940,0.78,0.01
9109,9557.21,5968030,0.82,0
9110,1640.29,161579,0.75,0.01
9111,1436.47,125062,0.76,0.01
9112,2485.83,123049,0.25,0.02
9113,1905.78,190689,0.66,0.01
9114,4313.95,851850,0.57,0.01
9115,3400.74,444289,0.48,0.01
9116,3303.9,631801,0.73,0.01
9117,7826.83,1651820,0.34,0
9118,3400.56,434662,0.47,0.01
9119,1813.97,188723,0.72,0.01
9120,881.64,48826.2,0.79,0.02
9121,9651.11,2178570,0.29,0
9122,1103.46,45396.2,0.47,0.02
9123,1330.78,83159.8,0.59,0.02
9124,3565.85,394376,0.39,0.01
9125,9498.31,4173350,0.58,0
9126,1489.83,133788,0.76,0.01
9127,1786.58,199401,0.78,0.01
9128,1886.89,135176,0.48,0.01
9129,561.73,19872.1,0.79,0.03
9130,6853.52,715649,0.19,0.01
9131,1122.65,72782.6,0.73,0.02
9132,382.8,9153.74,0.78,0.04
9133,413.07,5493.45,0.4,0.08
9134,1218.41,89707.8,0.76,0.01
9135,2030.35,167905,0.51,0.01
9136,275.67,3830.58,0.63,0.07
9137,192.19,2013.41,0.68,0.1
9138,372.99,7196.67,0.65,0.05
9139,361.07,7704.89,0.74,0.05
9140,310.31,4236.79,0.55,0.07
9141,293.9,5392.39,0.78,0.05
9142,544.88,14917.6,0.63,0.04
9143,62.58,238.18,0.76,0.26
9144,87.45,597.88,0.98,0.15
9145,493.97,12704.7,0.65,0.04
9146,340.62,7008.98,0.76,0.05
9147,389.65,7720.46,0.64,0.05
9148,358.12,7511.38,0.74,0.05
9149,477.79,11580,0.64,0.04
9150,331.99,6719.97,0.77,0.05
9151,286.54,4516.46,0.69,0.06
9152,110.9,422.47,0.43,0.26
9153,28.95,32.37,0.48,0.89
9154,708.48,14802.6,0.37,0.05
9155,293.12,5263.92,0.77,0.06
9156,713.61,26588.6,0.66,0.03
9157,445.91,12290.1,0.78,0.04
9158,446.93,12215.7,0.77,0.04
9159,508.44,13512.6,0.66,0.04
9160,461.94,12338.7,0.73,0.04
9161,1262.03,99322.8,0.78,0.01
9162,462.19,12272.3,0.72,0.04
9163,507.35,15288,0.75,0.03
9164,671.53,18135.5,0.51,0.04
9165,208.73,2480.41,0.72,0.08
9166,1785.67,107075,0.42,0.02
9167,249.04,3845.87,0.78,0.06
9168,384,6195.89,0.53,0.06
9169,760.44,15789.7,0.34,0.05
9170,398.3,9437.55,0.75,0.04
9171,230.66,2907.79,0.69,0.08
9172,408.86,10122.3,0.76,0.04
9173,415.33,10273,0.75,0.04
9174,538.17,15240.4,0.66,0.04
9175,203.95,1854.99,0.56,0.11
9176,1045.75,68526.3,0.79,0.02
9177,1249.45,78939.3,0.64,0.02
9178,366.92,6641.61,0.62,0.06
9179,1653.74,90573.5,0.42,0.02
9180,423.24,5810.12,0.41,0.07
9181,693.11,20240,0.53,0.03
9182,1188.01,85906.1,0.76,0.01
9183,1191.57,87912,0.78,0.01
9184,1291.48,103870,0.78,0.01
9185,4116.26,622446,0.46,0.01
9186,391.78,9082.76,0.74,0.04
9187,1186.28,83835.8,0.75,0.01
9188,127.57,740.6,0.57,0.17
9189,1986.99,135011,0.43,0.01
9190,890.12,39386.3,0.62,0.02
9191,882.49,42554.2,0.69,0.02
9192,720.58,24094.7,0.58,0.03
9193,451.78,11979.7,0.74,0.04
9194,167.76,1461.44,0.65,0.11
9195,3381.35,471118,0.52,0.01
9196,1779.47,144576,0.57,0.01
9197,2035.18,142896,0.43,0.01
9198,146.15,550.67,0.32,0.27
9199,1214.61,85634.5,0.73,0.01
9200,6750.16,1860760,0.51,0
9201,1210.25,53772,0.46,0.02
9202,1154.86,61910.7,0.58,0.02
9203,332.82,5364.86,0.61,0.06
9204,680.19,20956.6,0.57,0.03
9205,7396.78,3187850,0.73,0
9206,899.65,40384.8,0.63,0.02
9207,5385.14,1558240,0.67,0
9208,1107.88,33751.6,0.35,0.03
9209,2582.03,250151,0.47,0.01
9210,3315.81,492949,0.56,0.01
9211,1134.77,39829.4,0.39,0.03
9212,378.17,9266.02,0.81,0.04
9213,463.99,11998,0.7,0.04
9214,2073.41,200199,0.58,0.01
9215,1678.2,173448,0.77,0.01
9216,1160.64,78127.1,0.73,0.01
9217,707.62,13878.3,0.35,0.05
9218,770.5,23694.8,0.5,0.03
9219,812.32,38812.6,0.74,0.02
9220,741.69,31611,0.72,0.02
9221,1635.92,115114,0.54,0.01
9222,1269.59,87442.8,0.68,0.01
9223,301.03,4095.52,0.57,0.07
9224,227.35,2876.72,0.7,0.08
9225,7230.94,2676860,0.64,0
9226,1566.93,121544,0.62,0.01
9227,1844.83,143098,0.53,0.01
9228,3172.09,398458,0.5,0.01
9229,309.29,5537.23,0.73,0.06
9230,506.48,12228.2,0.6,0.04
9231,435.01,11042.1,0.73,0.04
9232,383.36,8279.69,0.71,0.05
9233,3299.06,386617,0.45,0.01
9234,275.35,4923.6,0.82,0.06
9235,734.14,19713,0.46,0.04
9236,1001.2,56309.4,0.71,0.02
9237,639.93,12186.9,0.37,0.05
9238,1001.26,35409.8,0.44,0.03
9239,911.3,45049.5,0.68,0.02
9240,1179.41,70643.9,0.64,0.02
9241,1670.67,15661.3,0.07,0.11
9242,5734.91,1665970,0.64,0
9243,1728.27,114741,0.48,0.02
9244,1042.97,64833.7,0.75,0.02
9245,3639.09,461475,0.44,0.01
9246,780.35,36299.8,0.75,0.02
9247,2755.46,167791,0.28,0.02
9248,1928.87,200836,0.68,0.01
9249,317.12,5796.74,0.72,0.05
9250,6125.11,561944,0.19,0.01
9251,1770.21,186653,0.75,0.01
9252,1538.51,142222,0.75,0.01
9253,1501.18,128162,0.71,0.01
9254,816.28,25785.4,0.49,0.03
9255,3247.36,328229,0.39,0.01
9256,1399.61,94649.6,0.61,0.01
9257,651.71,23409.9,0.69,0.03
9258,185.81,667.01,0.24,0.28
9259,1960.06,76900.3,0.25,0.03
9260,41.76,82.14,0.59,0.51
9261,34.42,26.07,0.28,1.32
9262,411.46,2701.35,0.2,0.15
9263,839.28,45090,0.8,0.02
9264,181.7,1070.36,0.41,0.17
9265,523.66,1681.71,0.08,0.31
9266,5196.41,1151520,0.54,0
9267,903.96,27059.5,0.42,0.03
9268,911.69,41529.6,0.63,0.02
9269,392.96,7978.13,0.65,0.05
9270,787.59,29378.5,0.59,0.03
9271,3497.77,563076,0.58,0.01
9272,2972.65,304829,0.43,0.01
9273,1721.48,162417,0.69,0.01
9274,6471.79,1960770,0.59,0
9275,3719.85,622833,0.57,0.01
9276,10623.2,2420190,0.27,0
9277,10530.7,4683850,0.53,0
9278,2619.71,208771,0.38,0.01
9279,230.46,1760.06,0.42,0.13
9280,3889.85,546656,0.45,0.01
9281,1240.87,94270.1,0.77,0.01
9282,752.53,33023.5,0.73,0.02
9283,292.5,2771.99,0.41,0.11
9284,1197.29,89152.6,0.78,0.01
9285,489.67,13957.4,0.73,0.04
9286,223.04,2943.92,0.74,0.08
9287,371.49,6577.82,0.6,0.06
9288,3938.06,884007,0.72,0
9289,552.01,18790.1,0.77,0.03
9290,883.97,36741,0.59,0.02
9291,11521.7,4579230,0.43,0
9292,4237.97,680309,0.48,0.01
9293,201.51,2506.14,0.78,0.08
9294,513.84,13084.6,0.62,0.04
9295,836.73,35240.1,0.63,0.02
9296,4297.94,981513,0.67,0
9297,6706.07,2907020,0.81,0
9298,2571.04,408212,0.78,0.01
9299,1188.66,80157.5,0.71,0.01
9300,1128.36,52545.2,0.52,0.02
9301,930.44,52242.6,0.76,0.02
9302,9840.35,4176430,0.54,0
9303,588.05,16821.7,0.61,0.03
9304,1323.91,95364.1,0.68,0.01
9305,1408.16,124087,0.79,0.01
9306,705.37,23242.7,0.59,0.03
9307,700.3,22062.5,0.57,0.03
9308,992.11,40096,0.51,0.02
9309,1094.2,57437.9,0.6,0.02
9310,4520.6,578822,0.36,0.01
9311,8173.13,2894070,0.54,0
9312,740.49,22396.1,0.51,0.03
9313,591.22,17460.1,0.63,0.03
9314,829.37,39594.9,0.72,0.02
9315,671.49,25635.4,0.71,0.03
9316,941.21,55286,0.78,0.02
9317,613.62,18438.6,0.62,0.03
9318,609.85,18118.3,0.61,0.03
9319,718.94,32243.2,0.78,0.02
9320,700.38,30687.4,0.79,0.02
9321,7684.25,2888200,0.61,0
9322,625.21,22406.1,0.72,0.03
9323,7567.04,2448420,0.54,0
9324,1769.74,147545,0.59,0.01
9325,556.31,15847,0.64,0.04
9326,550.16,15261.3,0.63,0.04
9327,505.84,11948.6,0.59,0.04
9328,659.05,27072.2,0.78,0.02
9329,475.18,11241.6,0.63,0.04
9330,345.42,6330.23,0.67,0.05
9331,77.93,376.84,0.78,0.21
9332,336.77,3852.36,0.43,0.09
9333,527.46,15993.6,0.72,0.03
9334,480.5,11082.7,0.6,0.04
9335,456.99,12691.7,0.76,0.04
9336,352.24,6091.75,0.62,0.06
9337,378.3,7782.52,0.68,0.05
9338,432.82,11358.9,0.76,0.04
9339,345.13,6013.83,0.63,0.06
9340,388.39,8719.32,0.73,0.04
9341,550.29,18813.7,0.78,0.03
9342,328.5,6371.15,0.74,0.05
9343,495.82,14912.2,0.76,0.03
9344,424.51,3045.19,0.21,0.14
9345,502.28,15174.7,0.76,0.03
9346,1389.43,112210,0.73,0.01
9347,5617.25,1352070,0.54,0
9348,1486.55,133966,0.76,0.01
9349,1143.7,58431.4,0.56,0.02
9350,5829.03,866532,0.32,0.01
9351,426.02,11171.3,0.77,0.04
9352,258.43,3027.62,0.57,0.09
9353,296.23,4046.42,0.58,0.07
9354,287.62,4317.63,0.66,0.07
9355,269.92,3503.23,0.6,0.08
9356,291.7,3823.77,0.56,0.08
9357,301.15,4138.57,0.57,0.07
9358,314.8,4961.83,0.63,0.06
9359,278.55,4089.93,0.66,0.07
9360,280.29,3793.17,0.61,0.07
9361,282.04,3976.64,0.63,0.07
9362,252.42,3307.92,0.65,0.08
9363,256.67,3287.67,0.63,0.08
9364,341.59,6865.29,0.74,0.05
9365,221.66,2852.88,0.73,0.08
9366,231.92,3074.07,0.72,0.08
9367,761.5,29817.6,0.65,0.03
9368,2209.77,279299,0.72,0.01
9369,293.15,5210.76,0.76,0.06
9370,423.6,10576.1,0.74,0.04
9371,478.65,12356.4,0.68,0.04
9372,339.23,7025.26,0.77,0.05
9373,332.33,6659.01,0.76,0.05
9374,512.49,12532.5,0.6,0.04
9375,555.53,15943.9,0.65,0.03
9376,288.91,4438.63,0.67,0.07
9377,287.2,5150.1,0.78,0.06
9378,219.55,2859.91,0.75,0.08
9379,273.55,4004.17,0.67,0.07
9380,388.02,9398.89,0.78,0.04
9381,430.36,11459.6,0.78,0.04
9382,522.74,13114.2,0.6,0.04
9383,448.7,12365.5,0.77,0.04
9384,377.58,8901.54,0.78,0.04
9385,321.1,6293.77,0.77,0.05
9386,302.96,5620.49,0.77,0.05
9387,335.9,6853.84,0.76,0.05
9388,333.58,6788.69,0.77,0.05
9389,1328,94598.6,0.67,0.01
9390,311.65,5873.48,0.76,0.05
9391,272.7,4077.88,0.69,0.07
9392,268.98,3944.74,0.68,0.07
9393,497.98,15353.2,0.78,0.03
9394,339.86,4956.68,0.54,0.07
9395,369.7,6565.36,0.6,0.06
9396,294.01,5076.99,0.74,0.06
9397,347.94,5583.94,0.58,0.06
9398,259.24,3448.23,0.64,0.08
9399,560.13,9444.61,0.38,0.06
9400,581.09,12392.3,0.46,0.05
9401,636,18615.3,0.58,0.03
9402,552.27,9429.5,0.39,0.06
9403,547.37,9396.2,0.39,0.06
9404,742.78,27233.9,0.62,0.03
9405,2212.15,292677,0.75,0.01
9406,390.83,6903.14,0.57,0.06
9407,434.78,10870.1,0.72,0.04
9408,345.82,5577.38,0.59,0.06
9409,382.18,7600.33,0.65,0.05
9410,333.42,5544.9,0.63,0.06
9411,320.66,4823.18,0.59,0.07
9412,431.79,11426.5,0.77,0.04
9413,364.17,8287.82,0.78,0.04
9414,239.64,2697.45,0.59,0.09
9415,2984.72,372078,0.52,0.01
9416,2710.64,323225,0.55,0.01
9417,766.65,17937.5,0.38,0.04
9418,340.39,5540.31,0.6,0.06
9419,324.77,5242.48,0.62,0.06
9420,691.16,29953.7,0.79,0.02
9421,860.26,33356.2,0.57,0.03
9422,476.01,9699.37,0.54,0.05
9423,341.32,5437.04,0.59,0.06
9424,415.22,10478.4,0.76,0.04
9425,333.85,5299.17,0.6,0.06
9426,608.43,9035.99,0.31,0.07
9427,609.94,10726.1,0.36,0.06
9428,608.33,10472.1,0.36,0.06
9429,610.81,10939.4,0.37,0.06
9430,4767.74,1080320,0.6,0
9431,480.51,9273.33,0.5,0.05
9432,3422.01,711078,0.76,0
9433,692.15,24777.4,0.65,0.03
9434,355.3,4751.57,0.47,0.07
9435,4562.25,924130,0.56,0
9436,322.89,6531.96,0.79,0.05
9437,351.47,7601.21,0.77,0.05
9438,1371.9,104447,0.7,0.01
9439,1039.14,20970.7,0.24,0.05
9440,222.43,3070.34,0.78,0.07
9441,593.42,21898.1,0.78,0.03
9442,311.58,5732.22,0.74,0.05
9443,3832.46,428991,0.37,0.01
9444,670.16,13797.3,0.39,0.05
9445,1699.32,183714,0.8,0.01
9446,2223.42,284085,0.72,0.01
9447,661.74,14318.6,0.41,0.05
9448,461.66,10138.7,0.6,0.05
9449,1531.12,41744.9,0.22,0.04
9450,1805.95,185689,0.72,0.01
9451,509.81,9016.69,0.44,0.06
9452,238.43,3361.81,0.74,0.07
9453,1234.09,66777.6,0.55,0.02
9454,358.14,7605.5,0.74,0.05
9455,540.82,18537.2,0.8,0.03
9456,500.16,8144.39,0.41,0.06
9457,218.06,2638.91,0.7,0.08
9458,632.46,22312.7,0.7,0.03
9459,216.62,2602.27,0.7,0.08
9460,211.95,2430.33,0.68,0.09
9461,220.2,2734.14,0.71,0.08
9462,1659.77,78194.5,0.36,0.02
9463,320.81,3690.79,0.45,0.09
9464,2056.57,260541,0.77,0.01
9465,23424.5,8787430,0.2,0
9466,1757.96,175540,0.71,0.01
9467,330.33,6595.99,0.76,0.05
9468,2480.11,340008,0.69,0.01
9469,280.99,4239.96,0.67,0.07
9470,334.27,6440.35,0.72,0.05
9471,331.96,6534.79,0.74,0.05
9472,343.33,6201.68,0.66,0.06
9473,322.71,6414.02,0.77,0.05
9474,722.49,12515.7,0.3,0.06
9475,1980.71,160729,0.51,0.01
9476,736.19,33503.5,0.78,0.02
9477,693.11,23613.7,0.62,0.03
9478,557.82,19263.7,0.78,0.03
9479,493.1,14015.6,0.72,0.04
9480,488.68,13499.1,0.71,0.04
9481,282.67,4907.96,0.77,0.06
9482,1726.23,115101,0.49,0.01
9483,275.7,4804.42,0.79,0.06
9484,1118.43,51220,0.51,0.02
9485,544.09,17133.3,0.73,0.03
9486,413.68,9758.41,0.72,0.04
9487,603.53,20903.4,0.72,0.03
9488,563.12,16463.5,0.65,0.03
9489,567.13,16503.9,0.64,0.03
9490,565.49,18430.2,0.72,0.03
9491,326.82,4815,0.57,0.07
9492,461.56,13342.9,0.79,0.03
9493,371.37,7659.31,0.7,0.05
9494,471.47,10460.1,0.59,0.05
9495,3264.69,392864,0.46,0.01
9496,988.05,54839.9,0.71,0.02
9497,542.02,17883.4,0.76,0.03
9498,405.42,8515.39,0.65,0.05
9499,359.81,5262.25,0.51,0.07
9500,697.95,29317.8,0.76,0.02
9501,541.68,17850.9,0.76,0.03
9502,622.05,23926.6,0.78,0.03
9503,506.34,14663.7,0.72,0.03
9504,388.79,5653.83,0.47,0.07
9505,504.77,15033,0.74,0.03
9506,249.11,3916.51,0.79,0.06
9507,420.02,9136.84,0.65,0.05
9508,1565.62,148609,0.76,0.01
9509,4634.63,1095830,0.64,0
9510,707.87,26951.8,0.68,0.03
9511,1712.03,178322,0.76,0.01
9512,494.52,13266.5,0.68,0.04
9513,1257.01,95732.4,0.76,0.01
9514,504.67,8595.74,0.42,0.06
9515,478.82,5858.98,0.32,0.08
9516,497.41,7719.06,0.39,0.06
9517,504.23,8983.71,0.44,0.06
9518,423.08,7595.4,0.53,0.06
9519,238.67,3161.37,0.7,0.08
9520,3144.98,543967,0.69,0.01
9521,222.95,2538.2,0.64,0.09
9522,470.05,5342.69,0.3,0.09
9523,220.86,2353.26,0.61,0.09
9524,222.4,2294.95,0.58,0.1
9525,257.93,3696.77,0.7,0.07
9526,610.48,19778.5,0.67,0.03
9527,782.67,29004.4,0.59,0.03
9528,366.41,8039.46,0.75,0.05
9529,972.14,50308.3,0.67,0.02
9530,630.81,22091.6,0.7,0.03
9531,263.42,4156.59,0.75,0.06
9532,562.61,19177.3,0.76,0.03
9533,1692.69,174195,0.76,0.01
9534,396.63,8619.56,0.69,0.05
9535,347.16,7049.74,0.73,0.05
9536,326.17,5805.92,0.69,0.06
9537,336,6522.38,0.73,0.05
9538,436.94,10892.2,0.72,0.04
9539,762.38,26004.3,0.56,0.03
9540,351.59,6655.12,0.68,0.05
9541,389.45,9423.03,0.78,0.04
9542,335.75,6845.8,0.76,0.05
9543,255.97,2259.22,0.43,0.11
9544,221.37,3003.35,0.77,0.07
9545,256.7,4052.79,0.77,0.06
9546,366.55,7935.85,0.74,0.05
9547,4688.5,1192010,0.68,0
9548,1250.01,75069.4,0.6,0.02
9549,360.23,6095.62,0.59,0.06
9550,465.68,11735.4,0.68,0.04
9551,209.26,1687.58,0.48,0.12
9552,231.48,3228.05,0.76,0.07
9553,213.57,2581.76,0.71,0.08
9554,311.1,5951.14,0.77,0.05
9555,667.44,19115.4,0.54,0.03
9556,1282.18,88703.7,0.68,0.01
9557,521.29,10282.9,0.48,0.05
9558,297.25,5514.08,0.78,0.05
9559,469.05,10917.8,0.62,0.04
9560,241.95,3632.78,0.78,0.07
9561,707.95,24883.9,0.62,0.03
9562,677.55,18038.1,0.49,0.04
9563,376.39,8041.86,0.71,0.05
9564,313.5,4146.86,0.53,0.08
9565,736.27,17722.8,0.41,0.04
9566,365.69,5714.12,0.54,0.06
9567,374.65,8216.38,0.74,0.05
9568,700.34,24732.7,0.63,0.03
9569,372.82,7668.27,0.69,0.05
9570,389.67,8098.35,0.67,0.05
9571,349.96,5391.32,0.55,0.06
9572,330.28,4969.74,0.57,0.07
9573,235.76,3406.97,0.77,0.07
9574,213.4,2825.11,0.78,0.08
9575,229.87,3301.65,0.78,0.07
9576,388.67,8540.76,0.71,0.05
9577,401.92,8897.29,0.69,0.05
9578,231.36,3371.46,0.79,0.07
9579,229.71,3297.8,0.78,0.07
9580,244.74,3711.58,0.78,0.07
9581,420.56,9543.87,0.68,0.04
9582,208.51,2743.08,0.79,0.08
9583,3563.8,675623,0.67,0.01
9584,4203.74,1111870,0.79,0
9585,9624.17,4183900,0.57,0
9586,598.04,21421.8,0.75,0.03
9587,1891,219154,0.77,0.01
9588,524.77,9944.1,0.45,0.05
9589,322.82,6312.69,0.76,0.05
9590,215.63,2398.25,0.65,0.09
9591,369.23,8382.36,0.77,0.04
9592,260.32,3718.53,0.69,0.07
9593,374.9,7351.62,0.66,0.05
9594,517.26,16638.2,0.78,0.03
9595,310.93,5866.12,0.76,0.05
9596,310.72,5617.65,0.73,0.06
9597,590.67,20033.3,0.72,0.03
9598,334.09,5097,0.57,0.07
9599,367.01,7425.73,0.69,0.05
9600,357.28,7047.69,0.69,0.05
9601,703.05,24744.9,0.63,0.03
9602,312.39,5058.63,0.65,0.06
9603,390.27,8805.71,0.73,0.04
9604,22.83,21.78,0.52,1.05
9605,385.82,7933.21,0.67,0.05
9606,386.41,8020.58,0.67,0.05
9607,418.45,8837.55,0.63,0.05
9608,412.67,8561.71,0.63,0.05
9609,382.33,7723.98,0.66,0.05
9610,368.71,7021.58,0.65,0.05
9611,382.18,8012.26,0.69,0.05
9612,393.16,8042.41,0.65,0.05
9613,409.94,8607,0.64,0.05
9614,13331.7,8112970,0.57,0
9615,4181.48,470916,0.34,0.01
9616,2307.35,112464,0.27,0.02
9617,2595.07,120400,0.22,0.02
9618,881.17,34848.7,0.56,0.03
9619,1975.32,153824,0.5,0.01
9620,2698.81,416283,0.72,0.01
9621,391.39,4062.21,0.33,0.1
9622,1247.43,85047.8,0.69,0.01
9623,2976.27,354456,0.5,0.01
9624,1310.66,105123,0.77,0.01
9625,8401.46,1724620,0.31,0
9626,438.45,11935.9,0.78,0.04
9627,425.04,11269.8,0.78,0.04
9628,520.35,16016.1,0.74,0.03
9629,534.5,17415.5,0.77,0.03
9630,10820.2,1927250,0.21,0.01
9631,593.03,17126.4,0.61,0.03
9632,606.27,22362.4,0.76,0.03
9633,891.61,37902.6,0.6,0.02
9634,672.96,25253.2,0.7,0.03
9635,1963.26,228298,0.74,0.01
9636,522.81,11221,0.52,0.05
9637,1509.59,107894,0.59,0.01
9638,1137.1,78964.1,0.77,0.01
9639,589.92,21554.1,0.78,0.03
9640,5226.84,1111610,0.51,0
9641,410.46,10552.7,0.79,0.04
9642,762.23,33120.3,0.72,0.02
9643,412.32,10430.7,0.77,0.04
9644,3383.4,187233,0.21,0.02
9645,1657.79,134650,0.62,0.01
9646,4938.56,977566,0.5,0.01
9647,4621.92,567986,0.33,0.01
9648,5692.09,1187160,0.46,0
9649,2723.16,53411,0.09,0.05
9650,226.01,1761.18,0.43,0.13
9651,1995,195054,0.62,0.01
9652,12811.6,5925570,0.45,0
9653,5024.13,1370730,0.68,0
9654,1284.73,100513,0.76,0.01
9655,687.92,18556.4,0.49,0.04
9656,913.66,50212.1,0.76,0.02
9657,489.31,14231.5,0.75,0.03
9658,391.05,8603.68,0.71,0.05
9659,604.14,14402.3,0.5,0.04
9660,620.46,22540.9,0.74,0.03
9661,250.74,3689.63,0.74,0.07
9662,263.73,4079.1,0.74,0.06
9663,264.9,3787.11,0.68,0.07
9664,284.53,4442.11,0.69,0.06
9665,266.83,4215.67,0.74,0.06
9666,634.58,25087,0.78,0.03
9667,416.43,7968.78,0.58,0.05
9668,228.92,2709.51,0.65,0.08
9669,4705.19,1139860,0.65,0
9670,219.61,2532.95,0.66,0.09
9671,178.9,1796.67,0.71,0.1
9672,207.23,2200.43,0.64,0.09
9673,182.83,1863.54,0.7,0.1
9674,177.89,1787.43,0.71,0.1
9675,181.81,1851.61,0.7,0.1
9676,1722.65,109999,0.47,0.02
9677,1863.53,190728,0.69,0.01
9678,229.66,2605.67,0.62,0.09
9679,224.79,2573.33,0.64,0.09
9680,186.3,1979.01,0.72,0.09
9681,1986.46,201189,0.64,0.01
9682,187.59,2000.02,0.71,0.09
9683,181.62,1901.56,0.72,0.1
9684,436.58,11905.4,0.78,0.04
9685,304.85,3917.55,0.53,0.08
9686,400.93,9581.77,0.75,0.04
9687,337.62,6212.57,0.68,0.05
9688,609.66,22764.1,0.77,0.03
9689,477.39,12940.7,0.71,0.04
9690,455.02,9730.23,0.59,0.05
9691,606.64,22958.4,0.78,0.03
9692,305.06,3903.29,0.53,0.08
9693,303.88,3840.97,0.52,0.08
9694,181.72,1892.26,0.72,0.1
9695,309.71,4262.49,0.56,0.07
9696,324.26,5113.36,0.61,0.06
9697,303.21,3880.36,0.53,0.08
9698,306.2,3976.95,0.53,0.08
9699,183.14,1933.8,0.72,0.09
9700,1511.92,116080,0.64,0.01
9701,1295.48,82789.6,0.62,0.02
9702,189.9,2008.56,0.7,0.09
9703,303.77,5660.91,0.77,0.05
9704,383.14,8099.18,0.69,0.05
9705,415.83,10866.5,0.79,0.04
9706,179.44,1830.85,0.71,0.1
9707,183.11,1932.29,0.72,0.09
9708,194,2246.38,0.75,0.09
9709,318.2,4822.01,0.6,0.07
9710,184.57,1967.11,0.73,0.09
9711,184.22,1932.38,0.72,0.1
9712,196.47,2257.56,0.73,0.09
9713,189.12,2024.98,0.71,0.09
9714,186.76,1952.37,0.7,0.1
9715,188.1,2008.54,0.71,0.09
9716,196.59,2252.07,0.73,0.09
9717,211.95,2714.05,0.76,0.08
9718,202.24,2510.39,0.77,0.08
9719,179.05,1845.54,0.72,0.1
9720,190.57,2015.28,0.7,0.09
9721,186.34,2054.02,0.74,0.09
9722,185.76,1943.2,0.71,0.1
9723,178.36,1826,0.72,0.1
9724,180.21,1884.46,0.73,0.1
9725,181.62,1907.74,0.73,0.1
9726,188.95,2034.97,0.72,0.09
9727,187.71,2008.31,0.72,0.09
9728,1745.51,184044,0.76,0.01
9729,1756.87,172418,0.7,0.01
9730,1502.41,123289,0.69,0.01
9731,375.18,8209.15,0.73,0.05
9732,181.4,1894.05,0.72,0.1
9733,184.17,1919.94,0.71,0.1
9734,284.88,5032.04,0.78,0.06
9735,192.32,2048.52,0.7,0.09
9736,527.59,14336.2,0.65,0.04
9737,280.99,4810.84,0.77,0.06
9738,9538.11,2672490,0.37,0
9739,1099.51,68275.4,0.71,0.02
9740,692.55,22839.2,0.6,0.03
9741,329.22,6873.56,0.8,0.05
9742,617.76,9321.99,0.31,0.07
9743,3833.82,693725,0.59,0.01
9744,9999.19,2903310,0.36,0
9745,2284.26,212655,0.51,0.01
9746,2292.26,204339,0.49,0.01
9747,1241.7,94841.5,0.77,0.01
9748,1251.01,95923.6,0.77,0.01
9749,1374.16,58801.9,0.39,0.02
9750,4984.17,818384,0.41,0.01
9751,909.1,49824.5,0.76,0.02
9752,405.92,9593.99,0.73,0.04
9753,412.99,10174.1,0.75,0.04
9754,311.44,5891.68,0.76,0.05
9755,438.57,10269.3,0.67,0.04
9756,334.98,6977.15,0.78,0.05
9757,2740.09,443186,0.74,0.01
9758,299.94,3763.81,0.53,0.08
9759,1226.61,59565.6,0.5,0.02
9760,1391.22,68935.7,0.45,0.02
9761,1261.45,83993.8,0.66,0.02
9762,406.96,10462,0.79,0.04
9763,492.64,13683.6,0.71,0.04
9764,1428.8,117855,0.73,0.01
9765,6807.3,2349430,0.64,0
9766,2570.02,339920,0.65,0.01
9767,731.01,14448,0.34,0.05
9768,1508.26,139039,0.77,0.01
9769,1808.27,190345,0.73,0.01
9770,694.77,24865.3,0.65,0.03
9771,686.82,28139.1,0.75,0.02
9772,178.85,1827.94,0.72,0.1
9773,956.44,47028.2,0.65,0.02
9774,2351.25,334440,0.76,0.01
9775,3414.61,600083,0.65,0.01
9776,1574.94,95739.2,0.48,0.02
9777,639.09,18326.6,0.56,0.03
9778,338.21,6867.96,0.75,0.05
9779,298.77,4075.85,0.57,0.07
9780,277.45,4868.94,0.79,0.06
9781,468.44,7887.32,0.45,0.06
9782,843.05,24025.9,0.42,0.04
9783,409.32,8315.71,0.62,0.05
9784,396.54,6664.94,0.53,0.06
9785,318.5,5983.16,0.74,0.05
9786,257.58,3797.11,0.72,0.07
9787,267.52,3862.84,0.68,0.07
9788,556.47,14701.9,0.6,0.04
9789,343.04,6539.65,0.7,0.05
9790,696.15,12351.5,0.32,0.06
9791,7530.29,1973290,0.44,0
9792,292.69,5316.25,0.78,0.06
9793,1087.97,70178.4,0.74,0.02
9794,972.02,4418.58,0.06,0.22
9795,3866.59,556540,0.47,0.01
9796,2071.29,169069,0.49,0.01
9797,1305.66,91499.7,0.67,0.01
9798,785.79,26349,0.54,0.03
9799,1702.36,166775,0.72,0.01
9800,1236.09,81462.7,0.67,0.02
9801,717.39,21899.9,0.53,0.03
9802,487.81,11301.4,0.6,0.04
9803,548.7,15295.9,0.64,0.04
9804,566.11,16036.1,0.63,0.04
9805,547.12,14091.8,0.59,0.04
9806,273.92,4857.44,0.81,0.06
9807,493.94,14579.5,0.75,0.03
9808,452.58,12571.3,0.77,0.04
9809,1144.5,65449.1,0.63,0.02
9810,277.86,4081.43,0.66,0.07
9811,843.79,45020.2,0.79,0.02
9812,604.45,22432.6,0.77,0.03
9813,1116.01,49438,0.5,0.02
9814,1428.96,69318.4,0.43,0.02
9815,1291.77,57310.7,0.43,0.02
9816,2530.7,342521,0.67,0.01
9817,246.06,2323.21,0.48,0.11
9818,46.6,122.3,0.71,0.38
9819,4953.57,1219470,0.62,0
9820,1201,85156.5,0.74,0.01
9821,519.98,16398.6,0.76,0.03
9822,645.79,21249.7,0.64,0.03
9823,499.49,11353.4,0.57,0.04
9824,1035.3,48916.2,0.57,0.02
9825,581.45,18797.5,0.7,0.03
9826,966.98,43918.1,0.59,0.02
9827,620.25,22573.7,0.74,0.03
9828,1143.01,80733.2,0.78,0.01
9829,380.01,8700.6,0.76,0.04
9830,422.43,10522.2,0.74,0.04
9831,835.83,29870.9,0.54,0.03
9832,369.56,7430.86,0.68,0.05
9833,4041.72,1044020,0.8,0
9834,327.3,6167.22,0.72,0.05
9835,4900.12,919660,0.48,0.01
9836,1468.48,87319,0.51,0.02
9837,2643.97,219200,0.39,0.01
9838,1877.63,107785,0.38,0.02
9839,934.56,30382.8,0.44,0.03
9840,255.01,3185.05,0.62,0.08
9841,436.16,9496.09,0.63,0.05
9842,559.51,18550.9,0.74,0.03
9843,378.72,8940.45,0.78,0.04
9844,341.61,6736.96,0.73,0.05
9845,569.24,14991.8,0.58,0.04
9846,2340.05,157829,0.36,0.01
9847,433.07,8905.58,0.6,0.05
9848,5872.68,1672100,0.61,0
9849,6517.01,2015940,0.6,0
9850,533.25,17737.4,0.78,0.03
9851,5876.69,1631320,0.59,0
9852,2191.79,240568,0.63,0.01
9853,1475.01,129166,0.75,0.01
9854,995.94,64023,0.81,0.02
9855,826,42963.5,0.79,0.02
9856,567.41,14897.7,0.58,0.04
9857,546.75,12608.9,0.53,0.04
9858,2112.63,243437,0.69,0.01
9859,3120.01,120448,0.16,0.03
9860,2312.96,172226,0.4,0.01
9861,874.44,49690,0.82,0.02
9862,2174.11,273771,0.73,0.01
9863,1851.29,209758,0.77,0.01
9864,1417.55,104764,0.65,0.01
9865,761.69,26928.1,0.58,0.03
9866,2584.3,141443,0.27,0.02
9867,2810.98,251569,0.4,0.01
9868,855.59,45723.5,0.78,0.02
9869,699.99,28420.9,0.73,0.02
9870,760.66,20449.1,0.44,0.04
9871,388.22,9329,0.78,0.04
9872,648.5,20447.7,0.61,0.03
9873,435.32,12033.2,0.8,0.04
9874,543.07,17784.5,0.76,0.03
9875,552.61,18308.2,0.75,0.03
9876,344.81,6934.03,0.73,0.05
9877,2863.6,427334,0.65,0.01
9878,3500.84,601265,0.62,0.01
9879,1106.49,76312.6,0.78,0.01
9880,742.12,29439.7,0.67,0.03
9881,1158.48,83260.3,0.78,0.01
9882,778.52,34961.8,0.72,0.02
9883,1062.25,68754.2,0.77,0.02
9884,734.77,21100.8,0.49,0.03
9885,759.77,35610.8,0.77,0.02
9886,1319.9,60798.3,0.44,0.02
9887,846.75,11585,0.2,0.07
9888,464.21,13146.2,0.77,0.04
9889,392.93,8239.69,0.67,0.05
9890,890.19,43975.1,0.7,0.02
9891,564.47,19651,0.77,0.03
9892,1914.15,222718,0.76,0.01
9893,390.18,8499.2,0.7,0.05
9894,1863.31,204674,0.74,0.01
9895,5153.05,1392070,0.66,0
9896,1694.15,131858,0.58,0.01
9897,3245.96,274382,0.33,0.01
9898,1841.02,209530,0.78,0.01
9899,1756.87,187750,0.76,0.01
9900,3556.79,632424,0.63,0.01
9901,1682.72,128494,0.57,0.01
9902,1524.83,106612,0.58,0.01
9903,148.43,1104.85,0.63,0.13
9904,1758.12,99565.6,0.4,0.02
9905,3442.72,731817,0.78,0
9906,15938.3,4511550,0.22,0
9907,458.23,9904.79,0.59,0.05
9908,536.79,16736.7,0.73,0.03
9909,427.14,7989.72,0.55,0.05
9910,157.47,1138.18,0.58,0.14
9911,515.7,13542.9,0.64,0.04
9912,3970.12,934262,0.74,0
9913,7931.83,2133090,0.43,0
9914,1024.97,46060.2,0.55,0.02
9915,1297.16,98457,0.73,0.01
9916,2942.85,362863,0.53,0.01
9917,487.9,14505,0.77,0.03
9918,4700.54,589502,0.34,0.01
9919,1646.12,118145,0.55,0.01
9920,7876.36,3514320,0.71,0
9921,3287.85,236088,0.27,0.01
9922,1343.16,53411,0.37,0.03
9923,2229.05,320839,0.81,0.01
9924,6881.05,2604530,0.69,0
9925,8857.68,3910640,0.63,0
9926,1293.82,100205,0.75,0.01
9927,6264.13,2124270,0.68,0
9928,930.88,51779.8,0.75,0.02
9929,849.18,32649.1,0.57,0.03
9930,460.26,11455.3,0.68,0.04
9931,351.65,6033.29,0.61,0.06
9932,889.71,35594.1,0.56,0.02
9933,463.07,11711.1,0.69,0.04
9934,977.14,57268.7,0.75,0.02
9935,1302.37,91924,0.68,0.01
9936,2798.2,316008,0.51,0.01
9937,761.08,31107.4,0.67,0.02
9938,5972.81,1545910,0.54,0
9939,4211.3,600007,0.42,0.01
9940,14770.1,5592260,0.32,0
9941,2027.13,177718,0.54,0.01
9942,814.26,25676.8,0.49,0.03
9943,647.48,20938.4,0.63,0.03
9944,5331.6,950861,0.42,0.01
9945,1533.25,136883,0.73,0.01
9946,1770.63,190306,0.76,0.01
9947,1859.81,54694.9,0.2,0.03
9948,4071.64,756725,0.57,0.01
9949,2000.62,118032,0.37,0.02
9950,2381.76,319220,0.71,0.01
9951,7932.9,2600770,0.52,0
9952,1942.57,179652,0.6,0.01
9953,3693.6,705064,0.65,0.01
9954,4657.21,1206160,0.7,0
9955,1553.74,150465,0.78,0.01
9956,1479.92,137588,0.79,0.01
9957,3152.94,481739,0.61,0.01
9958,935.94,47643.3,0.68,0.02
9959,699.15,27666.4,0.71,0.03
9960,682.91,26422.5,0.71,0.03
9961,488.43,14195.5,0.75,0.03
9962,2523.92,316847,0.62,0.01
9963,2229.42,291240,0.74,0.01
9964,795.91,38029.8,0.75,0.02
9965,415.53,10004,0.73,0.04
9966,1779.28,194680,0.77,0.01
9967,1960.27,80124.7,0.26,0.02
9968,1789.73,179503,0.7,0.01
9969,2127.89,280744,0.78,0.01
9970,1528.08,144740,0.78,0.01
9971,3442.68,650206,0.69,0.01
9972,1111.59,74133.3,0.75,0.01
9973,304.75,2303.87,0.31,0.13
9974,2091.32,221059,0.63,0.01
9975,1348.16,85697.9,0.59,0.02
9976,2608.44,394956,0.73,0.01
9977,896.26,49582,0.78,0.02
9978,897.46,49616.6,0.77,0.02
9979,3646.4,419872,0.4,0.01
9980,11316.8,3095670,0.3,0
9981,922.8,42388.3,0.63,0.02
9982,2796.85,44740,0.07,0.06
9983,2431.61,76845.2,0.16,0.03
9984,11772.1,4035330,0.37,0
9985,9728.31,1235910,0.16,0.01
9986,1507.78,27403,0.15,0.06
9987,1569.13,145704,0.74,0.01
9988,92.35,326.81,0.48,0.28
9989,974.79,22702.7,0.3,0.04
9990,4288.66,298575,0.2,0.01
9991,1885.12,50394,0.18,0.04
9992,786.58,37936.2,0.77,0.02
9993,842.08,42874.8,0.76,0.02
9994,1153.6,82225.1,0.78,0.01
9995,969.35,52556.1,0.7,0.02
9996,1387.83,23400.6,0.15,0.06
9997,8109.61,1657840,0.32,0
9998,988.46,49782.3,0.64,0.02
9999,868.99,41126.4,0.68,0.02
10000,902.45,21587.3,0.33,0.04
10001,895.93,21994,0.34,0.04
10002,145.46,1006.96,0.6,0.14
10003,915.58,52246.7,0.78,0.02
10004,1488.15,89086,0.51,0.02
10005,949.05,45330.1,0.63,0.02
10006,4858.93,550285,0.29,0.01
10007,782.51,37520.2,0.77,0.02
10008,1358.75,106331,0.72,0.01
10009,6261.11,1092900,0.35,0.01
10010,1171.41,86888.3,0.8,0.01
10011,2534.06,344294,0.67,0.01
10012,1706.11,115593,0.5,0.01
10013,738.19,9449.28,0.22,0.08
10014,9556.69,2550790,0.35,0
10015,155.54,1204.56,0.63,0.13
10016,1345.44,69985.4,0.49,0.02
10017,251.79,2497.05,0.49,0.1
10018,283,3834.48,0.6,0.07
10019,389.77,9500.13,0.79,0.04
10020,219.79,2231.03,0.58,0.1
10021,216.69,1070.84,0.29,0.2
10022,725.49,15842.4,0.38,0.05
10023,1491.38,64210.6,0.36,0.02
10024,840.05,40439.4,0.72,0.02
10025,383.82,8237.52,0.7,0.05
10026,387.82,8311.72,0.69,0.05
10027,229.46,2762.75,0.66,0.08
10028,266.29,2329.86,0.41,0.11
10029,348.94,5688.42,0.59,0.06
10030,374.88,5988.95,0.54,0.06
10031,704.73,23822.3,0.6,0.03
10032,1483.57,44634.6,0.25,0.03
10033,1743.9,62674.2,0.26,0.03
10034,3069.85,283191,0.38,0.01
10035,733.05,24306.7,0.57,0.03
10036,651.68,5221.69,0.15,0.12
10037,2465.86,286708,0.59,0.01
10038,273.38,2823.4,0.47,0.1
10039,1332.19,109192,0.77,0.01
10040,570.13,6583.62,0.25,0.09
10041,1173.98,84517.5,0.77,0.01
10042,264.71,3207.4,0.57,0.08
10043,108.31,688.8,0.74,0.16
10044,291.75,2566.09,0.38,0.11
10045,22577.7,4625480,0.11,0
10046,17204.3,4146820,0.18,0
10047,1366.63,110758,0.74,0.01
10048,4429.76,500495,0.32,0.01
10049,1184.41,90064.2,0.81,0.01
10050,15744.7,3629660,0.18,0
10051,1427.23,117249,0.72,0.01
10052,653.08,23075.4,0.68,0.03
10053,552,12133.9,0.5,0.05
10054,2292.54,318893,0.76,0.01
10055,1278.81,100635,0.77,0.01
10056,3468.81,319038,0.33,0.01
10057,2007.76,150227,0.47,0.01
10058,451.74,4585.33,0.28,0.1
10059,2676.15,102326,0.18,0.03
10060,1779.45,92590.1,0.37,0.02
10061,791.09,39079.1,0.78,0.02
10062,634.07,22581.3,0.71,0.03
10063,911.59,2792.19,0.04,0.33
10064,2708.8,337211,0.58,0.01
10065,796.55,25362.4,0.5,0.03
10066,1273.48,54168.9,0.42,0.02
10067,2504.86,368614,0.74,0.01
10068,1219.12,52414.4,0.44,0.02
10069,194.01,2299.83,0.77,0.08
10070,403.56,4825.26,0.37,0.08
10071,5180.48,780277,0.37,0.01
10072,1372.85,105422,0.7,0.01
10073,2310.57,283930,0.67,0.01
10074,322.16,6630.46,0.8,0.05
10075,330.6,6379.48,0.73,0.05
10076,165.57,864.4,0.4,0.19
10077,916.49,48858.7,0.73,0.02
10078,912.93,46755.2,0.7,0.02
10079,1150.31,82445.7,0.78,0.01
10080,2791.57,385573,0.62,0.01
10081,2645.37,384624,0.69,0.01
10082,1499.67,107594,0.6,0.01
10083,1406.09,99699.6,0.63,0.01
10084,1685.49,133628,0.59,0.01
10085,528.19,16517.1,0.74,0.03
10086,2891.74,345853,0.52,0.01
10087,2007.13,127767,0.4,0.02
10088,566.74,14617.8,0.57,0.04
10089,619.13,16234.9,0.53,0.04
10090,233.33,2383.11,0.55,0.1
10091,758.39,34692.8,0.76,0.02
10092,803.18,39249.1,0.76,0.02
10093,2964.88,261874,0.37,0.01
10094,577.36,16306.9,0.61,0.04
10095,1818.83,153426,0.58,0.01
10096,398.67,7387.35,0.58,0.05
10097,848.34,40774.3,0.71,0.02
10098,1347.54,110980,0.77,0.01
10099,882.1,37059.3,0.6,0.02
10100,306.59,5359.38,0.72,0.06
10101,3116.15,305646,0.4,0.01
10102,386.28,4927.87,0.41,0.08
10103,1177.01,56621.4,0.51,0.02
10104,2514.91,156862,0.31,0.02
10105,554.46,14571.8,0.6,0.04
10106,2537.19,249695,0.49,0.01
10107,680.97,26218.6,0.71,0.03
10108,1108.8,64149.8,0.66,0.02
10109,767.34,6966.02,0.15,0.11
10110,368.42,7665.37,0.71,0.05
10111,944.47,39430.9,0.56,0.02
10112,469.69,13340.8,0.76,0.04
10113,6642.67,694889,0.2,0.01
10114,411.04,6874.5,0.51,0.06
10115,3876.13,209240,0.17,0.02
10116,1225.48,60697.3,0.51,0.02
10117,1067.94,48536.7,0.53,0.02
10118,796.25,36354.3,0.72,0.02
10119,2335.02,117275,0.27,0.02
10120,1011.25,26726.3,0.33,0.04
10121,1623.99,25720.3,0.12,0.06
10122,1102.88,45571.4,0.47,0.02
10123,361.87,7883.66,0.76,0.05
10124,321.22,5290.53,0.64,0.06
10125,329.58,5670.6,0.66,0.06
10126,905.02,27897.1,0.43,0.03
10127,3548.98,278375,0.28,0.01
10128,1176.28,35220.3,0.32,0.03
10129,552.99,4880.55,0.2,0.11
10130,331.08,4613.79,0.53,0.07
10131,482.34,14540.7,0.78,0.03
10132,1059.71,31156.5,0.35,0.03
10133,1226.75,6623.98,0.06,0.19
10134,232.93,1066.61,0.25,0.22
10135,348.25,7575.73,0.78,0.05
10136,374.82,8499.24,0.76,0.04
10137,808.36,4591.36,0.09,0.18
10138,619.76,12067.1,0.39,0.05
10139,3059.31,276652,0.37,0.01
10140,235.22,2968.26,0.67,0.08
10141,807.93,38757.4,0.75,0.02
10142,101.49,607.37,0.74,0.17
10143,242.37,1122.05,0.24,0.22
10144,1354.39,54648.9,0.37,0.02
10145,7417.82,560182,0.13,0.01
10146,437.6,10872,0.71,0.04
10147,332.7,6492.14,0.74,0.05
10148,301.39,3390.52,0.47,0.09
10149,507.41,14434,0.7,0.04
10150,350.44,6549.44,0.67,0.05
10151,8378.69,2660200,0.48,0
10152,171.79,1653.33,0.7,0.1
10153,213.06,1600.53,0.44,0.13
10154,1449.33,45684.8,0.27,0.03
10155,183.83,863.57,0.32,0.21
10156,364.77,8270.77,0.78,0.04
10157,8673.41,462914,0.08,0.02
10158,904.53,35302.3,0.54,0.03
10159,263.51,4124.22,0.75,0.06
10160,298.76,5487.51,0.77,0.05
10161,211.8,2261.5,0.63,0.09
10162,191.94,2239.17,0.76,0.09
10163,4727.9,108212,0.06,0.04
10164,839.25,36315.7,0.65,0.02
10165,225.88,2720.83,0.67,0.08
10166,245.68,3651.84,0.76,0.07
10167,459.25,12454.5,0.74,0.04
10168,790.24,38263,0.77,0.02
10169,397.33,10012.4,0.8,0.04
10170,405.96,5079.09,0.39,0.08
10171,584.7,16775.4,0.62,0.03
10172,578.16,15048.5,0.57,0.04
10173,411.35,8425.99,0.63,0.05
10174,1828.27,61723.7,0.23,0.03
10175,2275.89,119054,0.29,0.02
10176,310.24,5988.37,0.78,0.05
10177,291.94,4153.76,0.61,0.07
10178,412.77,10004.2,0.74,0.04
10179,605.52,20308.9,0.7,0.03
10180,750.93,30955.6,0.69,0.02
10181,232.88,1179.15,0.27,0.2
10182,2116.36,266388,0.75,0.01
10183,1019.14,48649.6,0.59,0.02
10184,753.35,20007.2,0.44,0.04
10185,910.22,16995.9,0.26,0.05
10186,2000.41,239495,0.75,0.01
10187,712.13,23245.7,0.58,0.03
10188,694.89,21401.1,0.56,0.03
10189,848.8,34049.2,0.59,0.02
10190,428.02,7923.9,0.54,0.05
10191,1553.97,138791,0.72,0.01
10192,3119.94,505951,0.65,0.01
10193,975.08,54203,0.72,0.02
10194,2210.76,253860,0.65,0.01
10195,1091.01,72264.7,0.76,0.02
10196,747.65,31610.2,0.71,0.02
10197,1415.09,110506,0.69,0.01
10198,408.31,10367.2,0.78,0.04
10199,364.58,8184.44,0.77,0.04
10200,531.5,17197.3,0.76,0.03
10201,567.72,19793.7,0.77,0.03
10202,290.19,3249.4,0.48,0.09
10203,351.31,7621.57,0.78,0.05
10204,1714.87,76635,0.33,0.02
10205,370.59,8520.01,0.78,0.04
10206,244.32,2801.65,0.59,0.09
10207,308.69,3143.95,0.41,0.1
10208,139.81,1007.31,0.65,0.14
10209,292.22,3727.41,0.55,0.08
10210,353.39,7959.64,0.8,0.04
10211,223.05,1822.94,0.46,0.12
10212,2004.99,32732.9,0.1,0.06
10213,253.66,2791.82,0.54,0.09
10214,275.53,3360.36,0.56,0.08
10215,292.75,5248.61,0.77,0.06
10216,644.19,25477,0.77,0.03
10217,970.84,56177.1,0.75,0.02
10218,2153.18,204678,0.55,0.01
10219,683.11,29026.4,0.78,0.02
10220,1111.6,71291.4,0.72,0.02
10221,753.85,28157.2,0.62,0.03
10222,728.51,21829.4,0.52,0.03
10223,475.25,10663.8,0.59,0.04
10224,920.48,42454.6,0.63,0.02
10225,2336.97,334148,0.77,0.01
10226,569.98,14534,0.56,0.04
10227,564.85,13120.1,0.52,0.04
10228,2910.79,195948,0.29,0.01
10229,592.01,7750.89,0.28,0.08
10230,236.98,2578.38,0.58,0.09
10231,288.94,4078.5,0.61,0.07
10232,173.54,1419.13,0.59,0.12
10233,235.57,2362.16,0.53,0.1
10234,300.31,1575.94,0.22,0.19
10235,473.55,2163.55,0.12,0.22
10236,709.11,3050.3,0.08,0.23
10237,440.67,11842.6,0.77,0.04
10238,619.85,16637.2,0.54,0.04
10239,824.73,24342.2,0.45,0.03
10240,221.73,1216.01,0.31,0.18
10241,2990.58,40882.6,0.06,0.07
10242,2668.41,23798,0.04,0.11
10243,169.46,422.09,0.18,0.4
10244,388.43,3787.27,0.32,0.1
10245,973.56,62932,0.83,0.02
10246,336.17,1250.66,0.14,0.27
10247,190.33,2021.47,0.7,0.09
10248,557.62,2388.71,0.1,0.23
10249,597.37,5542.6,0.2,0.11
10250,85.9,286.07,0.49,0.3
10251,900.15,17084.9,0.26,0.05
10252,317.44,1186.59,0.15,0.27
10253,185.38,1876.92,0.69,0.1
10254,228.41,1405.9,0.34,0.16
10255,263.25,1662.11,0.3,0.16
10256,3550.33,78728.9,0.08,0.05
10257,316.97,1114.73,0.14,0.28
10258,187.24,1989.47,0.71,0.09
10259,389.82,3758.58,0.31,0.1
10260,333.42,1314.48,0.15,0.25
10261,186.35,1978.49,0.72,0.09
10262,237.63,1496.86,0.33,0.16
10263,356.64,1743.07,0.17,0.2
10264,65.28,230.01,0.68,0.28
10265,266.4,1216.54,0.22,0.22
10266,356.56,1698.99,0.17,0.21
10267,352.87,1625.26,0.16,0.22
10268,46.56,131.32,0.76,0.35
10269,95.04,712.77,0.99,0.13
10270,1954.14,218681,0.72,0.01
10271,115.44,676.72,0.64,0.17
10272,49.78,139.47,0.71,0.36
10273,146.81,933.91,0.54,0.16
10274,137.49,985.27,0.65,0.14
10275,203.81,2543.69,0.77,0.08
10276,157.99,1274.89,0.64,0.12
10277,199.68,2434.7,0.77,0.08
10278,140.21,1149.13,0.73,0.12
10279,186.37,1504.48,0.54,0.12
10280,177.57,1810.05,0.72,0.1
10281,149.81,1259.86,0.71,0.12
10282,77.4,374.16,0.78,0.21
10283,302.45,2882.51,0.4,0.1
10284,232.33,1208.31,0.28,0.19
10285,414.51,8571.22,0.63,0.05
10286,341.98,2016.36,0.22,0.17
10287,676.85,15227.4,0.42,0.04
10288,3301.86,143216,0.16,0.02
10289,469.88,11700.6,0.67,0.04
10290,569.85,14033.6,0.54,0.04
10291,428.05,8470.38,0.58,0.05
10292,540.98,10532.8,0.45,0.05
10293,476.18,11075.9,0.61,0.04
10294,85.82,156.78,0.27,0.55
10295,353.68,6879.83,0.69,0.05
10296,1119.41,13005.2,0.13,0.09
10297,164.1,954.75,0.45,0.17
10298,424.26,9496.6,0.66,0.04
10299,144.39,649.05,0.39,0.22
10300,75.46,327.58,0.72,0.23
10301,840.53,26734.2,0.48,0.03
10302,431.6,7367.25,0.5,0.06
10303,436.1,9081.41,0.6,0.05
10304,302.87,4766.01,0.65,0.06
10305,851.2,38811.8,0.67,0.02
10306,673.98,9006.55,0.25,0.07
10307,291.1,1484.51,0.22,0.2
10308,476.35,12594.8,0.7,0.04
10309,384.81,7751.73,0.66,0.05
10310,389.63,8313.72,0.69,0.05
10311,1858.36,176308,0.64,0.01
10312,386.85,6093.91,0.51,0.06
10313,369.56,7103.04,0.65,0.05
10314,109.66,627.31,0.66,0.17
10315,159.07,1574.07,0.78,0.1
10316,355.99,6340.61,0.63,0.06
10317,290.47,2890.25,0.43,0.1
10318,480.66,11288.3,0.61,0.04
10319,195.49,2379,0.78,0.08
10320,245.66,1623.22,0.34,0.15
10321,214.59,1467.38,0.4,0.15
10322,215.99,1459.11,0.39,0.15
10323,426.13,9935.35,0.69,0.04
10324,1863.06,167922,0.61,0.01
10325,459.23,13364.3,0.8,0.03
10326,421.42,11010.3,0.78,0.04
10327,443.36,12184.8,0.78,0.04
10328,562.29,17862,0.71,0.03
10329,579.7,20096.9,0.75,0.03
10330,116.37,946.24,0.88,0.12
10331,213.85,2627.96,0.72,0.08
10332,409.23,8884.81,0.67,0.05
10333,329.37,6655.45,0.77,0.05
10334,242.33,3554.43,0.76,0.07
10335,364.92,8226.17,0.78,0.04
10336,270.64,3331.13,0.57,0.08
10337,293.52,3465.02,0.51,0.08
10338,598.26,22362.8,0.78,0.03
10339,553.08,5320.25,0.22,0.1
10340,64.73,330.4,0.99,0.2
10341,67.86,363.14,0.99,0.19
10342,102.17,443.15,0.53,0.23
10343,597.09,23028.4,0.81,0.03
10344,367.53,6676.82,0.62,0.06
10345,306.8,4883.21,0.65,0.06
10346,345.81,4333.45,0.46,0.08
10347,967.28,43183.4,0.58,0.02
10348,285.4,3448.71,0.53,0.08
10349,132.1,1121.83,0.81,0.12
10350,219.9,2468.21,0.64,0.09
10351,222.89,2570.62,0.65,0.09
10352,232.6,2248.05,0.52,0.1
10353,222.9,2525.48,0.64,0.09
10354,214.38,2201.47,0.6,0.1
10355,222.84,2552.68,0.65,0.09
10356,688.07,26339.9,0.7,0.03
10357,461.05,2395.92,0.14,0.19
10358,174.68,1427.81,0.59,0.12
10359,3209.44,345814,0.42,0.01
10360,983.1,62220.8,0.81,0.02
10361,1653.56,59768.4,0.27,0.03
10362,3366.04,396963,0.44,0.01
10363,1859.79,172546,0.63,0.01
10364,849.08,42768.4,0.75,0.02
10365,998.82,59149.6,0.74,0.02
10366,78.81,234.23,0.47,0.34
10367,81.65,335.56,0.63,0.24
10368,647.92,14750.1,0.44,0.04
10369,2142.27,177214,0.48,0.01
10370,4059.25,173563,0.13,0.02
10371,490.01,16059.1,0.84,0.03
10372,233.53,1700.6,0.39,0.14
10373,78.15,274.31,0.56,0.28
10374,1950.71,91001.3,0.3,0.02
10375,328.44,5728.79,0.67,0.06
10376,855.52,43310.4,0.74,0.02
10377,869.73,46830.1,0.78,0.02
10378,1098.01,20441.6,0.21,0.05
10379,1064.63,29342.6,0.33,0.04
10380,303.45,4871.57,0.66,0.06
10381,481.51,12700.4,0.69,0.04
10382,320.03,5845.38,0.72,0.05
10383,351.99,5520.52,0.56,0.06
10384,934.4,19268.3,0.28,0.05
10385,503.11,9503.97,0.47,0.05
10386,345.78,5052.17,0.53,0.07
10387,240.44,3614.52,0.79,0.07
10388,787.68,15348.5,0.31,0.05
10389,908.48,32327.1,0.49,0.03
10390,1982.81,230768,0.74,0.01
10391,530.76,7191.68,0.32,0.07
10392,296.63,2726.03,0.39,0.11
10393,1326.62,94789.1,0.68,0.01
10394,5663.08,1501900,0.59,0
10395,218.99,2891.42,0.76,0.08
10396,851.33,45308.5,0.79,0.02
10397,654.33,24667.3,0.72,0.03
10398,1585.19,159169,0.8,0.01
10399,4749.62,1145880,0.64,0
10400,1039.44,17436.2,0.2,0.06
10401,269.31,2026.18,0.35,0.13
10402,3066.41,432748,0.58,0.01
10403,713.58,30695.5,0.76,0.02
10404,2068.27,233221,0.68,0.01
10405,1343.39,107465,0.75,0.01
10406,1285.17,105750,0.8,0.01
10407,1916.06,223344,0.76,0.01
10408,1421.52,123993,0.77,0.01
10409,1565.02,151863,0.78,0.01
10410,1055.58,55507.3,0.63,0.02
10411,1498.08,131143,0.73,0.01
10412,945.58,47619.1,0.67,0.02
10413,1363.28,95900.3,0.65,0.01
10414,661.07,27197.2,0.78,0.02
10415,1899.96,235268,0.82,0.01
10416,1358.63,96429.5,0.66,0.01
10417,706.38,30391.1,0.76,0.02
10418,895.65,49918.8,0.78,0.02
10419,1527.64,139071,0.75,0.01
10420,596.31,6658.47,0.24,0.09
10421,1367.04,115752,0.78,0.01
10422,728.26,28819.4,0.68,0.03
10423,370.11,5812.19,0.53,0.06
10424,352.01,7213.33,0.73,0.05
10425,557.5,11271.4,0.46,0.05
10426,154.45,1407.6,0.74,0.11
10427,275.72,4382.57,0.72,0.06
10428,303.17,5616.73,0.77,0.05
10429,199.37,1132.14,0.36,0.18
10430,505.86,15366.1,0.75,0.03
10431,805.03,32538.5,0.63,0.02
10432,911.3,51750.5,0.78,0.02
10433,965.06,57365.6,0.77,0.02
10434,1040.2,66687.1,0.77,0.02
10435,955.17,56449.6,0.78,0.02
10436,211.91,1212.86,0.34,0.17
10437,2517.38,359997,0.71,0.01
10438,263.82,1819.94,0.33,0.14
10439,1816.27,138003,0.53,0.01
10440,1458.03,86578.6,0.51,0.02
10441,677.93,20765.8,0.57,0.03
10442,1276.82,49217.1,0.38,0.03
10443,1639.45,91442.8,0.43,0.02
10444,1118.58,50342.9,0.51,0.02
10445,643.78,17969.7,0.54,0.04
10446,263.95,3643.2,0.66,0.07
10447,265.27,3414.66,0.61,0.08
10448,1438.37,115439,0.7,0.01
10449,158.1,736.05,0.37,0.21
10450,919.62,42460.9,0.63,0.02
10451,1721.31,95467.9,0.4,0.02
10452,916.88,51890.7,0.78,0.02
10453,8622.71,4388630,0.74,0
10454,4492.9,268603,0.17,0.02
10455,19418.2,11644600,0.39,0
10456,14330.4,10240300,0.63,0
10457,5010.53,862005,0.43,0.01
10458,1147.83,74810.2,0.71,0.02
10459,5679.65,1731900,0.67,0
10460,6833.1,1964220,0.53,0
10461,2115.98,274995,0.77,0.01
10462,1315.49,87257.3,0.63,0.02
10463,1413.47,107547,0.68,0.01
10464,1558.3,141271,0.73,0.01
10465,10567.4,2301440,0.26,0
10466,88.92,334.18,0.53,0.27
10467,1377.57,94802.3,0.63,0.01
10468,1426.38,105968,0.65,0.01
10469,4716.57,928161,0.52,0.01
10470,3758.68,883820,0.79,0
10471,3566.08,497705,0.49,0.01
10472,4924.84,1324270,0.69,0
10473,2360.55,146132,0.33,0.02
10474,4668.18,801922,0.46,0.01
10475,4298.8,944527,0.64,0
10476,1079.91,55287.7,0.6,0.02
10477,1923.95,201530,0.68,0.01
10478,6317.25,2137200,0.67,0
10479,5060.2,1397440,0.69,0
10480,561.04,4740.41,0.19,0.12
10481,10828.3,5267970,0.56,0
10482,2527.32,370414,0.73,0.01
10483,1884.57,199138,0.7,0.01
10484,2400.19,322164,0.7,0.01
10485,8255.76,2813320,0.52,0
10486,3038.52,552751,0.75,0.01
10487,12767.4,3901230,0.3,0
10488,1392.89,99902.5,0.65,0.01
10489,2557.93,305863,0.59,0.01
10490,3320.25,522430,0.6,0.01
10491,1136.37,75334.7,0.73,0.02
10492,2621.76,285391,0.52,0.01
10493,5698.52,1509920,0.58,0
10494,622.66,23560.1,0.76,0.03
10495,440.72,9267.96,0.6,0.05
10496,702.8,30270,0.77,0.02
10497,542.67,17460.1,0.74,0.03
10498,457.34,12955.5,0.78,0.04
10499,1506.56,137370,0.76,0.01
10500,757.44,20777.2,0.45,0.04
10501,1919.65,161058,0.55,0.01
10502,2147.09,259003,0.71,0.01
10503,2758.55,451723,0.75,0.01
10504,2041.14,254709,0.77,0.01
10505,2193.74,301370,0.79,0.01
10506,2540.21,360931,0.7,0.01
10507,1857.01,219484,0.8,0.01
10508,4382.15,721669,0.47,0.01
10509,3414.8,712871,0.77,0
10510,4062.84,1055630,0.8,0
10511,3340.5,519254,0.58,0.01
10512,5178.74,1501120,0.7,0
10513,2050.58,246500,0.74,0.01
10514,1797.89,199229,0.77,0.01
10515,964.17,31137.4,0.42,0.03
10516,6397.96,1969860,0.6,0
10517,413.94,9835.97,0.72,0.04
10518,461.34,12997.8,0.77,0.04
10519,491.36,15207.9,0.79,0.03
10520,349.22,5227.5,0.54,0.07
10521,684.03,24374.4,0.65,0.03
10522,4322.61,948854,0.64,0
10523,8856.44,3472380,0.56,0
10524,2720.36,433423,0.74,0.01
10525,7744.76,2598610,0.54,0
10526,366.89,8337.78,0.78,0.04
10527,73.32,244.64,0.57,0.3
10528,8667.57,3026030,0.51,0
10529,732.36,28180.4,0.66,0.03
10530,302.08,4551.53,0.63,0.07
10531,611.07,18557.8,0.62,0.03
10532,815.4,38991.5,0.74,0.02
10533,409.83,8180.1,0.61,0.05
10534,1653.93,146261,0.67,0.01
10535,158.54,827.55,0.41,0.19
10536,502.9,15482,0.77,0.03
10537,707.48,30378.3,0.76,0.02
10538,492.32,13427.1,0.7,0.04
10539,1950.71,185734,0.61,0.01
10540,680.46,28189.6,0.76,0.02
10541,676.6,27512.9,0.75,0.02
10542,941.85,50015.7,0.71,0.02
10543,781.48,30898.7,0.64,0.03
10544,693.43,26889,0.7,0.03
10545,1784.8,181335,0.71,0.01
10546,620.27,21746.7,0.71,0.03
10547,696.95,25681.2,0.66,0.03
10548,289.53,4513.31,0.68,0.06
10549,815.11,28018.1,0.53,0.03
10550,2053.64,209050,0.62,0.01
10551,249.98,3698.21,0.74,0.07
10552,616.87,23851.2,0.79,0.03
10553,528.38,16670.7,0.75,0.03
10554,2146.43,234299,0.64,0.01
10555,3577,485756,0.48,0.01
10556,3714.36,778942,0.71,0
10557,1580.82,108404,0.54,0.01
10558,3991.97,893876,0.7,0
10559,5307.79,1137560,0.51,0
10560,3188.51,548978,0.68,0.01
10561,2166.09,251752,0.67,0.01
10562,2311.43,147345,0.35,0.02
10563,1532.33,139271,0.74,0.01
10564,2040.86,195373,0.59,0.01
10565,631.51,22635.3,0.71,0.03
10566,1343.61,108524,0.76,0.01
10567,827.6,42938.6,0.79,0.02
10568,1335.82,102577,0.72,0.01
10569,1153.2,38341,0.36,0.03
10570,921.35,45341,0.67,0.02
10571,7057.67,2854440,0.72,0
10572,1306.8,79646.7,0.59,0.02
10573,2330.21,259123,0.6,0.01
10574,2638.82,411506,0.74,0.01
10575,1734.1,151674,0.63,0.01
10576,4955.7,1410070,0.72,0
10577,4030.74,865920,0.67,0
10578,1628.32,89525.4,0.42,0.02
10579,1229.91,94035.8,0.78,0.01
10580,1332.13,74377,0.53,0.02
10581,1309.92,84895.6,0.62,0.02
10582,944.97,44726.6,0.63,0.02
10583,1624.63,152257,0.72,0.01
10584,961.81,39521.1,0.54,0.02
10585,1399.83,121457,0.78,0.01
10586,1009.27,43909.8,0.54,0.02
10587,2608.82,355279,0.66,0.01
10588,2490.95,359411,0.73,0.01
10589,2535.76,407031,0.8,0.01
10590,1976.64,137995,0.44,0.01
10591,4744.9,1203650,0.67,0
10592,5895.65,1462280,0.53,0
10593,830.7,32238.5,0.59,0.03
10594,2882.66,248421,0.38,0.01
10595,2870.57,161586,0.25,0.02
10596,1019.06,48154.7,0.58,0.02
10597,1615.38,126618,0.61,0.01
10598,1381.03,78731.7,0.52,0.02
10599,2026.71,221519,0.68,0.01
10600,1995.06,153032,0.48,0.01
10601,425.53,11241.4,0.78,0.04
10602,1377.57,112826,0.75,0.01
10603,3065.51,331308,0.44,0.01
10604,1182.01,70988.8,0.64,0.02
10605,3988.93,1017180,0.8,0
10606,7181.1,2560330,0.62,0
10607,760.19,18368.9,0.4,0.04
10608,433.99,10174.6,0.68,0.04
10609,755.23,33334.9,0.73,0.02
10610,690.07,15538.4,0.41,0.04
10611,945.27,59096.7,0.83,0.02
10612,1201.37,30967.6,0.27,0.04
10613,1860.19,160662,0.58,0.01
10614,647.74,23351.1,0.7,0.03
10615,3446.25,318103,0.34,0.01
10616,1868.42,127507,0.46,0.01
10617,1486.97,87050,0.49,0.02
10618,2204.25,252702,0.65,0.01
10619,1649.52,156209,0.72,0.01
10620,1533.64,141361,0.75,0.01
10621,6562,2544260,0.74,0
10622,4661.81,788608,0.46,0.01
10623,1111.14,63017.4,0.64,0.02
10624,377.68,8477.36,0.75,0.04
10625,5011.5,1460380,0.73,0
10626,3480.98,720900,0.75,0
10627,1986.19,242107,0.77,0.01
10628,3483.76,412279,0.43,0.01
10629,2456.64,374609,0.78,0.01
10630,2146.72,282791,0.77,0.01
10631,2261.87,308928,0.76,0.01
10632,8730.92,2114200,0.35,0
10633,7494.29,3563810,0.8,0
10634,2850.33,410907,0.64,0.01
10635,74.92,127.7,0.29,0.59
10636,2155.73,276684,0.75,0.01
10637,2913.83,481106,0.71,0.01
10638,111.96,377.27,0.38,0.3
10639,2032.84,210872,0.64,0.01
10640,16.33,8.94,0.42,1.83
10641,279.13,2321.41,0.37,0.12
10642,282.25,2297.36,0.36,0.12
10643,644.2,5468.05,0.17,0.12
10644,647.63,5851.51,0.18,0.11
10645,98.13,250.13,0.33,0.39
10646,3283.06,689179,0.8,0
10647,4242.2,340914,0.24,0.01
10648,2208.93,279047,0.72,0.01
10649,1312.35,94840.5,0.69,0.01
10650,2232.73,241101,0.61,0.01
10651,630.07,15837,0.5,0.04
10652,3822.4,364393,0.31,0.01
10653,1568.12,71266.9,0.36,0.02
10654,4534.82,1233730,0.75,0
10655,488.38,2288.5,0.12,0.21
10656,3768.59,279001,0.25,0.01
10657,1429,89087.1,0.55,0.02
10658,1114.24,15492,0.16,0.07
10659,1127,12349.4,0.12,0.09
10660,2209,302804,0.78,0.01
10661,63.06,157.09,0.5,0.4
10662,1184.47,80123.1,0.72,0.01
10663,519.74,15527.1,0.72,0.03
10664,816.48,14684.6,0.28,0.06
10665,387.17,3795.81,0.32,0.1
10666,957.07,17965.1,0.25,0.05
10667,969.16,18845.7,0.25,0.05
10668,3820.41,742277,0.64,0.01
10669,3135.45,505114,0.65,0.01
10670,4147.99,789376,0.58,0.01
10671,112.06,610.86,0.61,0.18
10672,590.86,10409.1,0.37,0.06
10673,591.03,11129.1,0.4,0.05
10674,1764.52,166445,0.67,0.01
10675,2821.67,290841,0.46,0.01
10676,10094.2,3718080,0.46,0
10677,318.11,2379.66,0.3,0.13
10678,1542.61,142738,0.75,0.01
10679,1716.17,180216,0.77,0.01
10680,2307.41,323441,0.76,0.01
10681,4343.38,729813,0.49,0.01
10682,1289.79,10096.9,0.08,0.13
10683,2773.25,477965,0.78,0.01
10684,2934.56,447113,0.65,0.01
10685,3717.72,837042,0.76,0
10686,2653.72,338813,0.6,0.01
10687,1158.43,55734.7,0.52,0.02
10688,2053.45,178716,0.53,0.01
10689,1589.63,121359,0.6,0.01
10690,824.47,37974.7,0.7,0.02
10691,9812.97,5394150,0.7,0
10692,4541.03,1229860,0.75,0
10693,1778.96,194096,0.77,0.01
10694,1082.62,65371.6,0.7,0.02
10695,1965.98,177442,0.58,0.01
10696,746.88,33265.4,0.75,0.02
10697,854.04,43531.1,0.75,0.02
10698,4833.25,967123,0.52,0
10699,506.35,12820.6,0.63,0.04
10700,1235.45,23985.5,0.2,0.05
10701,1505.49,27139.9,0.15,0.06
10702,1479.17,24828.5,0.14,0.06
10703,2991.07,260870,0.37,0.01
10704,3899.58,548911,0.45,0.01
10705,689.93,9825.42,0.26,0.07
10706,5161.16,1223800,0.58,0
10707,1457.77,99844.3,0.59,0.01
10708,2987.77,510162,0.72,0.01
10709,2542.24,399061,0.78,0.01
10710,3725.4,727928,0.66,0.01
10711,3705.69,309519,0.28,0.01
10712,1824.34,160068,0.6,0.01
10713,531.71,8902.99,0.4,0.06
10714,536.88,8743.35,0.38,0.06
10715,4967.07,1223720,0.62,0
10716,1688.9,123227,0.54,0.01
10717,246.22,2198.8,0.46,0.11
10718,5636.05,365499,0.14,0.02
10719,2470.09,206392,0.42,0.01
10720,4671.73,1197520,0.69,0
10721,712.96,25514.8,0.63,0.03
10722,778.32,24969.7,0.52,0.03
10723,1042.62,55086.7,0.64,0.02
10724,1668.6,154490,0.7,0.01
10725,770.15,24888.7,0.53,0.03
10726,737.63,30090.6,0.69,0.02
10727,1559.45,47102.7,0.24,0.03
10728,1254.17,5218.72,0.04,0.24
10729,1574.2,141501,0.72,0.01
10730,5254.57,638244,0.29,0.01
10731,1203.61,78512.5,0.68,0.02
10732,95.13,668.67,0.93,0.14
10733,1861.48,157206,0.57,0.01
10734,795.14,31060.4,0.62,0.03
10735,1438.79,117489,0.71,0.01
10736,1076.59,59148.5,0.64,0.02
10737,2882.79,229585,0.35,0.01
10738,1433.53,126132,0.77,0.01
10739,1126.36,75308.9,0.75,0.01
10740,1981.06,178542,0.57,0.01
10741,661.84,26536.1,0.76,0.02
10742,731.5,32722,0.77,0.02
10743,876.9,47473.5,0.78,0.02
10744,1168.08,63484.2,0.58,0.02
10745,1321.4,86814.3,0.62,0.02
10746,1148.51,77400,0.74,0.01
10747,1024.92,65577.5,0.78,0.02
10748,870.03,46938.2,0.78,0.02
10749,985.42,52550.2,0.68,0.02
10750,622.27,19062.6,0.62,0.03
10751,292.66,3060.81,0.45,0.1
10752,458.77,10648,0.64,0.04
10753,654.02,26748.4,0.79,0.02
10754,798.26,37319,0.74,0.02
10755,590.12,15854.9,0.57,0.04
10756,1771.09,195616,0.78,0.01
10757,11239.2,3934260,0.39,0
10758,20564.6,13618100,0.4,0
10759,324.68,6354.35,0.76,0.05
10760,578.46,18753.2,0.7,0.03
10761,484.84,10246.3,0.55,0.05
10762,545.88,17264,0.73,0.03
10763,5072.95,1530730,0.75,0
10764,3307.4,384329,0.44,0.01
10765,4424.63,1286150,0.83,0
10766,602.52,21913.8,0.76,0.03
10767,542.53,18340.9,0.78,0.03
10768,2171.41,232290,0.62,0.01
10769,2368.52,279134,0.62,0.01
10770,2678.88,427690,0.75,0.01
10771,2690.45,417848,0.73,0.01
10772,8529.1,3010950,0.52,0
10773,8856.2,3010800,0.48,0
10774,24065.9,14772800,0.32,0
10775,9242.67,4362500,0.64,0
10776,768.58,36095.7,0.77,0.02
10777,2145.12,105533,0.29,0.02
10778,1749.93,133554,0.55,0.01
10779,723.27,17192.8,0.41,0.04
10780,1920.76,180506,0.61,0.01
10781,5541.79,1464790,0.6,0
10782,757.45,15394.3,0.34,0.05
10783,3124.18,408556,0.53,0.01
10784,10043,5157600,0.64,0
10785,773.91,38322.8,0.8,0.02
10786,2065.26,258614,0.76,0.01
10787,2345.61,338122,0.77,0.01
10788,13321,9109780,0.64,0
10789,4256.95,1181150,0.82,0
10790,4869.23,785584,0.42,0.01
10791,13776.5,5709680,0.38,0
10792,2404.78,339182,0.74,0.01
10793,884.88,49171,0.79,0.02
10794,5238.21,1584530,0.73,0
10795,2117.69,281703,0.79,0.01
10796,778.18,37962.3,0.79,0.02
10797,2725.95,342262,0.58,0.01
10798,730.17,33491.3,0.79,0.02
10799,4474.54,982077,0.62,0
10800,3373.33,620951,0.69,0.01
10801,3564.64,483819,0.48,0.01
10802,997.52,47020.6,0.59,0.02
10803,5563.54,1844160,0.75,0
10804,3853.4,782848,0.66,0
10805,2811.55,336997,0.54,0.01
10806,2903.67,517296,0.77,0.01
10807,229.79,1592.39,0.38,0.14
10808,1564.37,99061.2,0.51,0.02
10809,11394.1,3791790,0.37,0
10810,2736.83,323222,0.54,0.01
10811,38.7,81.77,0.69,0.47
10812,1164.62,79947.4,0.74,0.01
10813,2436.92,360045,0.76,0.01
10814,1604.79,156750,0.76,0.01
10815,1697.02,181516,0.79,0.01
10816,1513.72,128105,0.7,0.01
10817,35.1,68.64,0.7,0.51
10818,2339.13,321677,0.74,0.01
10819,1115.91,10300.7,0.1,0.11
10820,1193.9,90589.7,0.8,0.01
10821,1183.81,86896.3,0.78,0.01
10822,3203.14,629275,0.77,0.01
10823,2782.87,500397,0.81,0.01
10824,1733.73,150191,0.63,0.01
10825,2459.62,276199,0.57,0.01
10826,1361.15,111433,0.76,0.01
10827,1676.71,170955,0.76,0.01
10828,3195.68,623354,0.77,0.01
10829,3608.51,773886,0.75,0
10830,3534.21,717805,0.72,0
10831,9491.84,2828640,0.39,0
10832,2135.83,279969,0.77,0.01
10833,2345.97,288315,0.66,0.01
10834,3163.33,616536,0.77,0.01
10835,3157.12,597705,0.75,0.01
10836,3007.96,517825,0.72,0.01
10837,3157.03,391998,0.49,0.01
10838,8414.85,3795460,0.67,0
10839,5798.41,1504290,0.56,0
10840,10565.2,4275780,0.48,0
10841,2257.11,255499,0.63,0.01
10842,1803.95,187938,0.73,0.01
10843,1813.18,128483,0.49,0.01
10844,1955.61,236879,0.78,0.01
10845,871.04,22544.4,0.37,0.04
10846,6272.19,2312150,0.74,0
10847,4414.66,1133740,0.73,0
10848,149.82,650.15,0.36,0.23
10849,3236.39,629541,0.75,0.01
10850,2698.86,405149,0.7,0.01
10851,981.89,60072.9,0.78,0.02
10852,951.96,57475.4,0.8,0.02
10853,4282.02,960961,0.66,0
10854,2186.01,238806,0.63,0.01
10855,1857.75,214764,0.78,0.01
10856,1514.14,139108,0.76,0.01
10857,7395,2395730,0.55,0
10858,7052.35,2869690,0.72,0
10859,6514.32,1983860,0.59,0
10860,3054.98,455257,0.61,0.01
10861,2263.16,267709,0.66,0.01
10862,9943.83,5508990,0.7,0
10863,9398.95,2701880,0.38,0
10864,1876.87,208152,0.74,0.01
10865,2324.53,279527,0.65,0.01
10866,1233.4,72146.4,0.6,0.02
10867,6753.72,2944190,0.81,0
10868,51.51,114.26,0.54,0.45
10869,1331.94,62785,0.44,0.02
10870,2269.85,216608,0.53,0.01
10871,4381.76,1219780,0.8,0
10872,5430.47,1582840,0.67,0
10873,7322.7,2422340,0.57,0
10874,1188.82,79619.8,0.71,0.01
10875,2476.32,330324,0.68,0.01
10876,5651.82,1836760,0.72,0
10877,4324.91,973179,0.65,0
10878,1412.23,72536.9,0.46,0.02
10879,2568.32,365940,0.7,0.01
10880,2653.5,401381,0.72,0.01
10881,1823.61,160373,0.61,0.01
10882,4586.65,978600,0.58,0
10883,4241.6,939973,0.66,0
10884,3325.72,537604,0.61,0.01
10885,2951.36,479863,0.69,0.01
10886,3370.18,686480,0.76,0
10887,1441.28,125233,0.76,0.01
10888,4286.19,536295,0.37,0.01
10889,5662.17,1541200,0.6,0
10890,6087.7,2222160,0.75,0
10891,13532.2,6690490,0.46,0
10892,12956.8,7669630,0.57,0
10893,2978.52,518705,0.73,0.01
10894,2999.46,563828,0.79,0.01
10895,4235.65,1011820,0.71,0
10896,1854.74,202899,0.74,0.01
10897,1338.09,107967,0.76,0.01
10898,1620.9,147185,0.7,0.01
10899,665.87,17895.5,0.51,0.04
10900,190.29,2253.09,0.78,0.08
10901,329.06,5246.93,0.61,0.06
10902,6651.84,1758300,0.5,0
10903,299.35,4205.92,0.59,0.07
10904,328.88,6644.88,0.77,0.05
10905,285.06,4025.64,0.62,0.07
10906,281.36,3747.81,0.59,0.08
10907,339.91,5942.09,0.65,0.06
10908,324.2,5070.94,0.61,0.06
10909,325.83,5248.62,0.62,0.06
10910,320.04,5047.84,0.62,0.06
10911,300.13,4606.7,0.64,0.07
10912,755.75,33775.3,0.74,0.02
10913,279.82,4227.63,0.68,0.07
10914,112.08,62.84,0.06,1.78
10915,90.47,429.92,0.66,0.21
10916,215.53,2556.96,0.69,0.08
10917,297.68,4187.69,0.59,0.07
10918,261.93,3684.59,0.67,0.07
10919,345.93,6966.68,0.73,0.05
10920,5321.92,1260320,0.56,0
10921,1728.98,112165,0.47,0.02
10922,7109.22,1603310,0.4,0
10923,834.27,43358.7,0.78,0.02
10924,1760.97,194519,0.79,0.01
10925,1977.04,216061,0.69,0.01
10926,2732.24,375693,0.63,0.01
10927,3013.41,557187,0.77,0.01
10928,1763.66,157230,0.63,0.01
10929,1184.23,87009.5,0.78,0.01
10930,3382.8,336459,0.37,0.01
10931,5833.78,1146620,0.42,0.01
10932,1162.33,74387.5,0.69,0.02
10933,5562.23,727070,0.3,0.01
10934,994.02,47318.4,0.6,0.02
10935,765.12,35080.1,0.75,0.02
10936,701.84,29162,0.74,0.02
10937,571.24,20283.8,0.78,0.03
10938,2002.65,115287,0.36,0.02
10939,1515.44,63077.8,0.34,0.02
10940,392.27,7638.34,0.62,0.05
10941,62.8,226.73,0.72,0.28
10942,73.74,286.55,0.66,0.26
10943,434.9,6057.38,0.4,0.07
10944,1887.74,144576,0.51,0.01
10945,600.44,14100.8,0.49,0.04
10946,687.6,8760.87,0.23,0.08
10947,6854.43,789935,0.21,0.01
10948,2531.29,219759,0.43,0.01
10949,724.16,31824.3,0.76,0.02
10950,655.65,25195.8,0.74,0.03
10951,5862.79,828970,0.3,0.01
10952,513.61,10395.1,0.49,0.05
10953,1423.08,96092.9,0.6,0.01
10954,1514.9,76732.5,0.42,0.02
10955,708.11,28220.9,0.71,0.03
10956,620.24,24595.9,0.8,0.03
10957,1077.98,73987.5,0.8,0.01
10958,852.97,42034,0.73,0.02
10959,1043.66,67660.8,0.78,0.02
10960,2692.44,414103,0.72,0.01
10961,1127.27,79591.6,0.79,0.01
10962,1035.76,66968.9,0.78,0.02
10963,1633.87,114480,0.54,0.01
10964,1344.27,112845,0.78,0.01
10965,1071.85,67484.6,0.74,0.02
10966,952.86,55231.4,0.76,0.02
10967,1054.69,68987.4,0.78,0.02
10968,2232.87,311274,0.78,0.01
10969,2038.99,246948,0.75,0.01
10970,1173.84,81979.4,0.75,0.01
10971,974.01,59203.5,0.78,0.02
10972,778.19,32377.5,0.67,0.02
10973,443.6,5660.96,0.36,0.08
10974,452.88,6399.87,0.39,0.07
10975,446.36,5700.08,0.36,0.08
10976,380.91,9021.95,0.78,0.04
10977,258.2,3031.79,0.57,0.09
10978,262.73,3256.69,0.59,0.08
10979,554.91,18994.9,0.77,0.03
10980,312.74,3925.2,0.5,0.08
10981,446.8,5759.8,0.36,0.08
10982,253.35,2780.96,0.54,0.09
10983,448.3,6011.75,0.38,0.07
10984,626.03,23153.3,0.74,0.03
10985,388.86,4847.18,0.4,0.08
10986,308.43,3666.29,0.48,0.08
10987,309.55,3692.97,0.48,0.08
10988,251.57,2774.35,0.55,0.09
10989,521.72,13024.1,0.6,0.04
10990,272.06,3749.72,0.64,0.07
10991,325.64,4735.29,0.56,0.07
10992,494.64,12029.8,0.62,0.04
10993,442.18,5472.64,0.35,0.08
10994,448.96,6002.5,0.37,0.07
10995,254.8,2904.82,0.56,0.09
10996,2296.05,180699,0.43,0.01
10997,2530.33,308543,0.61,0.01
10998,548.31,15944.1,0.67,0.03
10999,261.26,4398.92,0.81,0.06
11000,691.7,28965.8,0.76,0.02
11001,627.71,24299.8,0.77,0.03
11002,495.96,12387.8,0.63,0.04
11003,761.14,34288.7,0.74,0.02
11004,2345.56,278377,0.64,0.01
11005,3372.59,608501,0.67,0.01
11006,5669.68,1246410,0.49,0
11007,1601.82,133550,0.65,0.01
11008,985.86,55806.4,0.72,0.02
11009,667.33,27269.8,0.77,0.02
11010,936.85,53306.6,0.76,0.02
11011,688.5,28715.2,0.76,0.02
11012,678.9,24952.2,0.68,0.03
11013,5829.09,1652780,0.61,0
11014,3754.66,776985,0.69,0
11015,2457.01,339144,0.71,0.01
11016,18249.9,7040860,0.27,0
11017,554.19,18891.8,0.77,0.03
11018,503.76,14212.6,0.7,0.04
11019,1062.07,60919.9,0.68,0.02
11020,432.07,7612.88,0.51,0.06
11021,747.75,30075.4,0.68,0.02
11022,402.73,9527.58,0.74,0.04
11023,321.31,6227.61,0.76,0.05
11024,275.51,4089.82,0.68,0.07
11025,350.69,5864.59,0.6,0.06
11026,2940.63,410028,0.6,0.01
11027,29681.5,15570200,0.22,0
11028,2810.92,344009,0.55,0.01
11029,1023.38,53572.2,0.64,0.02
11030,480.41,13870.7,0.75,0.03
11031,1618.61,161385,0.77,0.01
11032,1208.29,84862.5,0.73,0.01
11033,259.51,4190.28,0.78,0.06
11034,274.33,4279.79,0.71,0.06
11035,4674,1334820,0.77,0
11036,2248.04,212265,0.53,0.01
11037,431.94,11639.4,0.78,0.04
11038,360.74,7992.62,0.77,0.05
11039,382.47,8421.45,0.72,0.05
11040,327.56,4530.63,0.53,0.07
11041,230.58,2787.55,0.66,0.08
11042,210.57,1937.54,0.55,0.11
11043,257.82,3947.27,0.75,0.07
11044,288.68,5123.78,0.77,0.06
11045,210.15,2155.91,0.61,0.1
11046,214,2156.63,0.59,0.1
11047,216.45,2130.95,0.57,0.1
11048,212.44,2020.32,0.56,0.11
11049,204.56,1950.81,0.59,0.1
11050,211.72,2034.46,0.57,0.1
11051,289.49,5078.81,0.76,0.06
11052,307.07,4821.67,0.64,0.06
11053,213.95,2055.56,0.56,0.1
11054,212.23,2026.13,0.57,0.1
11055,212.16,2017.35,0.56,0.11
11056,204.6,1961.26,0.59,0.1
11057,216.19,2122.83,0.57,0.1
11058,214.12,2139.65,0.59,0.1
11059,215.55,2175.43,0.59,0.1
11060,350.73,6813.65,0.7,0.05
11061,320.6,6427.24,0.79,0.05
11062,327.7,6574.01,0.77,0.05
11063,263.6,2897.3,0.52,0.09
11064,300.54,4807,0.67,0.06
11065,2022.13,231450,0.71,0.01
11066,1898.6,218075,0.76,0.01
11067,1515.44,129939,0.71,0.01
11068,1432.5,122434,0.75,0.01
11069,1153.54,61842.6,0.58,0.02
11070,1112.7,41758.5,0.42,0.03
11071,1102.64,74317.1,0.77,0.01
11072,1031.21,62712.8,0.74,0.02
11073,1535.9,52353.4,0.28,0.03
11074,692.68,18165.9,0.48,0.04
11075,316.21,6007.58,0.75,0.05
11076,509.22,12173.6,0.59,0.04
11077,324.8,6409.14,0.76,0.05
11078,516.4,12760.8,0.6,0.04
11079,324.77,6341.89,0.76,0.05
11080,515.65,12830.9,0.61,0.04
11081,8167.88,3126400,0.59,0
11082,729.66,26653.1,0.63,0.03
11083,377.03,8331.03,0.74,0.05
11084,352.84,6261.78,0.63,0.06
11085,290.42,4665.38,0.69,0.06
11086,339.35,7300.08,0.8,0.05
11087,323.63,6442.15,0.77,0.05
11088,294.62,5251.84,0.76,0.06
11089,1704.29,121790,0.53,0.01
11090,23461.8,14185600,0.32,0
11091,713.11,29798.1,0.74,0.02
11092,1040.36,39200.8,0.45,0.03
11093,1057.88,46330.3,0.52,0.02
11094,586.93,13791.3,0.5,0.04
11095,330.73,6497,0.75,0.05
11096,394,9641.1,0.78,0.04
11097,342.31,7143.43,0.77,0.05
11098,527.98,15933.5,0.72,0.03
11099,633.65,25130.3,0.79,0.03
11100,464.26,12086.6,0.7,0.04
11101,432.73,9189.36,0.62,0.05
11102,588.89,19995.2,0.72,0.03
11103,1178.83,79162.1,0.72,0.01
11104,15097.7,8325520,0.46,0
11105,1799.14,190876,0.74,0.01
11106,726.91,32669.9,0.78,0.02
11107,542.11,15788,0.67,0.03
11108,513.88,10913.1,0.52,0.05
11109,510.46,10477.8,0.51,0.05
11110,1760.77,149281,0.6,0.01
11111,3276,431293,0.5,0.01
11112,412.16,10274.4,0.76,0.04
11113,191.52,2263.83,0.78,0.08
11114,558.28,12415.6,0.5,0.04
11115,461.75,13238.8,0.78,0.03
11116,19254.7,7458320,0.25,0
11117,504.39,14326.5,0.71,0.04
11118,526.08,14579,0.66,0.04
11119,740.79,33361.9,0.76,0.02
11120,463.57,12767.2,0.75,0.04
11121,428.78,10521.8,0.72,0.04
11122,389.16,4763.1,0.4,0.08
11123,545.32,18360.9,0.78,0.03
11124,218.32,2583.82,0.68,0.08
11125,447.79,5172.22,0.32,0.09
11126,2370.32,224756,0.5,0.01
11127,254.38,4057.79,0.79,0.06
11128,212.11,2807.58,0.78,0.08
11129,304.72,5555.75,0.75,0.05
11130,423.65,10198.3,0.71,0.04
11131,215.95,2594.83,0.7,0.08
11132,1136.7,48843.7,0.47,0.02
11133,340.77,7631.13,0.83,0.04
11134,448.45,10008.5,0.63,0.04
11135,218.56,2585.26,0.68,0.08
11136,293.52,5340.88,0.78,0.05
11137,208.8,2629.95,0.76,0.08
11138,622.29,23772.2,0.77,0.03
11139,418.64,8061.33,0.58,0.05
11140,538.14,17621.1,0.76,0.03
11141,554.52,15153.4,0.62,0.04
11142,5705.49,1997320,0.77,0
11143,581.07,20540.2,0.76,0.03
11144,2359.45,354889,0.8,0.01
11145,338.3,7083.12,0.78,0.05
11146,998.12,49646.9,0.63,0.02
11147,1671.03,76210.4,0.34,0.02
11148,2915.18,126653,0.19,0.02
11149,366.67,5233.63,0.49,0.07
11150,370.26,5222.07,0.48,0.07
11151,379.23,5502.36,0.48,0.07
11152,383.7,5947.62,0.51,0.06
11153,365.95,4990.06,0.47,0.07
11154,367.7,5213.27,0.48,0.07
11155,378.9,5774.25,0.51,0.07
11156,382.52,6424.24,0.55,0.06
11157,369.17,4938.23,0.46,0.07
11158,545.67,18082.6,0.76,0.03
11159,422.25,9097.14,0.64,0.05
11160,739,26192.1,0.6,0.03
11161,924.61,51554.2,0.76,0.02
11162,474.24,13693.2,0.76,0.03
11163,1294.11,82837.1,0.62,0.02
11164,1064.82,58228.5,0.65,0.02
11165,276.74,4643.03,0.76,0.06
11166,1387.98,112629,0.73,0.01
11167,681.15,27784.4,0.75,0.02
11168,763.66,35890.7,0.77,0.02
11169,580.88,15897.2,0.59,0.04
11170,703.47,21297.8,0.54,0.03
11171,290.55,4032.8,0.6,0.07
11172,361.14,5296.57,0.51,0.07
11173,211.91,2528.82,0.71,0.08
11174,205.75,2259.36,0.67,0.09
11175,231.34,2865.52,0.67,0.08
11176,665.92,19238.1,0.54,0.03
11177,218.21,2651.98,0.7,0.08
11178,217.35,2563.56,0.68,0.08
11179,224.9,2696.18,0.67,0.08
11180,230.25,2931.14,0.69,0.08
11181,226.99,2864.6,0.7,0.08
11182,220.53,2592.53,0.67,0.09
11183,227.47,2767.84,0.67,0.08
11184,224.33,2615.85,0.65,0.09
11185,231.23,3003.88,0.71,0.08
11186,218.41,2542.65,0.67,0.09
11187,219.16,2590.12,0.68,0.08
11188,229.97,2971.23,0.71,0.08
11189,219.43,2542.93,0.66,0.09
11190,579.02,20820.5,0.78,0.03
11191,2525.19,345627,0.68,0.01
11192,2358,312229,0.71,0.01
11193,3047.85,419419,0.57,0.01
11194,1278.61,103982,0.8,0.01
11195,1698.47,173783,0.76,0.01
11196,2197.31,287518,0.75,0.01
11197,1889.65,218757,0.77,0.01
11198,3114.17,459780,0.6,0.01
11199,3101.54,459099,0.6,0.01
11200,3708.12,794534,0.73,0
11201,9887.23,4647140,0.6,0
11202,598.06,17028.5,0.6,0.04
11203,562.85,12011.9,0.48,0.05
11204,425.55,8612.56,0.6,0.05
11205,421.32,8303.75,0.59,0.05
11206,511.48,10380.5,0.5,0.05
11207,514.29,11296.8,0.54,0.05
11208,573.7,15404.4,0.59,0.04
11209,459.34,11612.3,0.69,0.04
11210,429.88,9005.94,0.61,0.05
11211,534.13,12047.3,0.53,0.04
11212,2506.36,244547,0.49,0.01
11213,2431.12,291568,0.62,0.01
11214,3209.49,602182,0.73,0.01
11215,3950.05,958292,0.77,0
11216,13400.4,5259230,0.37,0
11217,734.61,28095.3,0.65,0.03
11218,526.7,17009.4,0.77,0.03
11219,382.84,8467.65,0.73,0.05
11220,1376.18,35341,0.23,0.04
11221,788.84,35748.3,0.72,0.02
11222,5299.7,1651070,0.74,0
11223,3235.93,606834,0.73,0.01
11224,44.88,98.29,0.61,0.46
11225,3259.61,530299,0.63,0.01
11226,1028.64,57228.1,0.68,0.02
11227,822.79,40787.8,0.76,0.02
11228,3101.78,563543,0.74,0.01
11229,1169.7,76104.6,0.7,0.02
11230,2311.25,283502,0.67,0.01
11231,606.06,21837.8,0.75,0.03
11232,2973.52,404770,0.57,0.01
11233,14472.2,5009620,0.3,0
11234,466.23,5608.07,0.32,0.08
11235,443.51,5947.57,0.38,0.07
11236,943.98,54661.9,0.77,0.02
11237,533.08,13715.6,0.61,0.04
11238,523.13,14209.5,0.65,0.04
11239,539.8,14677.7,0.63,0.04
11240,586.07,20133.4,0.74,0.03
11241,371.33,8295.34,0.76,0.04
11242,639.08,23371.1,0.72,0.03
11243,369.35,8199.42,0.75,0.05
11244,370.94,8302.25,0.76,0.04
11245,1844.6,214498,0.79,0.01
11246,304.3,5776.1,0.78,0.05
11247,306.81,5869.9,0.78,0.05
11248,275.51,4616.65,0.76,0.06
11249,307.53,5904.23,0.78,0.05
11250,864.79,43125,0.72,0.02
11251,937.71,46681.8,0.67,0.02
11252,767.76,35994.1,0.77,0.02
11253,868.14,30845.6,0.51,0.03
11254,311.64,6065.75,0.78,0.05
11255,1599.17,141806,0.7,0.01
11256,1016.62,62053.4,0.75,0.02
11257,1042.8,65922.7,0.76,0.02
11258,782.88,28514.5,0.58,0.03
11259,996.08,55704.4,0.71,0.02
11260,1745.33,188782,0.78,0.01
11261,365.18,8009.72,0.75,0.05
11262,558.67,15503.5,0.62,0.04
11263,333.25,6247.5,0.71,0.05
11264,504.88,10971,0.54,0.05
11265,2005.65,127091,0.4,0.02
11266,3921.44,917622,0.75,0
11267,725.64,9539.55,0.23,0.08
11268,524.31,12234.7,0.56,0.04
11269,173,1526.64,0.64,0.11
11270,175.73,1657.99,0.67,0.11
11271,234.72,2442.25,0.56,0.1
11272,190.77,1818.88,0.63,0.1
11273,223.99,2388.13,0.6,0.09
11274,218.76,2210.3,0.58,0.1
11275,237,2468.09,0.55,0.1
11276,192.79,1902.56,0.64,0.1
11277,267.83,4267.53,0.75,0.06
11278,291.22,4879.4,0.72,0.06
11279,241.02,3567.2,0.77,0.07
11280,214.15,2134.1,0.58,0.1
11281,242.75,2500.79,0.53,0.1
11282,187.73,1770.57,0.63,0.11
11283,1402.27,105704,0.68,0.01
11284,227.07,2691.6,0.66,0.08
11285,262.65,3363.77,0.61,0.08
11286,205.66,2404.66,0.71,0.09
11287,362.45,7656.8,0.73,0.05
11288,1244.31,34474.6,0.28,0.04
11289,461.92,7060.75,0.42,0.07
11290,1025.2,58934.2,0.7,0.02
11291,355.94,7175.7,0.71,0.05
11292,193,2155.47,0.73,0.09
11293,587.01,20466,0.75,0.03
11294,626.38,21159,0.68,0.03
11295,189.84,2095.55,0.73,0.09
11296,194.57,2171.84,0.72,0.09
11297,194.58,2184.81,0.72,0.09
11298,485.19,14719.5,0.79,0.03
11299,311.47,4144.05,0.54,0.08
11300,349.58,6883.07,0.71,0.05
11301,208,2395.92,0.7,0.09
11302,176.82,1682.13,0.68,0.11
11303,191.58,1594.87,0.55,0.12
11304,173.62,1582.11,0.66,0.11
11305,176.26,1611.58,0.65,0.11
11306,225.94,3172.96,0.78,0.07
11307,229.51,3266.3,0.78,0.07
11308,175.65,1651.87,0.67,0.11
11309,178.14,1651.59,0.65,0.11
11310,349.42,6399.27,0.66,0.05
11311,228.7,3244.99,0.78,0.07
11312,246.1,3699.63,0.77,0.07
11313,171.51,1546.46,0.66,0.11
11314,294.7,3092.68,0.45,0.1
11315,191.24,1789.77,0.61,0.11
11316,176.05,1600.49,0.65,0.11
11317,224.47,3134.49,0.78,0.07
11318,170.92,1529.31,0.66,0.11
11319,692.78,26169.2,0.68,0.03
11320,1436.71,107935,0.66,0.01
11321,2011.67,233957,0.73,0.01
11322,202.37,2569.82,0.79,0.08
11323,2574.86,403032,0.76,0.01
11324,2009.74,250270,0.78,0.01
11325,1767.8,194693,0.78,0.01
11326,1917.78,227344,0.78,0.01
11327,1702.67,179892,0.78,0.01
11328,1375.95,116692,0.77,0.01
11329,1105.2,60347.8,0.62,0.02
11330,1804.03,200520,0.77,0.01
11331,1753.48,189843,0.78,0.01
11332,1312.19,103656,0.76,0.01
11333,1897.99,186456,0.65,0.01
11334,1147.41,81640.1,0.78,0.01
11335,10685.1,3008650,0.33,0
11336,7548.29,1149340,0.25,0.01
11337,660.54,20222.7,0.58,0.03
11338,413.03,6563.85,0.48,0.06
11339,368.85,6628.83,0.61,0.06
11340,1592.64,104382,0.52,0.02
11341,2456.02,368387,0.77,0.01
11342,415.96,6690.86,0.49,0.06
11343,546.06,14281.4,0.6,0.04
11344,738.59,23312.6,0.54,0.03
11345,372.65,6917.35,0.63,0.05
11346,417.79,10099,0.73,0.04
11347,321.07,6409.36,0.78,0.05
11348,448.39,12377.3,0.77,0.04
11349,428.31,10503.4,0.72,0.04
11350,373.78,8150.98,0.73,0.05
11351,338.35,6954.23,0.76,0.05
11352,400.38,9316.27,0.73,0.04
11353,764.88,34169.2,0.73,0.02
11354,420.62,10638,0.76,0.04
11355,350.65,7252.91,0.74,0.05
11356,546.05,18616.5,0.78,0.03
11357,1700.71,177790,0.77,0.01
11358,1631.64,161478,0.76,0.01
11359,401.77,8944.52,0.7,0.04
11360,317.36,6247.57,0.78,0.05
11361,442.81,11258.7,0.72,0.04
11362,299.76,5543.52,0.77,0.05
11363,285.29,5067.6,0.78,0.06
11364,554.06,15010.8,0.61,0.04
11365,387.34,7813.69,0.65,0.05
11366,406.94,9326.61,0.71,0.04
11367,761.46,32796.7,0.71,0.02
11368,433.02,10620.9,0.71,0.04
11369,287.44,5131.75,0.78,0.06
11370,932.42,41260.7,0.6,0.02
11371,1947.39,231139,0.77,0.01
11372,388.39,8825.68,0.73,0.04
11373,296.53,5446.85,0.78,0.05
11374,285.34,5039.95,0.78,0.06
11375,401.38,8891.74,0.69,0.05
11376,283.57,5005.36,0.78,0.06
11377,391.75,8270.32,0.68,0.05
11378,278.05,4811.78,0.78,0.06
11379,509.98,15383.8,0.74,0.03
11380,526.08,16880.2,0.77,0.03
11381,363.5,8074.64,0.77,0.05
11382,610.2,17081.5,0.58,0.04
11383,400.29,4933.74,0.39,0.08
11384,1715.69,146531,0.63,0.01
11385,296.4,5435.44,0.78,0.05
11386,398.62,9495.24,0.75,0.04
11387,397.46,9422.51,0.75,0.04
11388,849.74,26860.7,0.47,0.03
11389,286.07,5060.62,0.78,0.06
11390,290.89,5043.63,0.75,0.06
11391,287.67,5107.25,0.78,0.06
11392,405.81,9903.61,0.76,0.04
11393,299.57,5525.56,0.77,0.05
11394,413.32,10377.1,0.76,0.04
11395,293.81,5423.92,0.79,0.05
11396,402.44,9750.43,0.76,0.04
11397,427.07,10574,0.73,0.04
11398,605.77,19404.8,0.66,0.03
11399,430.15,11294.2,0.77,0.04
11400,357.57,7673.87,0.75,0.05
11401,1406.22,121040,0.77,0.01
11402,1293.29,100955,0.76,0.01
11403,1864.72,204171,0.74,0.01
11404,808.3,41119,0.79,0.02
11405,2938.58,359437,0.52,0.01
11406,532.28,17681.8,0.78,0.03
11407,848.17,42839.5,0.75,0.02
11408,600.18,21144,0.74,0.03
11409,375.32,8173.25,0.73,0.05
11410,33952.7,16123400,0.18,0
11411,1554.37,141865,0.74,0.01
11412,6273.15,1176190,0.38,0.01
11413,1644.75,162240,0.75,0.01
11414,284.42,899.45,0.14,0.32
11415,179.72,552.28,0.21,0.33
11416,93.57,412.16,0.59,0.23
11417,1112.52,74997.6,0.76,0.01
11418,3988.29,972120,0.77,0
11419,3055.84,461350,0.62,0.01
11420,163.65,1019.33,0.48,0.16
11421,1106.51,69036.3,0.71,0.02
11422,1613.6,100368,0.48,0.02
11423,486.99,2114.76,0.11,0.23
11424,386.35,1737.63,0.15,0.22
11425,1036.46,61956.8,0.72,0.02
11426,1784.88,194544,0.77,0.01
11427,1407.19,116222,0.74,0.01
11428,368.94,4350.33,0.4,0.08
11429,445.15,9524.01,0.6,0.05
11430,421.97,8799.42,0.62,0.05
11431,450.53,10122.7,0.63,0.04
11432,1321.26,100077,0.72,0.01
11433,434.87,9197.88,0.61,0.05
11434,1276.91,101186,0.78,0.01
11435,1258.22,98843.4,0.78,0.01
11436,1685.93,142202,0.63,0.01
11437,1398.57,101806,0.65,0.01
11438,1490.22,110419,0.62,0.01
11439,920.67,48154.7,0.71,0.02
11440,1620.17,163972,0.78,0.01
11441,333.88,6908.09,0.78,0.05
11442,317.87,6179.79,0.77,0.05
11443,763.43,25897.7,0.56,0.03
11444,975.62,48493.1,0.64,0.02
11445,819.35,30351,0.57,0.03
11446,889.52,35272.1,0.56,0.03
11447,486.76,14354.7,0.76,0.03
11448,265.21,3767.09,0.67,0.07
11449,214.36,2758.56,0.75,0.08
11450,260.32,3604.15,0.67,0.07
11451,2438.98,333089,0.7,0.01
11452,1985.89,226452,0.72,0.01
11453,2535.79,378960,0.74,0.01
11454,964.69,57513.4,0.78,0.02
11455,977.55,59284.1,0.78,0.02
11456,3129.38,533237,0.68,0.01
11457,7046.06,2133610,0.54,0
11458,9223.71,3952850,0.58,0
11459,13226.5,9547240,0.69,0
11460,1624.21,44072.7,0.21,0.04
11461,6883.41,1487560,0.39,0
11462,46.22,70.01,0.41,0.66
11463,12081.2,6578330,0.57,0
11464,10611.6,5261100,0.59,0
11465,1378.14,116306,0.77,0.01
11466,9257.15,3230590,0.47,0
11467,1845.36,155091,0.57,0.01
11468,2020.11,183204,0.56,0.01
11469,1990.06,231897,0.74,0.01
11470,15069.6,12060500,0.67,0
11471,18912.2,12170900,0.43,0
11472,1117.93,66695,0.67,0.02
11473,984.23,60567.4,0.79,0.02
11474,735.63,31362.7,0.73,0.02
11475,1070.32,43090.8,0.47,0.02
11476,6183.44,1630890,0.54,0
11477,8191.78,3904750,0.73,0
11478,9735.65,3329410,0.44,0
11479,5393.62,955295,0.41,0.01
11480,4932.03,1019600,0.53,0
11481,1952.81,190859,0.63,0.01
11482,2395.99,307784,0.67,0.01
11483,1278.96,91175.4,0.7,0.01
11484,13148.1,8822580,0.64,0
11485,707.43,30415.2,0.76,0.02
11486,7775.8,3697490,0.77,0
11487,2486.08,159395,0.32,0.02
11488,1005.77,56775.3,0.7,0.02
11489,707.98,30152.7,0.76,0.02
11490,713.62,31057.6,0.77,0.02
11491,7037.46,2118710,0.54,0
11492,4222.22,1049980,0.74,0
11493,723.28,26732.2,0.64,0.03
11494,470.65,14155.5,0.8,0.03
11495,614.45,16329.5,0.54,0.04
11496,1941.88,194132,0.65,0.01
11497,2431.05,339234,0.72,0.01
11498,617.14,16605.3,0.55,0.04
11499,2934.33,480347,0.7,0.01
11500,9206.61,3902650,0.58,0
11501,865.24,40114.1,0.67,0.02
11502,2405.42,149536,0.32,0.02
11503,447.96,10021.4,0.63,0.04
11504,609.31,23264.5,0.79,0.03
11505,5697.4,1394210,0.54,0
11506,6952.03,2825440,0.73,0
11507,2161.22,289071,0.78,0.01
11508,4783.81,1103040,0.61,0
11509,2962.05,537480,0.77,0.01
11510,614.96,6584.16,0.22,0.09
11511,4289.9,867914,0.59,0
11512,7196.97,845790,0.21,0.01
11513,6304.25,777530,0.25,0.01
11514,7189.16,2835950,0.69,0
11515,5718,964215,0.37,0.01
11516,1829.66,149962,0.56,0.01
11517,938.99,45876.3,0.65,0.02
11518,2617.87,324385,0.59,0.01
11519,2248.92,309348,0.77,0.01
11520,487.74,15114.9,0.8,0.03
11521,6181.13,1734740,0.57,0
11522,1958.93,201686,0.66,0.01
11523,1822.5,204605,0.77,0.01
11524,2563.18,284701,0.54,0.01
11525,12822.6,7514200,0.57,0
11526,1421.93,107189,0.67,0.01
11527,1370.9,43879.7,0.29,0.03
11528,2362.97,299775,0.67,0.01
11529,866.55,47099.6,0.79,0.02
11530,766.38,30911,0.66,0.02
11531,4319.14,1088770,0.73,0
11532,2579.56,393535,0.74,0.01
11533,2184.04,207279,0.55,0.01
11534,2197.35,279504,0.73,0.01
11535,7344.47,2811720,0.65,0
11536,3303.57,492439,0.57,0.01
11537,4727.64,768882,0.43,0.01
11538,820.13,38102.5,0.71,0.02
11539,679.9,28047.8,0.76,0.02
11540,3214.97,634726,0.77,0.01
11541,4538.35,1209270,0.74,0
11542,685.45,12277.5,0.33,0.06
11543,5069.64,1274290,0.62,0
11544,1251.59,74416.9,0.6,0.02
11545,5588.43,1649620,0.66,0
11546,5072.08,1185230,0.58,0
11547,2229.61,122205,0.31,0.02
11548,1532.43,88637.4,0.47,0.02
11549,2879.04,456604,0.69,0.01
11550,2033.43,262377,0.8,0.01
11551,1144.48,77879.9,0.75,0.01
11552,6951.87,1933260,0.5,0
11553,1773.53,194797,0.78,0.01
11554,2006.94,241518,0.75,0.01
11555,4483.03,730959,0.46,0.01
11556,2017.16,156487,0.48,0.01
11557,1110.6,59114.4,0.6,0.02
11558,5410.59,1071210,0.46,0.01
11559,1467.76,61999.9,0.36,0.02
11560,673.06,18301.2,0.51,0.04
11561,959.69,39317.1,0.54,0.02
11562,902.06,44322.6,0.68,0.02
11563,786.15,34291,0.7,0.02
11564,313.13,5592.94,0.72,0.06
11565,14769.3,8799960,0.51,0
11566,3137.54,376995,0.48,0.01
11567,673.32,4868.24,0.13,0.14
11568,2783.42,364006,0.59,0.01
11569,2045.36,114059,0.34,0.02
11570,143.27,875.47,0.54,0.16
11571,1209.27,63855.2,0.55,0.02
11572,1653.52,159594,0.73,0.01
11573,1111.07,50691.5,0.52,0.02
11574,1039.99,41586.8,0.48,0.03
11575,294.87,4781.86,0.69,0.06
11576,1011.95,36968.1,0.45,0.03
11577,1478.47,126281,0.73,0.01
11578,1399.42,64401.6,0.41,0.02
11579,601.13,18496.7,0.64,0.03
11580,6898.26,2907330,0.77,0
11581,8455.26,2989390,0.53,0
11582,290.58,4016.34,0.6,0.07
11583,975.22,55143.1,0.73,0.02
11584,609.25,22648.8,0.77,0.03
11585,1849.95,97883.5,0.36,0.02
11586,797.74,37296.5,0.74,0.02
11587,4114.83,613429,0.46,0.01
11588,1693,127652,0.56,0.01
11589,928.86,46062.3,0.67,0.02
11590,1379.6,110286,0.73,0.01
11591,1279.7,99897.2,0.77,0.01
11592,21320.7,8132540,0.22,0
11593,448.23,12930.8,0.81,0.03
11594,349.46,6606.04,0.68,0.05
11595,510.04,4589.43,0.22,0.11
11596,1176.36,8250.65,0.07,0.14
11597,740.54,32582.6,0.75,0.02
11598,650.68,22790.5,0.68,0.03
11599,623.98,20754.6,0.67,0.03
11600,337.01,2726.32,0.3,0.12
11601,595.6,21718.9,0.77,0.03
11602,502.34,15052,0.75,0.03
11603,501.07,15254.3,0.76,0.03
11604,727.27,30214.1,0.72,0.02
11605,218.84,1434.02,0.38,0.15
11606,341.48,2212.98,0.24,0.15
11607,10253.9,5246860,0.63,0
11608,1733.51,182270,0.76,0.01
11609,2756.53,437732,0.72,0.01
11610,2663.17,401715,0.71,0.01
11611,9829.21,3021040,0.39,0
11612,2655.55,390908,0.7,0.01
11613,9316.32,3692070,0.53,0
11614,4193,1004310,0.72,0
11615,355.56,8431.19,0.84,0.04
11616,1793.63,144809,0.57,0.01
11617,1816.03,67204.5,0.26,0.03
11618,1938.19,47289.7,0.16,0.04
11619,938.74,51948.2,0.74,0.02
11620,969.92,55931,0.75,0.02
11621,932.24,48231.9,0.7,0.02
11622,1079.45,68974.9,0.74,0.02
11623,784.21,37749.6,0.77,0.02
11624,191.11,1106.64,0.38,0.17
11625,296.35,1794.91,0.26,0.17
11626,5885.61,1800350,0.65,0
11627,3671.44,837670,0.78,0
11628,7189,1353200,0.33,0.01
11629,1329.24,109923,0.78,0.01
11630,1479.16,137105,0.79,0.01
11631,1904.27,175729,0.61,0.01
11632,796.99,34045.8,0.67,0.02
11633,437.5,10827,0.71,0.04
11634,4546.03,479524,0.29,0.01
11635,1159.82,69391.6,0.65,0.02
11636,8267.21,2213140,0.41,0
11637,769.63,34110.1,0.72,0.02
11638,1290.25,100071,0.76,0.01
11639,459.33,11268.6,0.67,0.04
11640,580.6,17253.7,0.64,0.03
11641,958.86,55188.9,0.75,0.02
11642,792.22,36001.6,0.72,0.02
11643,3557.98,532692,0.53,0.01
11644,757.47,36587.7,0.8,0.02
11645,2848.15,409104,0.63,0.01
11646,444.48,10375.3,0.66,0.04
11647,711.37,31050.2,0.77,0.02
11648,697.15,30690.3,0.79,0.02
11649,262.46,2259.41,0.41,0.12
11650,1590.91,155738,0.77,0.01
11651,1963.35,220571,0.72,0.01
11652,1743.2,185209,0.77,0.01
11653,1734.03,183741,0.77,0.01
11654,1067.33,71216.9,0.79,0.01
11655,1101.5,75585,0.78,0.01
11656,3783.71,850289,0.75,0
11657,1730.49,143615,0.6,0.01
11658,2260.07,312993,0.77,0.01
11659,1557.63,146311,0.76,0.01
11660,1717.1,178088,0.76,0.01
11661,1493.01,138982,0.78,0.01
11662,1651.54,162031,0.75,0.01
11663,2087.45,270195,0.78,0.01
11664,1206.24,88518.9,0.76,0.01
11665,1272.36,97610.3,0.76,0.01
11666,1512.05,141951,0.78,0.01
11667,1173.66,85237.9,0.78,0.01
11668,1216.41,79482,0.67,0.02
11669,2090.88,269594,0.77,0.01
11670,1569.67,125709,0.64,0.01
11671,2108.85,272220,0.77,0.01
11672,2089.33,271350,0.78,0.01
11673,3412.13,651957,0.7,0.01
11674,3501.53,734823,0.75,0
11675,8493.58,3857420,0.67,0
11676,5689.95,2055560,0.8,0
11677,4409.36,850366,0.55,0.01
11678,9989.82,4698490,0.59,0
11679,68.79,203.16,0.54,0.34
11680,1564.13,146620,0.75,0.01
11681,14934,13528900,0.76,0
11682,9893.53,3899340,0.5,0
11683,2267.51,311830,0.76,0.01
11684,6496.24,1620510,0.48,0
11685,516.77,15753.9,0.74,0.03
11686,1310.8,100843,0.74,0.01
11687,2157.88,287285,0.77,0.01
11688,1098.09,42666,0.44,0.03
11689,1234.71,75714.1,0.62,0.02
11690,1628.98,151001,0.71,0.01
11691,2258.65,299952,0.74,0.01
11692,899.41,44233.7,0.69,0.02
11693,526.79,16570.9,0.75,0.03
11694,1675.38,177161,0.79,0.01
11695,2949.79,212467,0.31,0.01
11696,2221,74204.1,0.19,0.03
11697,1376.01,73188.9,0.49,0.02
11698,3293.36,652122,0.76,0.01
11699,2232.18,306598,0.77,0.01
11700,1239.79,93201.9,0.76,0.01
11701,2423.57,321559,0.69,0.01
11702,1844.44,199003,0.73,0.01
11703,780.48,33077.9,0.68,0.02
11704,849.44,37548.7,0.65,0.02
11705,9938.22,2763060,0.35,0
11706,1268.22,98037,0.77,0.01
11707,1579.58,149646,0.75,0.01
11708,1405.91,123195,0.78,0.01
11709,1588.59,123930,0.62,0.01
11710,503.2,14283.5,0.71,0.04
11711,2994.38,350113,0.49,0.01
11712,1224.81,92946.2,0.78,0.01
11713,1156.6,80480.1,0.76,0.01
11714,1018.88,63580.9,0.77,0.02
11715,957.69,55517,0.76,0.02
11716,1030.03,62208.3,0.74,0.02
11717,351.73,5160.99,0.52,0.07
11718,343.36,5215.63,0.56,0.07
11719,1131.31,34730,0.34,0.03
11720,314.68,5047.14,0.64,0.06
11721,289.15,4020.32,0.6,0.07
11722,249.01,1429.58,0.29,0.17
11723,550.54,12410.5,0.51,0.04
11724,120.08,871.53,0.76,0.14
11725,238.13,3518.47,0.78,0.07
11726,1645.41,161121,0.75,0.01
11727,2621.55,288056,0.53,0.01
11728,307.93,4442.82,0.59,0.07
11729,719.08,13463.3,0.33,0.05
11730,241.02,2674.77,0.58,0.09
11731,79.69,358.01,0.71,0.22
11732,1927.7,66404.3,0.22,0.03
11733,877.61,44873.9,0.73,0.02
11734,2378.48,264361,0.59,0.01
11735,1167.88,67168.2,0.62,0.02
11736,1087.18,63703.1,0.68,0.02
11737,970.22,57962.2,0.77,0.02
11738,1112.01,73090.7,0.74,0.02
11739,1116.74,77346.8,0.78,0.01
11740,2857.59,214049,0.33,0.01
11741,1846.72,205713,0.76,0.01
11742,1609.2,151494,0.73,0.01
11743,1756.06,138367,0.56,0.01
11744,840.18,40975,0.73,0.02
11745,887.99,44113.8,0.7,0.02
11746,1027.42,64893.3,0.77,0.02
11747,3105.15,549190,0.72,0.01
11748,1501.81,143639,0.8,0.01
11749,1199.96,69558.6,0.61,0.02
11750,1244.67,86363.3,0.7,0.01
11751,1457.65,133190,0.79,0.01
11752,1248.01,97972.7,0.79,0.01
11753,698.58,29538.5,0.76,0.02
11754,937.89,53719.6,0.77,0.02
11755,1244.18,86810,0.7,0.01
11756,1330.37,103172,0.73,0.01
11757,982.63,61193.2,0.8,0.02
11758,871.31,46873.5,0.78,0.02
11759,2381.34,84129.2,0.19,0.03
11760,252.76,2727.76,0.54,0.09
11761,1690.04,174268,0.77,0.01
11762,2006.35,197776,0.62,0.01
11763,969.64,53908.5,0.72,0.02
11764,266.39,3506.9,0.62,0.08
11765,318.58,4881.69,0.6,0.07
11766,277.45,4048.14,0.66,0.07
11767,166.37,1649.6,0.75,0.1
11768,1922.88,218267,0.74,0.01
11769,890.17,45510.3,0.72,0.02
11770,156.89,493.01,0.25,0.32
11771,1419.22,124522,0.78,0.01
11772,1171.08,90089.5,0.83,0.01
11773,1251.37,96544.6,0.77,0.01
11774,854.81,37718.8,0.65,0.02
11775,1013.23,58085.7,0.71,0.02
11776,4647.71,542176,0.32,0.01
11777,1521.67,144935,0.79,0.01
11778,2095.05,212235,0.61,0.01
11779,3029.67,435357,0.6,0.01
11780,3329.22,610552,0.69,0.01
11781,13576.9,7722100,0.53,0
11782,1089.09,71792.6,0.76,0.02
11783,3773.08,878765,0.78,0
11784,3109.22,397601,0.52,0.01
11785,2949.32,453885,0.66,0.01
11786,1123.4,72767,0.72,0.02
11787,617.43,19624.7,0.65,0.03
11788,1409.62,76521,0.48,0.02
11789,1797.07,209460,0.81,0.01
11790,2729.16,446474,0.75,0.01
11791,2354.3,325448,0.74,0.01
11792,1394.28,121532,0.79,0.01
11793,1359.1,115047,0.78,0.01
11794,1026.24,59906.5,0.71,0.02
11795,3224.19,314528,0.38,0.01
11796,2330.05,154885,0.36,0.02
11797,244.53,1361.78,0.29,0.18
11798,2628.53,187396,0.34,0.01
11799,357.77,5608.7,0.55,0.06
11800,992.93,20640.7,0.26,0.05
11801,389.15,5574.7,0.46,0.07
11802,227.97,2900.45,0.7,0.08
11803,244.99,3859.45,0.81,0.06
11804,279.17,4399.74,0.71,0.06
11805,1591.72,79939.8,0.4,0.02
11806,634.29,16082.4,0.5,0.04
11807,414.94,6328.1,0.46,0.07
11808,126.75,456.81,0.36,0.28
11809,771.62,18886.3,0.4,0.04
11810,336.97,5412.82,0.6,0.06
11811,316.14,5296.99,0.67,0.06
11812,358.27,5940.37,0.58,0.06
11813,364.03,5827.8,0.55,0.06
11814,356.31,6101.58,0.6,0.06
11815,126.4,726.19,0.57,0.17
11816,113.13,536.01,0.53,0.21
11817,106.66,504.89,0.56,0.21
11818,330.23,5053.45,0.58,0.07
11819,457.39,9038.58,0.54,0.05
11820,511.96,12548.7,0.6,0.04
11821,408.94,5438.04,0.41,0.08
11822,427.9,4945.58,0.34,0.09
11823,285.42,4201.22,0.65,0.07
11824,339.05,4143.81,0.45,0.08
11825,221.95,2446.56,0.62,0.09
11826,7722.98,3464410,0.73,0
11827,1614.29,134313,0.65,0.01
11828,1624.9,160739,0.76,0.01
11829,1394.64,111678,0.72,0.01
11830,1168.98,76214.7,0.7,0.02
11831,1332.41,106718,0.76,0.01
11832,3470.71,303634,0.32,0.01
11833,828.54,38310,0.7,0.02
11834,1339.3,64902.8,0.45,0.02
11835,1349.8,72685.8,0.5,0.02
11836,1318.52,97662.9,0.71,0.01
11837,6601.65,2223010,0.64,0
11838,3658.68,576050,0.54,0.01
11839,1072.71,68261.2,0.75,0.02
11840,11264.2,3258350,0.32,0
11841,1103.23,71522.9,0.74,0.02
11842,2889.29,152281,0.23,0.02
11843,6533.32,2002060,0.59,0
11844,4249.11,410023,0.29,0.01
11845,3453.07,726101,0.76,0
11846,17941.2,10982500,0.43,0
11847,2689.11,340526,0.59,0.01
11848,8919.7,3931060,0.62,0
11849,2161,265859,0.72,0.01
11850,1859.59,147036,0.53,0.01
11851,2022.66,199187,0.61,0.01
11852,1893.01,161877,0.57,0.01
11853,2843.73,432047,0.67,0.01
11854,1104.87,74684.2,0.77,0.01
11855,1244.11,90885.4,0.74,0.01
11856,1304.11,102271,0.76,0.01
11857,3867.99,880038,0.74,0
11858,4037.82,634151,0.49,0.01
11859,755.03,30387.8,0.67,0.02
11860,902.07,3656.89,0.06,0.25
11861,527.26,17236,0.78,0.03
11862,1774.62,156801,0.63,0.01
11863,1606.47,155578,0.76,0.01
11864,1541.96,143330,0.76,0.01
11865,2137.72,277522,0.76,0.01
11866,1858.06,203977,0.74,0.01
11867,4560.2,867540,0.52,0.01
11868,393.29,8021.1,0.65,0.05
11869,2514.54,312112,0.62,0.01
11870,8622.34,972908,0.16,0.01
11871,1062.81,72782,0.81,0.01
11872,404.54,10460.2,0.8,0.04
11873,3273.28,309325,0.36,0.01
11874,1129.74,79060.5,0.78,0.01
11875,887.77,49636.3,0.79,0.02
11876,823.37,45002.5,0.83,0.02
11877,862.46,48734.6,0.82,0.02
11878,658.55,24768.5,0.72,0.03
11879,673.91,26005.1,0.72,0.03
11880,853.23,31534.7,0.54,0.03
11881,1801.5,155024,0.6,0.01
11882,967.19,50386.8,0.68,0.02
11883,1538.83,142585,0.76,0.01
11884,1387.99,114400,0.75,0.01
11885,1490.37,138031,0.78,0.01
11886,3558.17,619709,0.61,0.01
11887,9348.15,1209920,0.17,0.01
11888,691.61,28725,0.75,0.02
11889,629.55,24465.3,0.78,0.03
11890,900.2,50328.1,0.78,0.02
11891,449,7938.92,0.49,0.06
11892,476.36,10235.3,0.57,0.05
11893,553.1,11861.6,0.49,0.05
11894,301.67,5408.98,0.75,0.06
11895,389.73,8818.46,0.73,0.04
11896,1553.64,71447.7,0.37,0.02
11897,304.01,4249.07,0.58,0.07
11898,253.49,3311.92,0.65,0.08
11899,375.09,6644.56,0.59,0.06
11900,1120.05,73288.1,0.73,0.02
11901,530.33,16086.5,0.72,0.03
11902,1145.28,62100,0.59,0.02
11903,3237.82,201485,0.24,0.02
11904,1185.26,24193.6,0.22,0.05
11905,592.4,4766.98,0.17,0.12
11906,216.87,2739.14,0.73,0.08
11907,1761.18,179545,0.73,0.01
11908,581.84,17516.8,0.65,0.03
11909,727.63,20975.3,0.5,0.03
11910,724.73,20395.7,0.49,0.04
11911,1819.16,183054,0.69,0.01
11912,3505.89,694729,0.71,0.01
11913,665.75,4036.72,0.11,0.16
11914,3822.19,854347,0.73,0
11915,2126.31,229347,0.64,0.01
11916,3173.33,603944,0.75,0.01
11917,535.64,14270.6,0.62,0.04
11918,621.46,13641.6,0.44,0.05
11919,575.71,14885.4,0.56,0.04
11920,406.29,7426.92,0.57,0.05
11921,353.94,6646.62,0.67,0.05
11922,454.24,7479.41,0.46,0.06
11923,407.78,7736.51,0.58,0.05
11924,349.03,6620.73,0.68,0.05
11925,425.17,9051.5,0.63,0.05
11926,2853.27,402872,0.62,0.01
11927,923.38,31927.9,0.47,0.03
11928,2522.7,368197,0.73,0.01
11929,1426.44,117359,0.72,0.01
11930,1162.7,73791.3,0.69,0.02
11931,1246.95,96476.7,0.78,0.01
11932,5836.93,808570,0.3,0.01
11933,494.01,12573.3,0.65,0.04
11934,823.48,1073.43,0.02,0.77
11935,1491.01,127563,0.72,0.01
11936,849.02,37845.7,0.66,0.02
11937,881.84,39063.9,0.63,0.02
11938,1087.29,34500,0.37,0.03
11939,619.57,20377.5,0.67,0.03
11940,1258.34,73995.3,0.59,0.02
11941,472.97,14043.1,0.79,0.03
11942,72.88,225.78,0.53,0.32
11943,172.19,1794.67,0.76,0.1
11944,967.6,11188,0.15,0.09
11945,330.76,7004.67,0.8,0.05
11946,473.34,6064.04,0.34,0.08
11947,1059.38,59691,0.67,0.02
11948,638.04,14253.9,0.44,0.04
11949,127.6,550.05,0.42,0.23
11950,512.21,11347.7,0.54,0.05
11951,2989.01,366415,0.52,0.01
11952,2051.42,175755,0.52,0.01
11953,197.52,2391.65,0.77,0.08
11954,2414.87,179310,0.39,0.01
11955,779.38,34778.7,0.72,0.02
11956,724.47,27976.4,0.67,0.03
11957,1206.97,81932.2,0.71,0.01
11958,2265.27,261440,0.64,0.01
11959,1217.37,72248.9,0.61,0.02
11960,1439.74,129525,0.78,0.01
11961,1634.46,165877,0.78,0.01
11962,318.93,1714.2,0.21,0.19
11963,3056.19,209470,0.28,0.01
11964,1968.24,237537,0.77,0.01
11965,281.81,2272.24,0.36,0.12
11966,93.47,321.69,0.46,0.29
11967,1088.6,75255.4,0.8,0.01
11968,1163.42,46867.2,0.43,0.02
11969,1211.71,19890,0.17,0.06
11970,4216.18,959504,0.68,0
11971,2154,43703.4,0.12,0.05
11972,11021.4,2818150,0.29,0
11973,6215.57,1227720,0.4,0.01
11974,1466.57,69142.7,0.4,0.02
11975,4202.23,269964,0.19,0.02
11976,560.5,14922.5,0.6,0.04
11977,1233.23,52091.1,0.43,0.02
11978,502.84,15145.9,0.75,0.03
11979,833.77,36220,0.65,0.02
11980,816.6,26494.4,0.5,0.03
11981,1400.62,48703.5,0.31,0.03
11982,3706.5,464914,0.43,0.01
11983,357.45,7973.84,0.78,0.04
11984,531.11,16022.3,0.71,0.03
11985,589.15,20162.3,0.73,0.03
11986,410.45,10481.8,0.78,0.04
11987,308.23,5548.17,0.73,0.06
11988,409.51,10198.1,0.76,0.04
11989,369.14,8519.14,0.79,0.04
11990,303.71,5397.62,0.73,0.06
11991,250.41,3918.93,0.78,0.06
11992,316.63,6006.84,0.75,0.05
11993,2275.18,318466,0.77,0.01
11994,3214.41,511801,0.62,0.01
11995,1236.51,95490.3,0.78,0.01
11996,1854.23,212350,0.78,0.01
11997,3854.33,600785,0.51,0.01
11998,356.25,7927.91,0.78,0.04
11999,1162.16,53419,0.5,0.02
12000,1003.35,48596.1,0.61,0.02
12001,1993.02,187846,0.59,0.01
12002,4126.69,437936,0.32,0.01
12003,161,464.54,0.23,0.35
12004,1301.37,98930.8,0.73,0.01
12005,1372.56,117027,0.78,0.01
12006,2192.93,261126,0.68,0.01
12007,63.28,145.71,0.46,0.43
12008,43.13,57,0.38,0.76
12009,94.75,359.13,0.5,0.26
12010,35.83,28.5,0.28,1.26
12011,3929.32,897019,0.73,0
12012,880.16,34237.3,0.56,0.03
12013,138.33,761.18,0.5,0.18
12014,1739.91,142593,0.59,0.01
12015,1085.35,58622.9,0.63,0.02
12016,221.89,1478.94,0.38,0.15
12017,442.09,13009.9,0.84,0.03
12018,712.42,14480.4,0.36,0.05
12019,1000.8,51045.2,0.64,0.02
12020,2656.43,370646,0.66,0.01
12021,1419.96,107358,0.67,0.01
12022,2050.13,242177,0.72,0.01
12023,836.21,42809.5,0.77,0.02
12024,829.98,42058.5,0.77,0.02
12025,739.05,33990,0.78,0.02
12026,776.28,37738.6,0.79,0.02
12027,1434.91,95335.6,0.58,0.02
12028,1078.88,22896.6,0.25,0.05
12029,678.13,27178.2,0.74,0.02
12030,890.96,41259.1,0.65,0.02
12031,1686.53,163407,0.72,0.01
12032,1520.85,143866,0.78,0.01
12033,1187.41,83780.4,0.75,0.01
12034,2029.41,244646,0.75,0.01
12035,1908.92,220504,0.76,0.01
12036,964.4,46110.6,0.62,0.02
12037,1268.49,98681.7,0.77,0.01
12038,2489.18,332072,0.67,0.01
12039,3379.05,419003,0.46,0.01
12040,1599.64,159593,0.78,0.01
12041,268.46,4235.97,0.74,0.06
12042,240.23,3043.01,0.66,0.08
12043,235.28,2830.27,0.64,0.08
12044,346.91,4180.41,0.44,0.08
12045,386.47,9062.48,0.76,0.04
12046,189.29,2062.66,0.72,0.09
12047,221.3,3034.79,0.78,0.07
12048,3231.4,325115,0.39,0.01
12049,335.01,5462.87,0.61,0.06
12050,563.72,9679.81,0.38,0.06
12051,194.23,2216.07,0.74,0.09
12052,264.42,4222.97,0.76,0.06
12053,136.26,374.87,0.25,0.36
12054,319.14,6364.22,0.78,0.05
12055,318.66,4123.36,0.51,0.08
12056,1471.25,134163,0.78,0.01
12057,2338.69,248046,0.57,0.01
12058,740.08,34065.1,0.78,0.02
12059,857.11,45634.2,0.78,0.02
12060,2102.15,272774,0.78,0.01
12061,2448.16,292865,0.61,0.01
12062,907.15,51271.5,0.78,0.02
12063,906.24,51188.8,0.78,0.02
12064,5952.23,1453290,0.52,0
12065,981.49,60201.8,0.78,0.02
12066,897.93,49871.2,0.78,0.02
12067,1228.4,85037.5,0.71,0.01
12068,416.41,10528.4,0.76,0.04
12069,165.12,536.18,0.25,0.31
12070,759.95,34193.5,0.74,0.02
12071,1109.61,67662.5,0.69,0.02
12072,388.71,8973.48,0.75,0.04
12073,838.64,39355.4,0.7,0.02
12074,1167.25,85467.7,0.79,0.01
12075,160.3,593.62,0.29,0.27
12076,874.46,43941.8,0.72,0.02
12077,1153.32,64018.7,0.6,0.02
12078,945.05,22075.3,0.31,0.04
12079,626.58,23677.5,0.76,0.03
12080,1217.87,88883.3,0.75,0.01
12081,960.96,54442.8,0.74,0.02
12082,1985.77,239530,0.76,0.01
12083,348.12,2838.39,0.29,0.12
12084,1581.6,107855,0.54,0.01
12085,4862.69,554627,0.29,0.01
12086,2658.43,366757,0.65,0.01
12087,1710.79,153669,0.66,0.01
12088,6568.09,2276120,0.66,0
12089,3379.19,633531,0.7,0.01
12090,702.33,29605.3,0.75,0.02
12091,575.98,18127.6,0.69,0.03
12092,1207.21,83592.8,0.72,0.01
12093,7804.35,2237720,0.46,0
12094,8675.9,4392250,0.73,0
12095,14945.7,13327300,0.75,0
12096,6935.87,2886750,0.75,0
12097,1903.98,221135,0.77,0.01
12098,1780.25,187987,0.74,0.01
12099,973.6,58226.5,0.77,0.02
12100,1408.4,119310,0.76,0.01
12101,1845.38,122748,0.45,0.02
12102,960.97,42345.2,0.58,0.02
12103,1562.88,152003,0.78,0.01
12104,1172.67,79859,0.73,0.01
12105,1050.4,67532.6,0.77,0.02
12106,1301.93,99604.5,0.74,0.01
12107,3026.2,262359,0.36,0.01
12108,582.13,20511.1,0.76,0.03
12109,546.3,17895.8,0.75,0.03
12110,779.77,23734.5,0.49,0.03
12111,419.67,5444.12,0.39,0.08
12112,747.42,18588.2,0.42,0.04
12113,446.9,11679.3,0.73,0.04
12114,284.8,4772.24,0.74,0.06
12115,489.15,11699.8,0.61,0.04
12116,2263.83,247156,0.61,0.01
12117,2638.03,425815,0.77,0.01
12118,884.82,48747.9,0.78,0.02
12119,3285.12,585705,0.68,0.01
12120,1007.86,40138.4,0.5,0.03
12121,406.78,10155.4,0.77,0.04
12122,579.62,21522.9,0.8,0.03
12123,397.76,8605.75,0.68,0.05
12124,372.84,8115.88,0.73,0.05
12125,259.89,4279.79,0.8,0.06
12126,587.72,13452.1,0.49,0.04
12127,468.02,9969.71,0.57,0.05
12128,1116.48,77275.5,0.78,0.01
12129,191.16,2467.36,0.85,0.08
12130,391.75,7007.86,0.57,0.06
12131,291.61,4114.25,0.61,0.07
12132,253.93,3347.48,0.65,0.08
12133,257.09,3491.8,0.66,0.07
12134,251.98,3275.21,0.65,0.08
12135,262.4,3767,0.69,0.07
12136,179.15,1864.14,0.73,0.1
12137,973.05,49352.4,0.65,0.02
12138,181.72,1696.5,0.65,0.11
12139,237.72,3504.34,0.78,0.07
12140,516.09,7108.47,0.34,0.07
12141,211.35,2651.03,0.75,0.08
12142,197.44,2281.51,0.74,0.09
12143,6297.24,1116920,0.35,0.01
12144,1045.2,40292.1,0.46,0.03
12145,399.06,8072.89,0.64,0.05
12146,785.62,25891.5,0.53,0.03
12147,452.51,8520.9,0.52,0.05
12148,340.68,5065.41,0.55,0.07
12149,3932.82,726603,0.59,0.01
12150,1034.89,44671,0.52,0.02
12151,1444.49,126477,0.76,0.01
12152,47.24,109.12,0.61,0.43
12153,195.19,1083.4,0.36,0.18
12154,1362.01,115028,0.78,0.01
12155,5226.82,1134620,0.52,0
12156,2945.22,223067,0.32,0.01
12157,429.79,10661.1,0.72,0.04
12158,379.59,9005.2,0.78,0.04
12159,154.51,406.37,0.21,0.38
12160,699.2,19951.6,0.51,0.04
12161,570.44,16451.4,0.64,0.03
12162,843.02,27229,0.48,0.03
12163,426.84,10662.8,0.74,0.04
12164,1052.1,61232.4,0.69,0.02
12165,3622.79,664250,0.64,0.01
12166,965.13,50793.7,0.68,0.02
12167,1105.7,74940.6,0.77,0.01
12168,1668.35,172719,0.78,0.01
12169,2936.82,440565,0.64,0.01
12170,1211.48,85896.8,0.74,0.01
12171,1163.06,80347,0.75,0.01
12172,805.15,28026.8,0.54,0.03
12173,1655.3,149698,0.69,0.01
12174,1461.52,128733,0.76,0.01
12175,2148.81,249030,0.68,0.01
12176,1362.46,114726,0.78,0.01
12177,1485.45,88614.2,0.5,0.02
12178,1020.24,64966.5,0.78,0.02
12179,1742.76,193894,0.8,0.01
12180,2410.1,345094,0.75,0.01
12181,2669.27,352104,0.62,0.01
12182,2920.36,252374,0.37,0.01
12183,419.69,2752.13,0.2,0.15
12184,132.76,857.25,0.61,0.15
12185,265.62,4084.02,0.73,0.07
12186,1988.62,249617,0.79,0.01
12187,958.93,25930.6,0.35,0.04
12188,1768.69,194283,0.78,0.01
12189,1777.89,191628,0.76,0.01
12190,631.56,24828.4,0.78,0.03
12191,899.85,35862,0.56,0.03
12192,247.75,3497.97,0.72,0.07
12193,218.46,2389.91,0.63,0.09
12194,233.66,3005,0.69,0.08
12195,552.48,15641.2,0.64,0.04
12196,211.48,2019.6,0.57,0.1
12197,592.43,12842.5,0.46,0.05
12198,255.83,3000.39,0.58,0.09
12199,175.6,1194.35,0.49,0.15
12200,2287.81,178624,0.43,0.01
12201,362.87,7987.35,0.76,0.05
12202,709.24,13073,0.33,0.05
12203,320.23,4999.87,0.61,0.06
12204,382.54,8849.31,0.76,0.04
12205,430.18,10844.2,0.74,0.04
12206,534.84,17394,0.76,0.03
12207,7403.39,2770640,0.63,0
12208,780.95,18836.9,0.39,0.04
12209,599.62,12229.5,0.43,0.05
12210,522.11,16072.3,0.74,0.03
12211,357,7566.44,0.75,0.05
12212,980.64,33506.8,0.44,0.03
12213,346.61,7368.96,0.77,0.05
12214,1768.16,151384,0.61,0.01
12215,958.93,37221.7,0.51,0.03
12216,282.21,4930.3,0.78,0.06
12217,1505.92,141127,0.78,0.01
12218,1026.39,54680.2,0.65,0.02
12219,934.93,52390.2,0.75,0.02
12220,707.09,30293.1,0.76,0.02
12221,807.05,37025.7,0.71,0.02
12222,703.04,30848.4,0.78,0.02
12223,951.45,12700.1,0.18,0.07
12224,2625.96,294255,0.54,0.01
12225,702.61,25854.7,0.66,0.03
12226,827.95,41662,0.76,0.02
12227,677.84,23885.8,0.65,0.03
12228,982.46,60294.4,0.78,0.02
12229,1762.99,144127,0.58,0.01
12230,598.64,20926.7,0.73,0.03
12231,1323.49,69232.8,0.5,0.02
12232,2742.43,388043,0.65,0.01
12233,333.79,6729.01,0.76,0.05
12234,1263.08,71445.8,0.56,0.02
12235,1449.27,120166,0.72,0.01
12236,987.36,44626.4,0.57,0.02
12237,717.64,28910.8,0.71,0.02
12238,739.96,30826.8,0.71,0.02
12239,1438.22,81150.7,0.49,0.02
12240,835.59,33449.9,0.6,0.02
12241,468.19,13333.8,0.76,0.04
12242,272.29,1048.81,0.18,0.26
12243,1693.35,155740,0.68,0.01
12244,584.95,20958.5,0.77,0.03
12245,1660.7,173877,0.79,0.01
12246,706.31,30853.7,0.78,0.02
12247,1023.4,53459.2,0.64,0.02
12248,1767.47,139341,0.56,0.01
12249,1461.17,106106,0.62,0.01
12250,1132.12,73896.1,0.72,0.02
12251,1191.83,52690,0.47,0.02
12252,905.06,47748.5,0.73,0.02
12253,634.69,24042.5,0.75,0.03
12254,882.44,47586.6,0.77,0.02
12255,981.36,60393.1,0.79,0.02
12256,1094.83,74583.5,0.78,0.01
12257,467.67,13656.6,0.78,0.03
12258,618.15,22204,0.73,0.03
12259,611.89,22468.7,0.75,0.03
12260,733.57,33541.6,0.78,0.02
12261,428.32,11449.4,0.78,0.04
12262,598.7,20686.8,0.72,0.03
12263,470.49,13763.4,0.78,0.03
12264,1015.9,60883.6,0.74,0.02
12265,1429.35,118044,0.73,0.01
12266,830.2,38024.8,0.69,0.02
12267,2179.49,239416,0.63,0.01
12268,1578.34,136360,0.69,0.01
12269,2064.3,256352,0.76,0.01
12270,531.89,15707.3,0.7,0.03
12271,1920.75,60635.5,0.21,0.03
12272,1747.13,133726,0.55,0.01
12273,695.4,24039,0.62,0.03
12274,1333.46,100968,0.71,0.01
12275,683.89,29037.6,0.78,0.02
12276,1633.08,134943,0.64,0.01
12277,1004.55,63471.9,0.79,0.02
12278,790.3,35052.9,0.7,0.02
12279,1026.19,65819.8,0.79,0.02
12280,1299.86,88273.4,0.66,0.01
12281,1314.53,99198.9,0.72,0.01
12282,513.63,15577.4,0.74,0.03
12283,1829.93,189115,0.71,0.01
12284,252.06,2544.49,0.5,0.1
12285,1431.76,115590,0.71,0.01
12286,1574.53,64077.3,0.32,0.02
12287,1202.43,69566.8,0.6,0.02
12288,1333.01,65708.5,0.46,0.02
12289,1294.94,53139.9,0.4,0.02
12290,1199.64,94284.6,0.82,0.01
12291,1469.24,56476.6,0.33,0.03
12292,1361.31,77673.5,0.53,0.02
12293,896.01,51847.3,0.81,0.02
12294,756.23,29982.1,0.66,0.03
12295,495.32,13640.6,0.7,0.04
12296,832.13,41895.4,0.76,0.02
12297,695.89,9857.19,0.26,0.07
12298,659.29,23674.4,0.68,0.03
12299,1278.42,57252,0.44,0.02
12300,805.6,40283.3,0.78,0.02
12301,1013.95,60039.2,0.73,0.02
12302,1156.84,85993,0.81,0.01
12303,591.36,8116.15,0.29,0.07
12304,552.2,9168.47,0.38,0.06
12305,1570.42,152371,0.78,0.01
12306,215.47,2239.13,0.61,0.1
12307,370.87,3935.9,0.36,0.09
12308,260.93,1080.43,0.2,0.24
12309,1366.79,118155,0.79,0.01
12310,1002.53,54474.6,0.68,0.02
12311,1202.41,62769.2,0.55,0.02
12312,1215.36,59600.2,0.51,0.02
12313,1615.6,160800,0.77,0.01
12314,1712.81,172378,0.74,0.01
12315,136.35,718.52,0.49,0.19
12316,1623.28,123655,0.59,0.01
12317,1360.69,97902.8,0.66,0.01
12318,1053.64,69589.7,0.79,0.02
12319,2006.86,169623,0.53,0.01
12320,1365.23,111797,0.75,0.01
12321,777.74,35942.3,0.75,0.02
12322,1145.87,62903.7,0.6,0.02
12323,549.19,18408,0.77,0.03
12324,2678.47,407648,0.71,0.01
12325,2864.85,400331,0.61,0.01
12326,1877.9,222061,0.79,0.01
12327,1956.87,236852,0.78,0.01
12328,1359.44,114299,0.78,0.01
12329,1160.24,75891.5,0.71,0.02
12330,1794.98,204300,0.8,0.01
12331,125.9,442.19,0.35,0.28
12332,1267.66,52418,0.41,0.02
12333,990.25,45142.2,0.58,0.02
12334,1240.6,76472.3,0.62,0.02
12335,4713.25,1104870,0.62,0
12336,4270.78,505454,0.35,0.01
12337,1158.44,65483.4,0.61,0.02
12338,571.69,1730.5,0.07,0.33
12339,3061.76,206783,0.28,0.01
12340,914.28,50448.3,0.76,0.02
12341,1663.26,134037,0.61,0.01
12342,1963.81,209347,0.68,0.01
12343,586.52,18189.1,0.66,0.03
12344,1258.3,89065.5,0.71,0.01
12345,352.06,3856.15,0.39,0.09
12346,710.28,27360.6,0.68,0.03
12347,345.76,6700.92,0.7,0.05
12348,4070.86,588064,0.45,0.01
12349,2112.05,221875,0.62,0.01
12350,8016.82,851050,0.17,0.01
12351,1313.89,55358,0.4,0.02
12352,449.6,2576.54,0.16,0.17
12353,1629.63,169419,0.8,0.01
12354,2356.49,170007,0.38,0.01
12355,202.86,2544.04,0.78,0.08
12356,41.46,93.68,0.68,0.44
12357,540.02,7990.64,0.34,0.07
12358,805.86,34572.1,0.67,0.02
12359,691.67,22657.4,0.59,0.03
12360,1709.61,167184,0.72,0.01
12361,81.09,285.61,0.55,0.28
12362,1715.32,167447,0.71,0.01
12363,2606.66,195176,0.36,0.01
12364,1604.1,121161,0.59,0.01
12365,790.89,37326.4,0.75,0.02
12366,812.14,41207.4,0.78,0.02
12367,1787.25,183574,0.72,0.01
12368,2333.45,283200,0.65,0.01
12369,4367.95,530868,0.35,0.01
12370,1680.35,151594,0.67,0.01
12371,3849.07,486866,0.41,0.01
12372,252,928.14,0.18,0.27
12373,1093.25,60000.9,0.63,0.02
12374,874.32,40181.7,0.66,0.02
12375,512.36,13107.3,0.63,0.04
12376,98.14,267.77,0.35,0.37
12377,1843.14,210323,0.78,0.01
12378,560.65,16426.8,0.66,0.03
12379,2587.47,417614,0.78,0.01
12380,44.47,86.14,0.55,0.52
12381,3875.44,836124,0.7,0
12382,1376.72,112798,0.75,0.01
12383,2426.42,271181,0.58,0.01
12384,1185.49,69049.5,0.62,0.02
12385,1419.78,77254.7,0.48,0.02
12386,1905.13,154529,0.53,0.01
12387,1497.88,138122,0.77,0.01
12388,3604.13,368181,0.36,0.01
12389,1581.97,131691,0.66,0.01
12390,643.21,24589.7,0.75,0.03
12391,486.48,14635.8,0.78,0.03
12392,586.38,20357.5,0.74,0.03
12393,837.54,35008,0.63,0.02
12394,433.72,11304,0.75,0.04
12395,327.03,1017.38,0.12,0.32
12396,1672.84,155780,0.7,0.01
12397,373.73,7681.48,0.69,0.05
12398,357.93,4178.78,0.41,0.09
12399,80.17,261.42,0.51,0.31
12400,1121.13,59333.8,0.59,0.02
12401,1199.38,71909.5,0.63,0.02
12402,1219.14,71430.2,0.6,0.02
12403,1054.19,60762.3,0.69,0.02
12404,1226.53,67870.3,0.57,0.02
12405,2772.34,222421,0.36,0.01
12406,907.01,31199.8,0.48,0.03
12407,410.07,10598.7,0.79,0.04
12408,529.01,11893,0.53,0.04
12409,737.38,24366.3,0.56,0.03
12410,413.58,9974.38,0.73,0.04
12411,1904.63,53245.1,0.18,0.04
12412,319.86,5743.35,0.71,0.06
12413,553.1,12397.8,0.51,0.04
12414,3459.07,383780,0.4,0.01
12415,457.89,2567.69,0.15,0.18
12416,520.97,16756.2,0.78,0.03
12417,625.66,23996.2,0.77,0.03
12418,684.78,28745,0.77,0.02
12419,542.04,17719.7,0.76,0.03
12420,474.86,12000.1,0.67,0.04
12421,476.81,12067.1,0.67,0.04
12422,477.21,12009.7,0.66,0.04
12423,501.32,13932,0.7,0.04
12424,548.61,18469.2,0.77,0.03
12425,523.83,17109,0.78,0.03
12426,542.84,18244,0.78,0.03
12427,484.32,12883,0.69,0.04
12428,954.7,51414,0.71,0.02
12429,428.43,11468.5,0.78,0.04
12430,687.23,25806.8,0.69,0.03
12431,485.56,14463.8,0.77,0.03
12432,394.27,9681.42,0.78,0.04
12433,1325.95,51380.3,0.37,0.03
12434,398.61,9845.03,0.78,0.04
12435,590.67,19876.7,0.72,0.03
12436,1272.17,82129.1,0.64,0.02
12437,1610.45,127485,0.62,0.01
12438,1572.91,52525.7,0.27,0.03
12439,822.81,41156.4,0.76,0.02
12440,827.09,30810.3,0.57,0.03
12441,371.33,8161.32,0.74,0.05
12442,1922.46,199597,0.68,0.01
12443,1165.82,66200.3,0.61,0.02
12444,1031.29,61975.8,0.73,0.02
12445,707.63,30510.3,0.77,0.02
12446,221.56,3034.14,0.78,0.07
12447,1424.04,99245.5,0.61,0.01
12448,2021.58,75828.6,0.23,0.03
12449,1334.05,104058,0.73,0.01
12450,1710.75,150650,0.65,0.01
12451,1162.64,74514.2,0.69,0.02
12452,691.91,24741,0.65,0.03
12453,690.32,20757,0.55,0.03
12454,816.01,31363.1,0.59,0.03
12455,1850.23,80791.5,0.3,0.02
12456,315.77,4111.34,0.52,0.08
12457,303.64,5558.5,0.76,0.05
12458,403.59,9603.45,0.74,0.04
12459,418.5,10594.3,0.76,0.04
12460,794.47,33267.3,0.66,0.02
12461,131.82,1049.81,0.76,0.13
12462,194.5,2296.5,0.76,0.08
12463,355.07,6738.23,0.67,0.05
12464,550.49,18077.8,0.75,0.03
12465,555.22,18157.4,0.74,0.03
12466,303.17,5461.61,0.75,0.06
12467,873.77,34802.7,0.57,0.03
12468,650.7,21871.6,0.65,0.03
12469,1013.66,61774.9,0.76,0.02
12470,171.83,1401.99,0.6,0.12
12471,379.93,8450.4,0.74,0.04
12472,323.88,6067.87,0.73,0.05
12473,328.12,6123.53,0.71,0.05
12474,320.64,5876.6,0.72,0.05
12475,305.53,5838.28,0.79,0.05
12476,89.26,321,0.51,0.28
12477,1313.4,105427,0.77,0.01
12478,1329.02,105255,0.75,0.01
12479,438.86,7207.42,0.47,0.06
12480,3075.62,452912,0.6,0.01
12481,833.61,12937.3,0.23,0.06
12482,1164.9,81945,0.76,0.01
12483,773.68,28731.7,0.6,0.03
12484,1007.98,46251.2,0.57,0.02
12485,2261.53,305104,0.75,0.01
12486,1484.8,101334,0.58,0.01
12487,381.5,7423.16,0.64,0.05
12488,552.32,16879.7,0.69,0.03
12489,444.94,12118.7,0.77,0.04
12490,357.61,7786.95,0.76,0.05
12491,377.2,8528.41,0.75,0.04
12492,741.11,27710.3,0.63,0.03
12493,412.66,10622.6,0.78,0.04
12494,411.11,10558.8,0.78,0.04
12495,466.85,13284.4,0.77,0.04
12496,316.83,6013.31,0.75,0.05
12497,726.56,25906.6,0.62,0.03
12498,334.03,6830.65,0.77,0.05
12499,1044.11,35796.2,0.41,0.03
12500,227.68,3091.36,0.75,0.07
12501,1385.45,117047,0.77,0.01
12502,935.51,46981.4,0.67,0.02
12503,300.44,5173.23,0.72,0.06
12504,79.41,497.21,0.99,0.16
12505,609.87,16072.2,0.54,0.04
12506,125.23,535.11,0.43,0.23
12507,2487.56,387926,0.79,0.01
12508,1459.97,132254,0.78,0.01
12509,1067.21,67318.5,0.74,0.02
12510,784.73,7065.39,0.14,0.11
12511,940.52,7917.29,0.11,0.12
12512,660.02,6068.07,0.17,0.11
12513,855.93,45320.2,0.78,0.02
12514,779.54,37028.1,0.77,0.02
12515,529.44,17143.7,0.77,0.03
12516,758.03,20929.3,0.46,0.04
12517,1204.48,82197.4,0.71,0.01
12518,881.85,23179.2,0.37,0.04
12519,387.08,9274.28,0.78,0.04
12520,1228.33,89991.9,0.75,0.01
12521,610.74,2335.81,0.08,0.26
12522,852.36,44739.4,0.77,0.02
12523,507.31,15518.1,0.76,0.03
12524,722.66,30976.1,0.74,0.02
12525,599.74,20583.7,0.72,0.03
12526,678.27,28304.9,0.77,0.02
12527,522.56,13546.8,0.62,0.04
12528,693.97,27793.2,0.72,0.02
12529,212.02,1083.7,0.3,0.2
12530,509.31,14394.3,0.7,0.04
12531,1143.61,73096.8,0.7,0.02
12532,1666.63,161028,0.73,0.01
12533,1485.11,117113,0.67,0.01
12534,775.43,35903.8,0.75,0.02
12535,1057.5,69152.6,0.78,0.02
12536,609.16,23145.1,0.78,0.03
12537,1493.18,114422,0.64,0.01
12538,2239.49,210028,0.53,0.01
12539,1944.8,186491,0.62,0.01
12540,247.47,3201.32,0.66,0.08
12541,105.64,336.07,0.38,0.31
12542,1257.22,78837.6,0.63,0.02
12543,1083.62,61780.2,0.66,0.02
12544,467.43,11577,0.67,0.04
12545,283.85,4933.29,0.77,0.06
12546,154.9,636.09,0.33,0.24
12547,1206.1,55747.1,0.48,0.02
12548,226.02,2712.12,0.67,0.08
12549,230.04,2746.51,0.65,0.08
12550,521.71,16636.8,0.77,0.03
12551,236.32,3063.37,0.69,0.08
12552,226.74,2732.47,0.67,0.08
12553,367.78,8024.08,0.75,0.05
12554,237.34,3136.9,0.7,0.08
12555,224.79,2660.4,0.66,0.08
12556,272.49,4545,0.77,0.06
12557,716.83,28360.9,0.69,0.03
12558,1086.18,48976.7,0.52,0.02
12559,2451.75,198579,0.41,0.01
12560,994.84,36278.5,0.46,0.03
12561,189.32,1894.13,0.66,0.1
12562,206.2,2255.36,0.67,0.09
12563,238,3374.97,0.75,0.07
12564,566.05,16253.5,0.64,0.03
12565,126.15,966.98,0.76,0.13
12566,220.55,2766.13,0.71,0.08
12567,512.8,11646.9,0.56,0.04
12568,261.84,4203.42,0.77,0.06
12569,239.55,3152.88,0.69,0.08
12570,232.86,2887.23,0.67,0.08
12571,235.59,3243.12,0.73,0.07
12572,206.29,2161.81,0.64,0.1
12573,316.03,4983.38,0.63,0.06
12574,2288.62,205928,0.49,0.01
12575,542.66,15752.8,0.67,0.03
12576,726.56,30352.3,0.72,0.02
12577,643.78,25610.7,0.78,0.03
12578,386.98,9010.88,0.76,0.04
12579,369.1,8436.03,0.78,0.04
12580,834.46,35432.2,0.64,0.02
12581,1482.7,76207,0.44,0.02
12582,451.01,12196.2,0.75,0.04
12583,580.84,21072.9,0.78,0.03
12584,532.88,17208,0.76,0.03
12585,488.52,14350,0.76,0.03
12586,370.3,8363.38,0.77,0.04
12587,1076.23,67835.3,0.74,0.02
12588,93.79,368.12,0.53,0.25
12589,380.45,8969.78,0.78,0.04
12590,213.86,1214.38,0.33,0.18
12591,971.59,58206.8,0.77,0.02
12592,918.96,50937.3,0.76,0.02
12593,1220.1,91930.2,0.78,0.01
12594,2973.81,234825,0.33,0.01
12595,892.41,45040.4,0.71,0.02
12596,983.51,58817.9,0.76,0.02
12597,117.44,538.13,0.49,0.22
12598,2466.77,255368,0.53,0.01
12599,648.18,20832.4,0.62,0.03
12600,1208.93,21423.5,0.18,0.06
12601,825.8,15341.1,0.28,0.05
12602,853.59,21354.6,0.37,0.04
12603,1311.12,109743,0.8,0.01
12604,1129.18,38435.7,0.38,0.03
12605,2986.77,291900,0.41,0.01
12606,1378.94,73443.6,0.49,0.02
12607,2375.84,298364,0.66,0.01
12608,4629.31,937920,0.55,0
12609,1862.71,192137,0.7,0.01
12610,577.47,5818.81,0.22,0.1
12611,1312.08,94321.1,0.69,0.01
12612,1105.13,48435.8,0.5,0.02
12613,1686,174941,0.77,0.01
12614,9598.54,4662730,0.64,0
12615,1540.73,13818,0.07,0.11
12616,318.23,3832.71,0.48,0.08
12617,686.8,29180.3,0.78,0.02
12618,858.34,45882.1,0.78,0.02
12619,11107.8,3865930,0.39,0
12620,462.68,927.56,0.05,0.5
12621,142.34,1243.38,0.77,0.11
12622,563.48,7241.33,0.29,0.08
12623,244.86,2943.59,0.62,0.08
12624,251.37,3210.99,0.64,0.08
12625,8184.81,1101880,0.21,0.01
12626,1149.84,66762.7,0.63,0.02
12627,713.46,12384.3,0.31,0.06
12628,548.06,9146.2,0.38,0.06
12629,1019.35,12121.3,0.15,0.08
12630,743.84,8875.57,0.2,0.08
12631,2924.25,200128,0.29,0.01
12632,129.78,732.37,0.55,0.18
12633,257.36,3415.22,0.65,0.08
12634,262.79,3596.21,0.65,0.07
12635,253.92,3219.8,0.63,0.08
12636,528.94,17541,0.79,0.03
12637,254.09,3302.91,0.64,0.08
12638,1723.57,144108,0.61,0.01
12639,1263.13,62043.9,0.49,0.02
12640,796.79,8834.65,0.17,0.09
12641,815.48,33379.5,0.63,0.02
12642,798.28,26375.8,0.52,0.03
12643,185.76,2157.08,0.79,0.09
12644,2745.95,250124,0.42,0.01
12645,4174.15,380514,0.27,0.01
12646,2220.5,225858,0.58,0.01
12647,755.99,24847.5,0.55,0.03
12648,65.27,180.91,0.53,0.36
12649,784.85,2997.8,0.06,0.26
12650,128.78,470.16,0.36,0.27
12651,109.37,384.23,0.4,0.28
12652,388.96,8903.13,0.74,0.04
12653,1023.05,49046.5,0.59,0.02
12654,73.5,155.8,0.36,0.47
12655,487.82,14796.3,0.78,0.03
12656,737.03,28896.7,0.67,0.03
12657,994.35,60896.5,0.77,0.02
12658,956.31,44974.2,0.62,0.02
12659,505.01,15223.1,0.75,0.03
12660,149.56,698.19,0.39,0.21
12661,280.31,1780.93,0.28,0.16
12662,3189.67,338389,0.42,0.01
12663,681.03,23660.1,0.64,0.03
12664,627.43,21177.7,0.68,0.03
12665,1342.59,55382.8,0.39,0.02
12666,1946.06,126436,0.42,0.02
12667,767.77,30841.3,0.66,0.02
12668,123.42,488.82,0.4,0.25
12669,3156.05,277911,0.35,0.01
12670,385.26,800.53,0.07,0.48
12671,2444.53,210777,0.44,0.01
12672,1969.19,116507,0.38,0.02
12673,3097.21,179601,0.24,0.02
12674,604.12,16531.8,0.57,0.04
12675,284.3,4670.68,0.73,0.06
12676,431.58,10874.7,0.73,0.04
12677,657.56,18521.2,0.54,0.04
12678,1056.27,37753.2,0.43,0.03
12679,353.89,7730.67,0.78,0.05
12680,444.04,7089.12,0.45,0.06
12681,255.04,3480.94,0.67,0.07
12682,1854.91,201506,0.74,0.01
12683,2001.09,216418,0.68,0.01
12684,193.79,698.66,0.23,0.28
12685,381.58,1558.25,0.13,0.24
12686,1345.73,91671.2,0.64,0.01
12687,771.97,29127.6,0.61,0.03
12688,2023.11,241107,0.74,0.01
12689,1618.23,122743,0.59,0.01
12690,2203.15,287501,0.74,0.01
12691,1556.93,147259,0.76,0.01
12692,1212.85,87495.4,0.75,0.01
12693,1037.27,65911.6,0.77,0.02
12694,1058.92,55242.2,0.62,0.02
12695,807.6,35207.8,0.68,0.02
12696,789.53,28585.9,0.58,0.03
12697,326.51,6535.06,0.77,0.05
12698,214.19,1311.15,0.36,0.16
12699,277.41,4280.35,0.7,0.06
12700,1477.16,97407.2,0.56,0.02
12701,609.64,20795,0.7,0.03
12702,584.15,19492.1,0.72,0.03
12703,34.84,70.57,0.73,0.49
12704,86.58,472.2,0.79,0.18
12705,85.49,304.2,0.52,0.28
12706,114.85,558.31,0.53,0.21
12707,420.42,2385.67,0.17,0.18
12708,822.55,5008.03,0.09,0.16
12709,3171.42,527062,0.66,0.01
12710,743.77,26575.7,0.6,0.03
12711,225.5,2916.98,0.72,0.08
12712,428.61,11310.1,0.77,0.04
12713,451.39,9712.93,0.6,0.05
12714,182.04,2027.13,0.77,0.09
12715,209.13,2688.11,0.77,0.08
12716,536.73,16094.5,0.7,0.03
12717,1006.73,60014.3,0.74,0.02
12718,369.71,8401.81,0.77,0.04
12719,354.17,7624.04,0.76,0.05
12720,827.01,31668.7,0.58,0.03
12721,2183.33,131414,0.35,0.02
12722,626.97,24432.1,0.78,0.03
12723,1459.84,80498.7,0.47,0.02
12724,437.45,9504.3,0.62,0.05
12725,232.72,3386.47,0.79,0.07
12726,350.34,7613.49,0.78,0.05
12727,449.73,12179.9,0.76,0.04
12728,348.3,6648.15,0.69,0.05
12729,2611.49,163732,0.3,0.02
12730,4475.95,572530,0.36,0.01
12731,456.91,5901.83,0.36,0.08
12732,444.04,7830.33,0.5,0.06
12733,225.42,3094.41,0.76,0.07
12734,734.75,7949.27,0.18,0.09
12735,1892.82,174012,0.61,0.01
12736,856.34,46707.1,0.8,0.02
12737,953.98,55814.5,0.77,0.02
12738,1022.19,44625.1,0.54,0.02
12739,1000.52,32870.3,0.41,0.03
12740,664.19,14945.5,0.43,0.04
12741,76.28,287.68,0.62,0.27
12742,1122.39,64284,0.64,0.02
12743,177.68,586.46,0.23,0.3
12744,290.9,5995.57,0.89,0.05
12745,800.57,9996.27,0.2,0.08
12746,515.34,11827,0.56,0.04
12747,1021.06,39790.9,0.48,0.03
12748,2116.99,102124,0.29,0.02
12749,187.93,1969.58,0.7,0.1
12750,583.07,18631.8,0.69,0.03
12751,530.96,12588.5,0.56,0.04
12752,1836.5,99149.8,0.37,0.02
12753,1130.33,68963,0.68,0.02
12754,332.97,6600.36,0.75,0.05
12755,215.63,2354.59,0.64,0.09
12756,252.2,2849.05,0.56,0.09
12757,185.47,1937.28,0.71,0.1
12758,243.79,2759.3,0.58,0.09
12759,281.03,4042.24,0.64,0.07
12760,220.22,2816.76,0.73,0.08
12761,244.6,3186.43,0.67,0.08
12762,368.36,9303.02,0.86,0.04
12763,699.78,25705.6,0.66,0.03
12764,189.2,2043.97,0.72,0.09
12765,2303.73,24867.6,0.06,0.09
12766,2319.82,128749,0.3,0.02
12767,26.52,44.63,0.8,0.59
12768,2608.05,404312,0.75,0.01
12769,151.16,395.75,0.22,0.38
12770,1328.72,106409,0.76,0.01
12771,4308.29,1210020,0.82,0
12772,32.14,56.55,0.69,0.57
12773,986.96,44776,0.58,0.02
12774,3774.27,239898,0.21,0.02
12775,895.73,48719.8,0.76,0.02
12776,227.87,3244.03,0.78,0.07
12777,128.13,597.41,0.46,0.21
12778,989.21,61129.3,0.78,0.02
12779,819.34,40506.7,0.76,0.02
12780,1607.82,105589,0.51,0.02
12781,177.61,1954.74,0.78,0.09
12782,217.64,2934.32,0.78,0.07
12783,1159.4,83388.3,0.78,0.01
12784,2206.41,204756,0.53,0.01
12785,446.05,11750.8,0.74,0.04
12786,756.24,31454.1,0.69,0.02
12787,783.77,29996.9,0.61,0.03
12788,1979.22,117361,0.38,0.02
12789,62.14,157.52,0.51,0.39
12790,276.57,3010.72,0.49,0.09
12791,291.29,3928.52,0.58,0.07
12792,1067.59,75349.3,0.83,0.01
12793,534.58,16271.6,0.72,0.03
12794,275.25,2780.74,0.46,0.1
12795,424.22,11182,0.78,0.04
12796,305.7,4837.54,0.65,0.06
12797,208.13,2023.35,0.59,0.1
12798,667.9,14179.7,0.4,0.05
12799,453.68,11813,0.72,0.04
12800,334.84,6964.77,0.78,0.05
12801,1302.29,97003.3,0.72,0.01
12802,309.13,5771.89,0.76,0.05
12803,315.74,6071.04,0.76,0.05
12804,510.51,14675.2,0.71,0.03
12805,1048.55,67600.9,0.77,0.02
12806,986.37,58910.4,0.76,0.02
12807,774.94,33319.1,0.7,0.02
12808,426.09,11385,0.79,0.04
12809,675.32,23875.7,0.66,0.03
12810,322.28,6147.85,0.74,0.05
12811,261.09,4586.93,0.85,0.06
12812,731.13,11932.7,0.28,0.06
12813,432.92,9526.92,0.64,0.05
12814,279.94,4485.15,0.72,0.06
12815,418.52,10509.3,0.75,0.04
12816,546.59,12177.9,0.51,0.04
12817,212.72,2443.03,0.68,0.09
12818,371.07,5141.4,0.47,0.07
12819,416.27,7494.82,0.54,0.06
12820,390.55,6695.88,0.55,0.06
12821,190.89,2254.44,0.78,0.08
12822,352.71,7609.98,0.77,0.05
12823,169.01,1507.55,0.66,0.11
12824,449.86,5157.42,0.32,0.09
12825,204.15,2352.49,0.71,0.09
12826,412.18,9829.79,0.73,0.04
12827,447.71,7358.54,0.46,0.06
12828,173.44,1815.42,0.76,0.1
12829,198.36,2370.81,0.76,0.08
12830,188.01,2202.59,0.78,0.09
12831,1895.14,205981,0.72,0.01
12832,62.12,122.76,0.4,0.51
12833,767.84,26933.8,0.57,0.03
12834,1376.54,39667.6,0.26,0.03
12835,244.07,3027.31,0.64,0.08
12836,266.43,3430.14,0.61,0.08
12837,265.98,3184.07,0.57,0.08
12838,614.97,12654.1,0.42,0.05
12839,233,2527.92,0.58,0.09
12840,299.42,3412.95,0.48,0.09
12841,2613.44,217281,0.4,0.01
12842,122.23,529.37,0.45,0.23
12843,434.07,7612.8,0.51,0.06
12844,381.82,5871.29,0.51,0.07
12845,411.39,10149.5,0.75,0.04
12846,363.59,8433.81,0.8,0.04
12847,293.17,5419.06,0.79,0.05
12848,211.99,2357.09,0.66,0.09
12849,557.95,11349.9,0.46,0.05
12850,262.82,3282.59,0.6,0.08
12851,272.94,3307.46,0.56,0.08
12852,275.12,3428.94,0.57,0.08
12853,193.46,2318.52,0.78,0.08
12854,191.52,2264.65,0.78,0.08
12855,351.86,4818.91,0.49,0.07
12856,308.87,3833.81,0.5,0.08
12857,259.03,3175.38,0.59,0.08
12858,249.42,2978.24,0.6,0.08
12859,253.37,3175.15,0.62,0.08
12860,249.78,2939.61,0.59,0.08
12861,252.55,2999.87,0.59,0.08
12862,278.42,4133.64,0.67,0.07
12863,262.15,3372.89,0.62,0.08
12864,261.36,3312.03,0.61,0.08
12865,254.05,3064.94,0.6,0.08
12866,252.09,3054.14,0.6,0.08
12867,243.29,2891.59,0.61,0.08
12868,219.55,2080.21,0.54,0.11
12869,437.6,7009.17,0.46,0.06
12870,359.37,7903.98,0.77,0.05
12871,235.32,3114.84,0.71,0.08
12872,463.87,13516.4,0.79,0.03
12873,187.24,2180.45,0.78,0.09
12874,151.44,1309.17,0.72,0.12
12875,147.14,1211.18,0.7,0.12
12876,189.6,2248.17,0.79,0.08
12877,551.82,13064.4,0.54,0.04
12878,178.31,1810.55,0.72,0.1
12879,213.2,2819.11,0.78,0.08
12880,233.34,2957.18,0.68,0.08
12881,244.38,3384.25,0.71,0.07
12882,283.84,4972.63,0.78,0.06
12883,454.26,9594.6,0.58,0.05
12884,377.41,6386.3,0.56,0.06
12885,223.61,3011.87,0.76,0.07
12886,321.92,4066.43,0.49,0.08
12887,202.12,2146.85,0.66,0.09
12888,179.52,1704.72,0.66,0.11
12889,204.1,2568.54,0.77,0.08
12890,526.31,15140.3,0.69,0.03
12891,218.7,3072.39,0.81,0.07
12892,207.54,2621.83,0.76,0.08
12893,205.73,2597.53,0.77,0.08
12894,187.37,1961.52,0.7,0.1
12895,168.96,1728.68,0.76,0.1
12896,361.23,7682.52,0.74,0.05
12897,1438.1,93664.9,0.57,0.02
12898,868.77,41860.4,0.7,0.02
12899,292.62,5735.93,0.84,0.05
12900,222.6,3253.32,0.82,0.07
12901,244.87,3420.2,0.72,0.07
12902,171.74,1520.93,0.65,0.11
12903,571.88,11024.4,0.42,0.05
12904,362.56,8190.92,0.78,0.04
12905,276.99,3655.2,0.6,0.08
12906,161.24,1539.76,0.74,0.1
12907,189.38,2238.44,0.78,0.08
12908,149.24,1266.71,0.71,0.12
12909,175.3,1714.1,0.7,0.1
12910,430.07,10608.3,0.72,0.04
12911,237.86,3221.86,0.72,0.07
12912,244.42,3483.86,0.73,0.07
12913,216.27,2412.72,0.65,0.09
12914,224.17,2737.85,0.68,0.08
12915,362.78,8524.27,0.81,0.04
12916,4108.35,811538,0.6,0.01
12917,512.97,6756.32,0.32,0.08
12918,362.15,7995.65,0.77,0.05
12919,347.41,6475.69,0.67,0.05
12920,886.87,40926.4,0.65,0.02
12921,796.43,36808,0.73,0.02
12922,188.24,1948.1,0.69,0.1
12923,376.38,8372.51,0.74,0.04
12924,349.28,7585.04,0.78,0.05
12925,28.33,40.96,0.64,0.69
12926,2287.36,174434,0.42,0.01
12927,2136.95,63438,0.17,0.03
12928,2088.36,65490.6,0.19,0.03
12929,4739.45,588820,0.33,0.01
12930,318.03,5819.94,0.72,0.05
12931,265.9,4207.86,0.75,0.06
12932,437.84,11013.9,0.72,0.04
12933,1089.83,70124.5,0.74,0.02
12934,1101.42,43402,0.45,0.03
12935,1567.07,149945,0.77,0.01
12936,1645.54,147223,0.68,0.01
12937,106.79,454.8,0.5,0.23
12938,735.14,31525.9,0.73,0.02
12939,953.75,45619.8,0.63,0.02
12940,428.26,11436.8,0.78,0.04
12941,623.12,23281.1,0.75,0.03
12942,1123.58,52135.8,0.52,0.02
12943,139.6,1045.01,0.67,0.13
12944,165.61,1587.94,0.73,0.1
12945,70.9,252.93,0.63,0.28
12946,2788.44,440012,0.71,0.01
12947,5365.93,1053320,0.46,0.01
12948,4902.1,1385130,0.72,0
12949,83.14,263.27,0.48,0.32
12950,3252.09,103602,0.12,0.03
12951,1013.53,11190.9,0.14,0.09
12952,86.91,371.76,0.62,0.23
12953,595.62,6348.33,0.22,0.09
12954,1222.39,88939.6,0.75,0.01
12955,1754.88,170835,0.7,0.01
12956,5569.99,675505,0.27,0.01
12957,470.31,14227.6,0.81,0.03
12958,1550.08,143915,0.75,0.01
12959,892.55,49775.7,0.78,0.02
12960,951.31,53926.9,0.75,0.02
12961,800.94,34664.2,0.68,0.02
12962,3080.65,275204,0.36,0.01
12963,1219.22,82754.4,0.7,0.01
12964,1153.76,68235.6,0.64,0.02
12965,563.71,19305.5,0.76,0.03
12966,1218.21,79707,0.67,0.02
12967,169.47,1123.85,0.49,0.15
12968,495.32,2144.61,0.11,0.23
12969,87.32,204.46,0.34,0.43
12970,514.23,1616.02,0.08,0.32
12971,109.98,297.43,0.31,0.37
12972,62.2,143.12,0.46,0.43
12973,4574.46,954237,0.57,0
12974,2129.2,51967.6,0.14,0.04
12975,932.74,39338.9,0.57,0.02
12976,750.98,27812.3,0.62,0.03
12977,2053.8,254856,0.76,0.01
12978,1479.82,22531.8,0.13,0.07
12979,644.52,21329.3,0.64,0.03
12980,1674.69,94329.3,0.42,0.02
12981,688.96,27742.1,0.73,0.02
12982,2787.35,224357,0.36,0.01
12983,24348.6,11841600,0.25,0
12984,1569.8,135203,0.69,0.01
12985,2057.75,219135,0.65,0.01
12986,1632.53,56792.9,0.27,0.03
12987,3770.33,750285,0.66,0.01
12988,109.06,362.89,0.38,0.3
12989,2173.55,164145,0.44,0.01
12990,1769.04,192703,0.77,0.01
12991,2249.16,299221,0.74,0.01
12992,442.44,13928.6,0.89,0.03
12993,2435.9,205265,0.43,0.01
12994,4436.17,554070,0.35,0.01
12995,1519.8,129611,0.7,0.01
12996,781.27,37561,0.77,0.02
12997,4532.33,829997,0.51,0.01
12998,3122.47,263565,0.34,0.01
12999,1392.34,105108,0.68,0.01
13000,1752.22,176498,0.72,0.01
13001,1724.85,130181,0.55,0.01
13002,5185.17,1208610,0.56,0
13003,2199.09,276237,0.72,0.01
13004,2932.46,373208,0.55,0.01
13005,383.42,9112.88,0.78,0.04
13006,923.11,53037.3,0.78,0.02
13007,1176.01,82748.5,0.75,0.01
13008,112.16,441.74,0.44,0.25
13009,294.89,1357.37,0.2,0.22
13010,2967.73,435552,0.62,0.01
13011,6021.9,66249.9,0.02,0.09
13012,114.05,388.76,0.38,0.29
13013,1824.51,196238,0.74,0.01
13014,1768.24,195251,0.78,0.01
13015,250,1959.93,0.39,0.13
13016,2413.93,332679,0.72,0.01
13017,2185.76,290049,0.76,0.01
13018,1411.78,116228,0.73,0.01
13019,216.91,1230.11,0.33,0.18
13020,69.71,159.8,0.41,0.44
13021,2521.9,364134,0.72,0.01
13022,775.46,29441.1,0.61,0.03
13023,496.47,15201.7,0.77,0.03
13024,867.22,46854.8,0.78,0.02
13025,1389.99,84274.5,0.55,0.02
13026,1598.88,159121,0.78,0.01
13027,1083.18,72539.1,0.78,0.01
13028,685.05,25083.6,0.67,0.03
13029,55.77,56.88,0.23,0.98
13030,61.61,299.34,0.99,0.21
13031,85.76,579.92,0.99,0.15
13032,56.05,247.74,0.99,0.23
13033,11091,1977100,0.2,0.01
13034,1951.61,173284,0.57,0.01
13035,502.24,3729.99,0.19,0.13
13036,1143.46,69662.6,0.67,0.02
13037,2382.57,353140,0.78,0.01
13038,1897.31,221524,0.77,0.01
13039,5948.01,1643070,0.58,0
13040,2214.01,309591,0.79,0.01
13041,95.53,230.94,0.32,0.41
13042,1632.27,142244,0.67,0.01
13043,657.6,24682.4,0.72,0.03
13044,527.97,15025.4,0.68,0.04
13045,2738.9,285084,0.48,0.01
13046,13030.2,4646550,0.34,0
13047,58.87,113.56,0.41,0.52
13048,476.12,4221.76,0.23,0.11
13049,10309.1,2674570,0.32,0
13050,287.82,3563.85,0.54,0.08
13051,481.55,14076.5,0.76,0.03
13052,290.68,3547.59,0.53,0.08
13053,278.48,3331.14,0.54,0.08
13054,1582.05,140379,0.7,0.01
13055,73.97,309.98,0.71,0.24
13056,161.33,1188.79,0.57,0.14
13057,280.42,3883.32,0.62,0.07
13058,1284.56,37611.5,0.29,0.03
13059,159.18,1186.84,0.59,0.13
13060,154.64,1021.68,0.54,0.15
13061,1450.79,86947.2,0.52,0.02
13062,12038.7,3513300,0.3,0
13063,961.11,41767.1,0.57,0.02
13064,165.16,1029.99,0.47,0.16
13065,153.2,1364.77,0.73,0.11
13066,312.08,6073.3,0.78,0.05
13067,378.59,8526.01,0.75,0.04
13068,254.19,3835.32,0.75,0.07
13069,182.78,2013.7,0.76,0.09
13070,197.96,2218.91,0.71,0.09
13071,228.5,2846.96,0.68,0.08
13072,221.55,2299.23,0.59,0.1
13073,261.2,3649.8,0.67,0.07
13074,91.65,339.08,0.51,0.27
13075,175.13,1092.63,0.45,0.16
13076,449.06,12268.1,0.76,0.04
13077,468.94,11430.3,0.65,0.04
13078,1132.81,27611.3,0.27,0.04
13079,4318.01,1163860,0.78,0
13080,5231.33,863251,0.4,0.01
13081,238.72,3120.95,0.69,0.08
13082,244.25,3233.97,0.68,0.08
13083,384.83,8698.29,0.74,0.04
13084,872,21632.8,0.36,0.04
13085,295.6,5590.1,0.8,0.05
13086,716.95,29629.2,0.72,0.02
13087,201.18,2314.68,0.72,0.09
13088,4.14,0.46,0.34,9
13089,297.32,5481.31,0.78,0.05
13090,58.71,271.77,0.99,0.22
13091,56.14,177.11,0.71,0.32
13092,363.64,5439.14,0.52,0.07
13093,259.95,3537.48,0.66,0.07
13094,260.15,2895.5,0.54,0.09
13095,200.19,1847.71,0.58,0.11
13096,353.72,7619.53,0.76,0.05
13097,230.79,2814.93,0.66,0.08
13098,229.76,2759.2,0.66,0.08
13099,236,2867.42,0.65,0.08
13100,246.88,3051.86,0.63,0.08
13101,252.74,3151.27,0.62,0.08
13102,257.44,3308.93,0.63,0.08
13103,69,204.51,0.54,0.34
13104,558.34,8743.65,0.35,0.06
13105,291.02,3615.73,0.54,0.08
13106,284.46,3171.13,0.49,0.09
13107,435.26,6888.18,0.46,0.06
13108,488.25,13270.5,0.7,0.04
13109,409.63,6672.82,0.5,0.06
13110,8082.9,1314410,0.25,0.01
13111,3070.55,535882,0.71,0.01
13112,2001.62,221890,0.7,0.01
13113,2220.05,204183,0.52,0.01
13114,1477.15,125869,0.72,0.01
13115,414.37,10049.6,0.74,0.04
13116,1355.83,110049,0.75,0.01
13117,1498.47,137554,0.77,0.01
13118,352.35,1980.42,0.2,0.18
13119,1508.94,126110,0.7,0.01
13120,1738.33,183673,0.76,0.01
13121,2205.76,308097,0.8,0.01
13122,912.69,33465.8,0.5,0.03
13123,256.16,2988.23,0.57,0.09
13124,800.94,32231.6,0.63,0.02
13125,577.05,13548.9,0.51,0.04
13126,2236.73,256564,0.64,0.01
13127,979.85,60627.6,0.79,0.02
13128,994.58,59838.8,0.76,0.02
13129,809.57,16455.3,0.32,0.05
13130,1485.94,101074,0.57,0.01
13131,403.59,9002.08,0.69,0.04
13132,227.81,2917.14,0.71,0.08
13133,637.55,11505.5,0.36,0.06
13134,269.8,3368.25,0.58,0.08
13135,292.21,5326.49,0.78,0.05
13136,937.67,45377.4,0.65,0.02
13137,973.95,11154.6,0.15,0.09
13138,362.58,7120.2,0.68,0.05
13139,114.5,817.71,0.78,0.14
13140,664.65,9739.16,0.28,0.07
13141,815.85,31913.3,0.6,0.03
13142,573.83,11991.1,0.46,0.05
13143,369.83,7591.22,0.7,0.05
13144,173.61,1720.67,0.72,0.1
13145,239.57,1284.01,0.28,0.19
13146,807.09,38877.7,0.75,0.02
13147,3026.62,204743,0.28,0.01
13148,900.54,41530.9,0.64,0.02
13149,256.09,3559.78,0.68,0.07
13150,481.75,14380.3,0.78,0.03
13151,266.53,2883.98,0.51,0.09
13152,293.67,4280.67,0.62,0.07
13153,760.45,33553.8,0.73,0.02
13154,2789.63,101086,0.16,0.03
13155,4471.17,277892,0.17,0.02
13156,688.72,2749.59,0.07,0.25
13157,2883.82,214924,0.32,0.01
13158,513.82,10924,0.52,0.05
13159,2361.83,290583,0.65,0.01
13160,91277.4,118793000,0.18,0
13161,3425.45,647862,0.69,0.01
13162,1097.7,56383.3,0.59,0.02
13163,3765.04,704867,0.62,0.01
13164,1460.93,66530.7,0.39,0.02
13165,1389.28,113008,0.74,0.01
13166,1077.19,74472.9,0.81,0.01
13167,406.9,10604.6,0.8,0.04
13168,2691.05,366400,0.64,0.01
13169,1517.49,137853,0.75,0.01
13170,1261.26,91312.8,0.72,0.01
13171,2722.19,237043,0.4,0.01
13172,217.71,2707.78,0.72,0.08
13173,2911.9,185716,0.28,0.02
13174,1017.59,64284.9,0.78,0.02
13175,2882.34,359030,0.54,0.01
13176,109.44,549.27,0.58,0.2
13177,1539.37,70744.9,0.37,0.02
13178,111.71,777.77,0.78,0.14
13179,1061.96,25443.5,0.28,0.04
13180,610.54,23934.4,0.81,0.03
13181,883.24,38118.6,0.61,0.02
13182,696.34,25358.3,0.66,0.03
13183,712.64,30600.8,0.76,0.02
13184,489.59,12731.1,0.67,0.04
13185,92.06,401.89,0.6,0.23
13186,1528.61,141288,0.76,0.01
13187,171.63,1391.26,0.59,0.12
13188,228.96,2937.93,0.7,0.08
13189,492.54,12624.3,0.65,0.04
13190,5038.7,260984,0.13,0.02
13191,1150.17,30214.4,0.29,0.04
13192,5393.46,1159200,0.5,0
13193,617.53,18863,0.62,0.03
13194,815.15,34739.2,0.66,0.02
13195,718.79,28414.8,0.69,0.03
13196,4007.85,341533,0.27,0.01
13197,1463.93,99705.5,0.58,0.01
13198,192.74,1473.84,0.5,0.13
13199,404.37,8787.22,0.67,0.05
13200,472.41,12757.9,0.72,0.04
13201,1241.77,70188.1,0.57,0.02
13202,2157.13,286948,0.77,0.01
13203,398.3,6793.21,0.54,0.06
13204,313.93,5316.42,0.68,0.06
13205,404.01,10233.7,0.79,0.04
13206,11.86,5.76,0.51,2.06
13207,2541.53,174332,0.34,0.01
13208,1883.46,91229.4,0.32,0.02
13209,391.86,9593.64,0.78,0.04
13210,433.95,12238.5,0.82,0.04
13211,459.36,6405.09,0.38,0.07
13212,1672.31,110510,0.5,0.02
13213,702.58,24983.8,0.64,0.03
13214,1401.54,49231.5,0.31,0.03
13215,247.23,3983.3,0.82,0.06
13216,325.42,5752.32,0.68,0.06
13217,1001.32,61772.7,0.77,0.02
13218,1383.44,98136.4,0.64,0.01
13219,5386.06,617374,0.27,0.01
13220,481.88,10342.1,0.56,0.05
13221,1473.82,124151,0.72,0.01
13222,1295.14,60487.2,0.45,0.02
13223,4212.63,799338,0.57,0.01
13224,1376.66,98656,0.65,0.01
13225,261.84,2337.8,0.43,0.11
13226,926.76,52093.5,0.76,0.02
13227,953.93,56499.6,0.78,0.02
13228,108.07,691.83,0.74,0.16
13229,128.01,1062.84,0.81,0.12
13230,408.57,5823.34,0.44,0.07
13231,140.12,1263.67,0.81,0.11
13232,733.9,32210.7,0.75,0.02
13233,552.9,15578.6,0.64,0.04
13234,767.15,35732.3,0.76,0.02
13235,591.58,17324.8,0.62,0.03
13236,695.95,21755.2,0.56,0.03
13237,3476.58,450312,0.47,0.01
13238,776.83,26615.6,0.55,0.03
13239,1130.81,57371.5,0.56,0.02
13240,1759.63,129597,0.53,0.01
13241,973.51,38822.6,0.51,0.03
13242,624.02,21328.8,0.69,0.03
13243,653.79,22640.6,0.67,0.03
13244,693.98,23120.8,0.6,0.03
13245,2002.29,242324,0.76,0.01
13246,3813.27,180961,0.16,0.02
13247,794.73,12792.6,0.25,0.06
13248,590.62,10184.4,0.37,0.06
13249,1557.44,145326,0.75,0.01
13250,1818.57,205687,0.78,0.01
13251,7273.97,610683,0.14,0.01
13252,479.9,14407.1,0.79,0.03
13253,603.59,22094.4,0.76,0.03
13254,4352.34,699985,0.46,0.01
13255,1107.61,70521.2,0.72,0.02
13256,578.67,19154.5,0.72,0.03
13257,2684.08,263835,0.46,0.01
13258,633.78,19982.9,0.62,0.03
13259,457.5,12398.2,0.74,0.04
13260,587.7,18429,0.67,0.03
13261,725.37,25379.6,0.61,0.03
13262,282.14,4527.1,0.71,0.06
13263,312.36,5918.77,0.76,0.05
13264,1877.25,151501,0.54,0.01
13265,1104.25,73359.9,0.76,0.02
13266,1087.74,48488.4,0.51,0.02
13267,261.23,4220.06,0.78,0.06
13268,171.19,531.28,0.23,0.32
13269,6631.78,1752520,0.5,0
13270,265.06,777.62,0.14,0.34
13271,525.42,9958.82,0.45,0.05
13272,316.32,4296.35,0.54,0.07
13273,1558.8,108119,0.56,0.01
13274,590.08,6860.28,0.25,0.09
13275,1333.4,90287.7,0.64,0.01
13276,308.76,5932.21,0.78,0.05
13277,700.27,28519.6,0.73,0.02
13278,211.41,2792.75,0.78,0.08
13279,545.82,9696.4,0.41,0.06
13280,303.06,4234.94,0.58,0.07
13281,332.8,6052.29,0.69,0.05
13282,1008.1,26510.4,0.33,0.04
13283,349.87,5599.56,0.57,0.06
13284,336.35,6196.35,0.69,0.05
13285,1022.33,38674,0.46,0.03
13286,1056.31,23535.9,0.26,0.04
13287,200.79,1677.33,0.52,0.12
13288,218.66,2482.42,0.65,0.09
13289,222.62,2619.76,0.66,0.08
13290,222.72,2610.83,0.66,0.09
13291,239.11,3254.66,0.71,0.07
13292,393.57,7245.78,0.59,0.05
13293,436.11,11727,0.77,0.04
13294,665.23,14951.7,0.42,0.04
13295,532.51,13983.6,0.62,0.04
13296,226.52,3064.22,0.75,0.07
13297,430.05,10848.8,0.74,0.04
13298,411.08,11749.3,0.87,0.03
13299,800.23,38277.1,0.75,0.02
13300,285.95,4541.64,0.7,0.06
13301,288.44,4366.69,0.66,0.07
13302,249.1,3878.46,0.79,0.06
13303,1003.43,62227.7,0.78,0.02
13304,597.71,14361.6,0.5,0.04
13305,185.06,2009.76,0.74,0.09
13306,111.08,469.21,0.48,0.24
13307,120.93,676.47,0.58,0.18
13308,146.74,1291.96,0.75,0.11
13309,246.78,3473.97,0.72,0.07
13310,280.2,4718.65,0.75,0.06
13311,199.13,2269.62,0.72,0.09
13312,571.03,19536.3,0.75,0.03
13313,331.27,6857.41,0.78,0.05
13314,275.72,3617.62,0.6,0.08
13315,429.67,10925.2,0.74,0.04
13316,206.96,2157.74,0.63,0.1
13317,217.23,2869.62,0.76,0.08
13318,2211.56,259595,0.67,0.01
13319,1948.03,223946,0.74,0.01
13320,3155.3,541664,0.68,0.01
13321,892.04,49810.7,0.79,0.02
13322,724.11,27538.7,0.66,0.03
13323,851.57,43615.6,0.76,0.02
13324,364.47,3152.28,0.3,0.12
13325,4248.53,255255,0.18,0.02
13326,1439.76,124725,0.76,0.01
13327,1300.36,105001,0.78,0.01
13328,137.2,1120.73,0.75,0.12
13329,428.73,10551.6,0.72,0.04
13330,37.33,63.44,0.57,0.59
13331,6846.25,1421820,0.38,0
13332,529.13,17638.3,0.79,0.03
13333,4435.14,394389,0.25,0.01
13334,1328.68,17345.1,0.12,0.08
13335,1071.02,31311.7,0.34,0.03
13336,386.12,9796.44,0.83,0.04
13337,2720.89,83933.5,0.14,0.03
13338,318.4,5837.7,0.72,0.05
13339,608.91,22008.8,0.75,0.03
13340,223.06,2782.74,0.7,0.08
13341,391.57,5470.23,0.45,0.07
13342,375.75,5266.23,0.47,0.07
13343,1051.17,34262.3,0.39,0.03
13344,344.56,7172.64,0.76,0.05
13345,393.28,5806.85,0.47,0.07
13346,387.17,5281.51,0.44,0.07
13347,413.31,7273.98,0.53,0.06
13348,347.07,4796.59,0.5,0.07
13349,363.83,5186.51,0.49,0.07
13350,224.55,2747.29,0.68,0.08
13351,360.31,7082.31,0.69,0.05
13352,289.2,3544.27,0.53,0.08
13353,317.14,5644.45,0.7,0.06
13354,218.65,1257.3,0.33,0.17
13355,692.52,12761.1,0.33,0.05
13356,422.46,8328.48,0.59,0.05
13357,222.27,2679.2,0.68,0.08
13358,987.33,31993.4,0.41,0.03
13359,548.05,16656.3,0.7,0.03
13360,441.66,6962.25,0.45,0.06
13361,329.05,6231.12,0.72,0.05
13362,148.21,1386.32,0.79,0.11
13363,151.33,1474.35,0.81,0.1
13364,853.65,26582.6,0.46,0.03
13365,226.09,2757.16,0.68,0.08
13366,217.69,2610.9,0.69,0.08
13367,377.78,5491.22,0.48,0.07
13368,386.39,5863.34,0.49,0.07
13369,214.65,2527.41,0.69,0.08
13370,764.71,23623.2,0.51,0.03
13371,427.3,11280.7,0.78,0.04
13372,358.06,5071.98,0.5,0.07
13373,344.8,5095.69,0.54,0.07
13374,625.26,10206.9,0.33,0.06
13375,192.66,2048.71,0.69,0.09
13376,213.79,2329.23,0.64,0.09
13377,199.84,2224.29,0.7,0.09
13378,214.93,2519.41,0.69,0.09
13379,432.72,9234.39,0.62,0.05
13380,140.02,1229.35,0.79,0.11
13381,202.9,2307.82,0.7,0.09
13382,163.6,1571.85,0.74,0.1
13383,285.53,3618.81,0.56,0.08
13384,347.09,4601.57,0.48,0.08
13385,328.1,4437.22,0.52,0.07
13386,1118.97,34436.1,0.35,0.03
13387,204.41,2753.77,0.83,0.07
13388,886.99,24938.5,0.4,0.04
13389,259.7,3495.99,0.65,0.07
13390,194.06,2074.26,0.69,0.09
13391,1760.06,125106,0.51,0.01
13392,693.45,8113.61,0.21,0.09
13393,1478.97,134187,0.77,0.01
13394,1355.59,116722,0.8,0.01
13395,1446.75,123899,0.74,0.01
13396,7631.17,1920050,0.41,0
13397,676.72,22548.7,0.62,0.03
13398,989.28,57363.4,0.74,0.02
13399,4208.33,670255,0.48,0.01
13400,3943.93,456393,0.37,0.01
13401,1573.15,148017,0.75,0.01
13402,294.93,4540.68,0.66,0.06
13403,379.29,8231.33,0.72,0.05
13404,751.5,19314.8,0.43,0.04
13405,281.43,3471.23,0.55,0.08
13406,275.38,3098.11,0.51,0.09
13407,491.49,6819.49,0.35,0.07
13408,295.69,4514.16,0.65,0.07
13409,297.79,4152.85,0.59,0.07
13410,254.46,3076.44,0.6,0.08
13411,254.11,3101.08,0.6,0.08
13412,243.52,3027.32,0.64,0.08
13413,239.86,3016.65,0.66,0.08
13414,235.24,2919.74,0.66,0.08
13415,339.62,7329.16,0.8,0.05
13416,295.85,4099.69,0.59,0.07
13417,293.83,4019.66,0.58,0.07
13418,285.5,3860.53,0.59,0.07
13419,279.37,3604.55,0.58,0.08
13420,220.22,2128.68,0.55,0.1
13421,341.54,5468.86,0.59,0.06
13422,238.47,3245.53,0.72,0.07
13423,907.14,31797.6,0.49,0.03
13424,13.19,0.66,0.05,19.98
13425,8371.78,1282840,0.23,0.01
13426,7330.96,1783620,0.42,0
13427,657.88,26071.8,0.76,0.03
13428,1383.35,93928.1,0.62,0.01
13429,1232.12,84332.2,0.7,0.01
13430,795.94,24505.5,0.49,0.03
13431,68.45,218.48,0.59,0.31
13432,688.35,25471.8,0.68,0.03
13433,650.02,19430.9,0.58,0.03
13434,1283.58,71282.4,0.54,0.02
13435,725.34,25719.6,0.61,0.03
13436,445.16,9488.95,0.6,0.05
13437,597.02,15083.6,0.53,0.04
13438,1464.08,107701,0.63,0.01
13439,1380.72,84773.6,0.56,0.02
13440,552.84,9015.05,0.37,0.06
13441,415.2,10784.4,0.79,0.04
13442,752.57,34312.4,0.76,0.02
13443,580.66,17740.1,0.66,0.03
13444,5473.8,1143410,0.48,0
13445,2742.07,417079,0.7,0.01
13446,2327.49,77938,0.18,0.03
13447,2249.06,127688,0.32,0.02
13448,807.74,29441.1,0.57,0.03
13449,1805.09,153415,0.59,0.01
13450,1108.94,74720.6,0.76,0.01
13451,2232.32,259057,0.65,0.01
13452,1114.12,37347.4,0.38,0.03
13453,149.61,436.69,0.25,0.34
13454,5012.2,873350,0.44,0.01
13455,78.26,355.71,0.73,0.22
13456,1062.9,53318.6,0.59,0.02
13457,335.1,4899.41,0.55,0.07
13458,480.45,11564.6,0.63,0.04
13459,446.01,9842.36,0.62,0.05
13460,566.58,19696.4,0.77,0.03
13461,239.88,1566.23,0.34,0.15
13462,2869.45,107558,0.16,0.03
13463,5024.04,630901,0.31,0.01
13464,2458.78,220240,0.46,0.01
13465,2766.29,219393,0.36,0.01
13466,3728.49,251687,0.23,0.01
13467,1649.74,134603,0.62,0.01
13468,894.91,49684.2,0.78,0.02
13469,930.31,53981.2,0.78,0.02
13470,665.96,2947.4,0.08,0.23
13471,538.94,2420.55,0.1,0.22
13472,1225.64,5171.57,0.04,0.24
13473,1410.52,99025.7,0.63,0.01
13474,9141.99,2516690,0.38,0
13475,60.57,135.63,0.46,0.45
13476,953.25,58896.6,0.81,0.02
13477,6496.25,1270320,0.38,0.01
13478,3187.09,336181,0.42,0.01
13479,740.08,2453.71,0.06,0.3
13480,1236.04,89264.5,0.73,0.01
13481,1445.67,114530,0.69,0.01
13482,232.25,3343.97,0.78,0.07
13483,2336,146669,0.34,0.02
13484,440.26,12420.8,0.8,0.04
13485,1065.66,51987.7,0.57,0.02
13486,386.31,5822.75,0.49,0.07
13487,834.42,37859.3,0.68,0.02
13488,6876.24,1127340,0.3,0.01
13489,1015.04,36306.7,0.44,0.03
13490,528.98,17910.3,0.8,0.03
13491,610.04,10431.9,0.35,0.06
13492,711.18,26103.5,0.65,0.03
13493,363.15,8221.06,0.78,0.04
13494,356.58,7922.71,0.78,0.05
13495,301.83,5649.17,0.78,0.05
13496,312.81,4958.33,0.64,0.06
13497,1508.34,107359,0.59,0.01
13498,603.02,16431.3,0.57,0.04
13499,634.43,19847.9,0.62,0.03
13500,348.18,7600.05,0.79,0.05
13501,336.54,6819.96,0.76,0.05
13502,403.65,9262.37,0.71,0.04
13503,2396.83,200278,0.44,0.01
13504,1433.3,45243.5,0.28,0.03
13505,3123.79,299106,0.38,0.01
13506,1722.13,72169.2,0.31,0.02
13507,112.03,345.66,0.35,0.32
13508,1256.28,55220.8,0.44,0.02
13509,1424.1,50979.6,0.32,0.03
13510,1454.72,120533,0.72,0.01
13511,2006.35,118938,0.37,0.02
13512,176.84,1345.18,0.54,0.13
13513,1191.54,41861.5,0.37,0.03
13514,149.66,437.14,0.25,0.34
13515,2549.15,87870.5,0.17,0.03
13516,1645.39,113264,0.53,0.01
13517,227.79,3195.3,0.77,0.07
13518,317.7,6329.08,0.79,0.05
13519,336.05,6356.04,0.71,0.05
13520,502.41,9865.29,0.49,0.05
13521,469.12,6098.15,0.35,0.08
13522,2732.97,256646,0.43,0.01
13523,1019.73,58160.9,0.7,0.02
13524,1370.3,108178,0.72,0.01
13525,6359.02,1194520,0.37,0.01
13526,555.82,5533.26,0.22,0.1
13527,966.27,55270.7,0.74,0.02
13528,1432.97,126150,0.77,0.01
13529,1224.08,86127,0.72,0.01
13530,1308.88,79514.2,0.58,0.02
13531,6410.12,1398050,0.43,0
13532,3143.51,529878,0.67,0.01
13533,1654.61,138650,0.64,0.01
13534,68.93,218.48,0.58,0.32
13535,251.05,1077.66,0.21,0.23
13536,168.25,1654.86,0.73,0.1
13537,188.06,996.31,0.35,0.19
13538,273.89,975.48,0.16,0.28
13539,254.65,1140.85,0.22,0.22
13540,958.88,37321,0.51,0.03
13541,51.95,105.78,0.49,0.49
13542,581.67,7739.94,0.29,0.08
13543,212.69,2552.71,0.71,0.08
13544,1465.51,100496,0.59,0.01
13545,1938.61,77632.4,0.26,0.02
13546,5880.16,1806240,0.66,0
13547,37.34,79.49,0.72,0.47
13548,3109.14,467801,0.61,0.01
13549,4619.19,793001,0.47,0.01
13550,161.9,1606.69,0.77,0.1
13551,2780.61,242531,0.39,0.01
13552,1213.37,80106.7,0.68,0.02
13553,951.46,51372.5,0.71,0.02
13554,762.26,32143.3,0.69,0.02
13555,921.75,51391.3,0.76,0.02
13556,686.72,5637.3,0.15,0.12
13557,2396.69,321419,0.7,0.01
13558,326.81,3022.6,0.36,0.11
13559,2853.1,416080,0.64,0.01
13560,2897.78,353093,0.53,0.01
13561,2219.17,289863,0.74,0.01
13562,879.51,42595.1,0.69,0.02
13563,873.83,41587.7,0.68,0.02
13564,836.92,39120.7,0.7,0.02
13565,1143.71,79258.6,0.76,0.01
13566,902.27,46707.5,0.72,0.02
13567,915.97,47655.9,0.71,0.02
13568,915.25,47653.5,0.71,0.02
13569,1049.28,61340.5,0.7,0.02
13570,1180.33,86857.3,0.78,0.01
13571,2894.67,156001,0.23,0.02
13572,1100.56,47156.7,0.49,0.02
13573,248.43,3126.12,0.64,0.08
13574,880.77,23020.5,0.37,0.04
13575,36.87,54.61,0.5,0.68
13576,103.63,264.21,0.31,0.39
13577,3195.39,559847,0.69,0.01
13578,1170.56,77230.1,0.71,0.02
13579,150.92,1271.88,0.7,0.12
13580,445.09,5307.68,0.34,0.08
13581,3513.11,323110,0.33,0.01
13582,296.95,5402,0.77,0.05
13583,2010.31,241667,0.75,0.01
13584,957.3,41337.6,0.57,0.02
13585,888.19,31182.3,0.5,0.03
13586,968.97,38042.3,0.51,0.03
13587,753.62,18206.9,0.4,0.04
13588,205.96,2203.93,0.65,0.09
13589,1478.74,75058.4,0.43,0.02
13590,166.51,1316.95,0.6,0.13
13591,332.37,6313.38,0.72,0.05
13592,494.46,15303.8,0.79,0.03
13593,2109.64,143805,0.41,0.01
13594,818.24,33039.3,0.62,0.02
13595,2134.17,92311.5,0.25,0.02
13596,3540.75,753710,0.76,0
13597,402.89,4179.66,0.32,0.1
13598,653.66,26546.2,0.78,0.02
13599,2022.93,195059,0.6,0.01
13600,1376.03,82152.3,0.54,0.02
13601,841.95,40625.1,0.72,0.02
13602,521.47,16662.8,0.77,0.03
13603,390.11,9662.94,0.8,0.04
13604,1205,60572.9,0.52,0.02
13605,1321.61,56049.4,0.4,0.02
13606,1808.67,108839,0.42,0.02
13607,462.22,11682.1,0.69,0.04
13608,1322.54,66805.7,0.48,0.02
13609,865.37,11980.3,0.2,0.07
13610,571.29,16995.2,0.65,0.03
13611,222.28,3617.77,0.92,0.06
13612,80.99,373.56,0.72,0.22
13613,1167.45,85199.3,0.79,0.01
13614,1215.11,92219.2,0.78,0.01
13615,2826.29,278784,0.44,0.01
13616,233.76,3413.48,0.78,0.07
13617,480.93,8191.76,0.44,0.06
13618,1565.98,90339.7,0.46,0.02
13619,479.27,13715.6,0.75,0.03
13620,427,11384.8,0.78,0.04
13621,2846.81,484930,0.75,0.01
13622,825.57,37611.1,0.69,0.02
13623,2229.94,182191,0.46,0.01
13624,1147.19,40025.4,0.38,0.03
13625,358.13,7080.33,0.69,0.05
13626,716.26,29923.5,0.73,0.02
13627,728.01,32715.8,0.78,0.02
13628,731.1,31991.7,0.75,0.02
13629,723.2,31620.1,0.76,0.02
13630,2041.26,257793,0.78,0.01
13631,39.04,90.64,0.75,0.43
13632,861.32,34932.9,0.59,0.02
13633,841.16,36384.2,0.65,0.02
13634,494.14,4472.94,0.23,0.11
13635,885.56,44105.4,0.71,0.02
13636,461.46,10336.4,0.61,0.04
13637,636.02,24368.5,0.76,0.03
13638,584.24,14171.6,0.52,0.04
13639,975.89,54276.6,0.72,0.02
13640,2202.5,236102,0.61,0.01
13641,1305.66,99844.4,0.74,0.01
13642,1073.97,53821.5,0.59,0.02
13643,621.88,20416.1,0.66,0.03
13644,1864.41,204025,0.74,0.01
13645,84.98,400.24,0.7,0.21
13646,1952.61,142326,0.47,0.01
13647,724.53,34496.5,0.83,0.02
13648,349.62,1144.94,0.12,0.31
13649,2406.25,227203,0.49,0.01
13650,1041.78,61411.6,0.71,0.02
13651,2227.64,259517,0.66,0.01
13652,4191.85,604137,0.43,0.01
13653,200.05,2029.28,0.64,0.1
13654,247.13,3195.66,0.66,0.08
13655,1006.47,17466.2,0.22,0.06
13656,76.6,348.69,0.75,0.22
13657,210.63,2289.67,0.65,0.09
13658,1531.35,121482,0.65,0.01
13659,4315.83,731393,0.49,0.01
13660,1679.05,175988,0.78,0.01
13661,1496.24,125358,0.7,0.01
13662,726.35,32607.1,0.78,0.02
13663,634.24,24436.5,0.76,0.03
13664,2302.42,293885,0.7,0.01
13665,1094.05,66644.3,0.7,0.02
13666,1160.87,78949.8,0.74,0.01
13667,2037.8,238941,0.72,0.01
13668,1391.69,116827,0.76,0.01
13669,830.91,41776.7,0.76,0.02
13670,526.09,15798.4,0.72,0.03
13671,637.22,19393.3,0.6,0.03
13672,850.02,31095,0.54,0.03
13673,1969.21,240668,0.78,0.01
13674,642.3,13740.2,0.42,0.05
13675,1184.69,17802.2,0.16,0.07
13676,1032.59,66135.1,0.78,0.02
13677,682.34,25073.1,0.68,0.03
13678,510.6,15239.4,0.73,0.03
13679,551.15,19176.6,0.79,0.03
13680,562.93,16918.9,0.67,0.03
13681,1578.19,114643,0.58,0.01
13682,899.42,50270.1,0.78,0.02
13683,1016.9,63579.7,0.77,0.02
13684,778.1,35790.5,0.74,0.02
13685,877.73,43228.8,0.7,0.02
13686,1215.37,75189.5,0.64,0.02
13687,887.27,43325.7,0.69,0.02
13688,867.38,40934.2,0.68,0.02
13689,1041.58,54228.8,0.63,0.02
13690,1213.66,84655.8,0.72,0.01
13691,2993.2,486999,0.68,0.01
13692,453.1,8238.77,0.5,0.05
13693,258.32,3348.58,0.63,0.08
13694,791.63,39644.9,0.79,0.02
13695,2340.87,290073,0.66,0.01
13696,843.62,44635.3,0.79,0.02
13697,477.19,13080.5,0.72,0.04
13698,1070.55,54788.9,0.6,0.02
13699,568.87,15640.2,0.61,0.04
13700,649.36,24308.8,0.72,0.03
13701,953.38,57453.9,0.79,0.02
13702,378.97,4004.39,0.35,0.09
13703,172.57,1522.14,0.64,0.11
13704,200.86,2156.69,0.67,0.09
13705,202.26,2247.21,0.69,0.09
13706,265.71,3396.74,0.6,0.08
13707,249.78,2731.05,0.55,0.09
13708,216.78,3046.21,0.81,0.07
13709,102.02,225.22,0.27,0.45
13710,1585.48,45657.1,0.23,0.03
13711,339.73,6221.47,0.68,0.05
13712,286.48,5122.23,0.78,0.06
13713,923.91,26888.5,0.4,0.03
13714,3175.32,405396,0.51,0.01
13715,1198.1,81497.6,0.71,0.01
13716,2312.04,260128,0.61,0.01
13717,578.85,19037.8,0.71,0.03
13718,679.29,16309.5,0.44,0.04
13719,791.31,36505.4,0.73,0.02
13720,933.02,52353.7,0.76,0.02
13721,963.23,53242.1,0.72,0.02
13722,295.69,4873.86,0.7,0.06
13723,238.15,2273.17,0.5,0.1
13724,261.59,4029.89,0.74,0.06
13725,281.4,4801.6,0.76,0.06
13726,214.33,2375.04,0.65,0.09
13727,1183.12,68000.1,0.61,0.02
13728,1299.07,91433,0.68,0.01
13729,1343.6,112096,0.78,0.01
13730,405.33,10138.1,0.78,0.04
13731,1823.17,113646,0.43,0.02
13732,324.64,4820.6,0.57,0.07
13733,343.76,7018.78,0.75,0.05
13734,626.27,16997.8,0.54,0.04
13735,375.89,8538.11,0.76,0.04
13736,303.04,5729.21,0.78,0.05
13737,517.6,13934,0.65,0.04
13738,367.78,8294.42,0.77,0.04
13739,1572.49,124494,0.63,0.01
13740,876.63,47366,0.77,0.02
13741,814.17,39613.7,0.75,0.02
13742,742.44,30318.2,0.69,0.02
13743,1313.2,83569.2,0.61,0.02
13744,3421.15,674024,0.72,0.01
13745,1199.13,87131.4,0.76,0.01
13746,1545.12,125748,0.66,0.01
13747,1249.75,57751.4,0.46,0.02
13748,1823.16,166281,0.63,0.01
13749,819.56,36563.4,0.68,0.02
13750,901.68,43161.7,0.67,0.02
13751,822.95,2595.12,0.05,0.32
13752,3361.39,389124,0.43,0.01
13753,120.08,284.85,0.25,0.42
13754,2826.55,231783,0.36,0.01
13755,1821.13,205634,0.78,0.01
13756,1900.75,171032,0.59,0.01
13757,936.75,53870.4,0.77,0.02
13758,2226.07,237881,0.6,0.01
13759,37.28,67.02,0.61,0.56
13760,1946.51,232363,0.77,0.01
13761,1655.39,120580,0.55,0.01
13762,1102.76,56439.4,0.58,0.02
13763,553.07,18968.3,0.78,0.03
13764,37.51,61.01,0.54,0.61
13765,1188.46,65062.4,0.58,0.02
13766,586.02,21462.9,0.78,0.03
13767,1579.21,139267,0.7,0.01
13768,1521.39,131011,0.71,0.01
13769,268.52,1834.12,0.32,0.15
13770,2318.82,333306,0.78,0.01
13771,1833.62,108305,0.4,0.02
13772,1087.81,71337.4,0.76,0.02
13773,1121.94,77003.7,0.77,0.01
13774,597.52,21193.7,0.75,0.03
13775,960.17,58232.8,0.79,0.02
13776,855.26,37883.6,0.65,0.02
13777,2098.29,178472,0.51,0.01
13778,171.98,1128.68,0.48,0.15
13779,1920.36,121042,0.41,0.02
13780,792.18,37194.4,0.74,0.02
13781,1237.49,101466,0.83,0.01
13782,899.11,40908.9,0.64,0.02
13783,552.09,16464.1,0.68,0.03
13784,742.64,32434.3,0.74,0.02
13785,1389.46,118386,0.77,0.01
13786,1369.3,27867,0.19,0.05
13787,1666.68,67381.4,0.3,0.02
13788,1026.45,9757.16,0.12,0.11
13789,1026.98,9307.41,0.11,0.11
13790,1366.34,27587.7,0.19,0.05
13791,3557.48,642774,0.64,0.01
13792,2757.57,233138,0.39,0.01
13793,955.21,56349.6,0.78,0.02
13794,670.34,28147.4,0.79,0.02
13795,530.41,16743.2,0.75,0.03
13796,1927.05,230186,0.78,0.01
13797,1557.66,110363,0.57,0.01
13798,368.76,8021.46,0.74,0.05
13799,843.64,44111.8,0.78,0.02
13800,865.32,46226.3,0.78,0.02
13801,915.78,35853.7,0.54,0.03
13802,485.27,14870,0.79,0.03
13803,1170.88,85132.7,0.78,0.01
13804,122.22,462.83,0.39,0.26
13805,1494.97,133457,0.75,0.01
13806,1374.74,90024.5,0.6,0.02
13807,793.91,33601.9,0.67,0.02
13808,406.5,9890.69,0.75,0.04
13809,607.78,22561.5,0.77,0.03
13810,543.63,17096.1,0.73,0.03
13811,1145.81,76648.7,0.73,0.01
13812,1033.96,49312.1,0.58,0.02
13813,598.27,18492.3,0.65,0.03
13814,642.37,23134,0.7,0.03
13815,849.32,35560.7,0.62,0.02
13816,996.32,58538.6,0.74,0.02
13817,2190.84,297714,0.78,0.01
13818,2077.9,72701.1,0.21,0.03
13819,1422.83,46082.9,0.29,0.03
13820,1440.77,84221.3,0.51,0.02
13821,514.82,16558.7,0.78,0.03
13822,1050.81,35351.3,0.4,0.03
13823,729.56,33489.2,0.79,0.02
13824,555.75,16742.2,0.68,0.03
13825,734.26,12117.6,0.28,0.06
13826,287.01,2288.86,0.35,0.13
13827,1047.94,48216.1,0.55,0.02
13828,625.46,18289.8,0.59,0.03
13829,507.1,14699.6,0.72,0.03
13830,538.87,15915.5,0.69,0.03
13831,587.84,18375.7,0.67,0.03
13832,519.12,16611.4,0.77,0.03
13833,1029.06,38959,0.46,0.03
13834,389.34,8996.87,0.75,0.04
13835,353.99,7948.43,0.8,0.04
13836,986.36,58901,0.76,0.02
13837,639.39,8627.16,0.27,0.07
13838,258.88,3275.24,0.61,0.08
13839,311.48,1731.35,0.22,0.18
13840,1554.18,108692,0.57,0.01
13841,5677.11,1007370,0.39,0.01
13842,248.49,3008.8,0.61,0.08
13843,1460.04,138178,0.81,0.01
13844,1124.91,78311.7,0.78,0.01
13845,1982.85,206854,0.66,0.01
13846,174.36,590.02,0.24,0.3
13847,65.93,180.69,0.52,0.36
13848,68.73,197.23,0.52,0.35
13849,1324.38,90119.9,0.65,0.01
13850,2374.24,338695,0.75,0.01
13851,1773.1,114220,0.46,0.02
13852,1598.78,152605,0.75,0.01
13853,1036.12,66047.1,0.77,0.02
13854,67.13,195.84,0.55,0.34
13855,1590.6,110275,0.55,0.01
13856,235.97,1236.15,0.28,0.19
13857,473.4,13973.5,0.78,0.03
13858,1429.77,103969,0.64,0.01
13859,799.35,37373.9,0.73,0.02
13860,1995.58,181931,0.57,0.01
13861,679.23,28087.2,0.76,0.02
13862,1544.09,77947.5,0.41,0.02
13863,1413.31,38812.7,0.24,0.04
13864,2827.11,116528,0.18,0.02
13865,1137.63,16362.6,0.16,0.07
13866,552.78,16603.3,0.68,0.03
13867,230.81,1460.88,0.34,0.16
13868,2501.34,316132,0.63,0.01
13869,574.55,7632.46,0.29,0.08
13870,173.69,521.21,0.22,0.33
13871,662.4,26862.3,0.77,0.02
13872,4576.35,704453,0.42,0.01
13873,1708.87,152929,0.66,0.01
13874,1811.3,104647,0.4,0.02
13875,2903.11,168590,0.25,0.02
13876,2232.38,209043,0.53,0.01
13877,2276.61,248036,0.6,0.01
13878,774.94,25276.8,0.53,0.03
13879,490.76,14272.5,0.74,0.03
13880,1968.86,165489,0.54,0.01
13881,2564.65,345955,0.66,0.01
13882,316.2,2077.72,0.26,0.15
13883,613.87,21775.9,0.73,0.03
13884,230.94,2547.07,0.6,0.09
13885,243.78,3076.19,0.65,0.08
13886,2335.39,126418,0.29,0.02
13887,788.48,38508.1,0.78,0.02
13888,1098.59,46760.2,0.49,0.02
13889,540.19,16890.3,0.73,0.03
13890,600.91,21195.2,0.74,0.03
13891,392.74,8194.69,0.67,0.05
13892,580.74,20357.4,0.76,0.03
13893,745.13,31404.3,0.71,0.02
13894,446.83,12244.9,0.77,0.04
13895,697.44,24773.2,0.64,0.03
13896,176.49,1122.17,0.45,0.16
13897,1634.18,94870.2,0.45,0.02
13898,489.94,15183.4,0.79,0.03
13899,577.31,17766.2,0.67,0.03
13900,631.77,20376.1,0.64,0.03
13901,452.53,11636.8,0.71,0.04
13902,378.71,8357.82,0.73,0.05
13903,467.75,13637.8,0.78,0.03
13904,451.07,12549.4,0.77,0.04
13905,350.1,7038.39,0.72,0.05
13906,471.23,13698.2,0.77,0.03
13907,887.36,49120.5,0.78,0.02
13908,834.66,37877.5,0.68,0.02
13909,687.56,26983.2,0.72,0.03
13910,354.35,7326.24,0.73,0.05
13911,1071.27,55349.6,0.61,0.02
13912,582.72,13719.3,0.51,0.04
13913,572.53,11104.4,0.43,0.05
13914,789.23,27462.9,0.55,0.03
13915,2479.01,292606,0.6,0.01
13916,342.89,7355.93,0.79,0.05
13917,656.93,20790.1,0.61,0.03
13918,190.41,2275.02,0.79,0.08
13919,332.32,5817.53,0.66,0.06
13920,1246.63,79918.6,0.65,0.02
13921,413.71,10669.7,0.78,0.04
13922,961.81,44784.9,0.61,0.02
13923,1193.2,63193.9,0.56,0.02
13924,1107.68,52518.8,0.54,0.02
13925,640.74,26068.8,0.8,0.02
13926,499.23,14819,0.75,0.03
13927,1154.46,58566.5,0.55,0.02
13928,1011.21,62280.6,0.76,0.02
13929,451.31,12956.1,0.8,0.03
13930,305.68,4561.51,0.61,0.07
13931,488.36,13444.3,0.71,0.04
13932,1012.85,50286.1,0.62,0.02
13933,664.71,27638.6,0.79,0.02
13934,792.64,37682.7,0.75,0.02
13935,1169.57,57370.2,0.53,0.02
13936,231.13,2990.08,0.7,0.08
13937,668.82,20489.2,0.58,0.03
13938,258.49,3359,0.63,0.08
13939,505.11,12259.7,0.6,0.04
13940,952.11,47049.5,0.65,0.02
13941,1526.51,114992,0.62,0.01
13942,652.53,26481.2,0.78,0.02
13943,3104.32,526240,0.69,0.01
13944,1424.55,127049,0.79,0.01
13945,48.02,116.67,0.64,0.41
13946,1676.07,134685,0.6,0.01
13947,4221.62,771270,0.54,0.01
13948,828.43,40989.8,0.75,0.02
13949,833.02,39814.6,0.72,0.02
13950,828.42,20434.2,0.37,0.04
13951,298.76,1438.31,0.2,0.21
13952,2110.64,21143,0.06,0.1
13953,414.37,9950.29,0.73,0.04
13954,1065.34,55345.4,0.61,0.02
13955,83.94,304.94,0.54,0.28
13956,604.31,14005.9,0.48,0.04
13957,680.21,22935.1,0.62,0.03
13958,4342.75,1128800,0.75,0
13959,361.6,4541.36,0.44,0.08
13960,358.67,4382.05,0.43,0.08
13961,1099.1,15859.5,0.16,0.07
13962,2439.79,363435,0.77,0.01
13963,2258.21,293398,0.72,0.01
13964,3427,715842,0.77,0
13965,869.4,45160.3,0.75,0.02
13966,877.57,45051.1,0.73,0.02
13967,1032.19,64982.2,0.77,0.02
13968,1073.98,56246.5,0.61,0.02
13969,828.82,41802.3,0.76,0.02
13970,470.89,13478.2,0.76,0.03
13971,419.69,11002.1,0.78,0.04
13972,2376.15,355508,0.79,0.01
13973,438.14,6373.26,0.42,0.07
13974,309.49,5810.96,0.76,0.05
13975,1014.24,56756.3,0.69,0.02
13976,54.82,125.73,0.53,0.44
13977,3445.77,584019,0.62,0.01
13978,1232.95,89148.2,0.74,0.01
13979,545.65,17590.5,0.74,0.03
13980,2078.98,207989,0.6,0.01
13981,443.32,12256.9,0.78,0.04
13982,480.31,14239.7,0.78,0.03
13983,1027.98,38002.6,0.45,0.03
13984,370.29,7262.59,0.67,0.05
13985,1041.91,59784.4,0.69,0.02
13986,482.42,8598.39,0.46,0.06
13987,452.76,12361.1,0.76,0.04
13988,615.75,23745.8,0.79,0.03
13989,520.46,15133,0.7,0.03
13990,526.5,15766.2,0.71,0.03
13991,487.78,12690.9,0.67,0.04
13992,1617.48,100033,0.48,0.02
13993,190.91,1896.48,0.65,0.1
13994,3140.71,216980,0.28,0.01
13995,1164.91,74823.8,0.69,0.02
13996,329.3,6718.7,0.78,0.05
13997,1172.18,59776.4,0.55,0.02
13998,551.53,17842.1,0.74,0.03
13999,1091.5,63132.5,0.67,0.02
14000,697.74,28038.3,0.72,0.02
14001,442.68,10936.4,0.7,0.04
14002,463.73,12771.6,0.75,0.04
14003,493.92,14595.4,0.75,0.03
14004,574.92,20020.9,0.76,0.03
14005,790.89,25429.1,0.51,0.03
14006,636.47,25584.7,0.79,0.02
14007,501.82,13494.7,0.67,0.04
14008,569,20719.9,0.8,0.03
14009,956.07,55205.6,0.76,0.02
14010,442.77,1541.28,0.1,0.29
14011,991.93,48013,0.61,0.02
14012,397.4,8563.31,0.68,0.05
14013,510.98,16088,0.77,0.03
14014,461.72,11615.9,0.68,0.04
14015,771.61,36796.3,0.78,0.02
14016,2638.5,282964,0.51,0.01
14017,354.77,6481.77,0.65,0.05
14018,553.5,18462.1,0.76,0.03
14019,1680.61,164522,0.73,0.01
14020,373.75,6546.92,0.59,0.06
14021,979.28,59271.6,0.78,0.02
14022,1661.13,144103,0.66,0.01
14023,244.26,3250.24,0.68,0.08
14024,906.47,31922.3,0.49,0.03
14025,354.44,6483.74,0.65,0.05
14026,340.59,6009.17,0.65,0.06
14027,341.75,5999.03,0.65,0.06
14028,348.68,6334.28,0.65,0.06
14029,346.2,6400.6,0.67,0.05
14030,340.71,5892.08,0.64,0.06
14031,353.29,6339.36,0.64,0.06
14032,350.3,6176.08,0.63,0.06
14033,344.74,6114.18,0.65,0.06
14034,579.67,9617.63,0.36,0.06
14035,822.79,41995,0.78,0.02
14036,599.47,23031.6,0.8,0.03
14037,802.33,38431.1,0.75,0.02
14038,474.34,12336.4,0.69,0.04
14039,234.53,1816.99,0.41,0.13
14040,1338.69,82374.5,0.58,0.02
14041,957.03,50931.4,0.7,0.02
14042,677.24,23771,0.65,0.03
14043,999.36,54585.4,0.69,0.02
14044,992.63,53079.9,0.68,0.02
14045,846.81,42081,0.74,0.02
14046,523.37,16963.7,0.78,0.03
14047,521.19,17163.3,0.79,0.03
14048,5583.55,1381560,0.56,0
14049,5092.86,1214280,0.59,0
14050,613.88,13114.9,0.44,0.05
14051,1769.88,92555.1,0.37,0.02
14052,783.73,39096.2,0.8,0.02
14053,499.49,13397,0.67,0.04
14054,1626.56,123415,0.59,0.01
14055,5420.7,1711490,0.73,0
14056,2110.11,283964,0.8,0.01
14057,1062.47,37350.1,0.42,0.03
14058,333.38,6044.79,0.68,0.06
14059,1261.91,87061.4,0.69,0.01
14060,463.74,12470.6,0.73,0.04
14061,3361.65,496754,0.55,0.01
14062,535.05,13005,0.57,0.04
14063,885.32,9896.25,0.16,0.09
14064,1150.27,52610.9,0.5,0.02
14065,674.18,25684.1,0.71,0.03
14066,1289.58,74696.3,0.56,0.02
14067,802.19,34554.7,0.67,0.02
14068,584.46,17035.1,0.63,0.03
14069,769.85,35883,0.76,0.02
14070,852.46,29222.7,0.51,0.03
14071,299.52,4724.6,0.66,0.06
14072,356.05,7856.95,0.78,0.05
14073,1280.35,63489.7,0.49,0.02
14074,572.3,14656.5,0.56,0.04
14075,720.52,20816.2,0.5,0.03
14076,357.43,6834.13,0.67,0.05
14077,173.52,1888.28,0.79,0.09
14078,777.41,37348.3,0.78,0.02
14079,936.8,52309.4,0.75,0.02
14080,739.85,27736.3,0.64,0.03
14081,889.32,48756.8,0.77,0.02
14082,669.65,18612.4,0.52,0.04
14083,625.26,17883.3,0.57,0.03
14084,308.61,5767.44,0.76,0.05
14085,204.54,1780.93,0.53,0.11
14086,316.32,6692.18,0.84,0.05
14087,1057.34,37499,0.42,0.03
14088,1345.86,113544,0.79,0.01
14089,813.32,23406.5,0.44,0.03
14090,887.73,40727.4,0.65,0.02
14091,740.11,13877.3,0.32,0.05
14092,527.48,10049.7,0.45,0.05
14093,1177.93,79448.6,0.72,0.01
14094,862.43,18292.8,0.31,0.05
14095,275.98,4288.88,0.71,0.06
14096,533.82,17454.6,0.77,0.03
14097,623.35,24434.1,0.79,0.03
14098,1081.31,61085.3,0.66,0.02
14099,668.04,27248.9,0.77,0.02
14100,631.91,24503.8,0.77,0.03
14101,1694.29,174248,0.76,0.01
14102,1594.18,157817,0.78,0.01
14103,861.5,43850.9,0.74,0.02
14104,2125.77,184993,0.51,0.01
14105,1092.28,73708.9,0.78,0.01
14106,1935.74,234038,0.78,0.01
14107,778.73,23476.5,0.49,0.03
14108,813.37,33395.5,0.63,0.02
14109,554.89,13660.8,0.56,0.04
14110,603.11,19568.7,0.68,0.03
14111,544.66,14733.3,0.62,0.04
14112,1710.12,162565,0.7,0.01
14113,920.17,39093.5,0.58,0.02
14114,607.19,17477.5,0.6,0.03
14115,422.43,10942.7,0.77,0.04
14116,284.95,4989.83,0.77,0.06
14117,2407.48,285812,0.62,0.01
14118,1260.86,80887.5,0.64,0.02
14119,2196.95,206014,0.54,0.01
14120,432.24,8615.59,0.58,0.05
14121,918.14,52536.7,0.78,0.02
14122,686.41,27579.8,0.74,0.02
14123,590.03,16328.9,0.59,0.04
14124,659.2,24544.9,0.71,0.03
14125,566.64,15558.6,0.61,0.04
14126,727.03,33066.8,0.79,0.02
14127,494.56,11821.4,0.61,0.04
14128,765.66,36290.1,0.78,0.02
14129,535.16,18521.7,0.81,0.03
14130,559.85,14353,0.58,0.04
14131,889.74,40900.9,0.65,0.02
14132,901.57,41011.5,0.63,0.02
14133,1664.36,161948,0.73,0.01
14134,721.88,28525.7,0.69,0.03
14135,502.59,15586.4,0.77,0.03
14136,655.83,23067.7,0.67,0.03
14137,325.38,6527.32,0.77,0.05
14138,1665.21,173668,0.79,0.01
14139,2275.17,258141,0.63,0.01
14140,2488.09,382319,0.78,0.01
14141,1825.73,116094,0.44,0.02
14142,1968.72,166576,0.54,0.01
14143,241.82,3385.28,0.73,0.07
14144,330.32,4540.63,0.52,0.07
14145,1154.34,76504,0.72,0.02
14146,156.46,614.28,0.32,0.25
14147,1093.61,63765.5,0.67,0.02
14148,1005.47,58456.1,0.73,0.02
14149,909.03,45408.4,0.69,0.02
14150,847.39,40569.7,0.71,0.02
14151,2447.03,299227,0.63,0.01
14152,888.2,37472.4,0.6,0.02
14153,384.56,8192.27,0.7,0.05
14154,448.48,5627.73,0.35,0.08
14155,3551.51,495689,0.49,0.01
14156,627.06,20303,0.65,0.03
14157,1445.09,87443.9,0.53,0.02
14158,1433.01,87399.3,0.53,0.02
14159,716.42,28732.3,0.7,0.02
14160,349.62,6333.3,0.65,0.06
14161,358.94,7296.69,0.71,0.05
14162,735.09,22283.6,0.52,0.03
14163,2600.69,215682,0.4,0.01
14164,904.52,39754.3,0.61,0.02
14165,187.74,1598.52,0.57,0.12
14166,906.16,51654.9,0.79,0.02
14167,426.21,11333.4,0.78,0.04
14168,2876.18,215765,0.33,0.01
14169,612.84,21095.2,0.71,0.03
14170,2544.45,357640,0.69,0.01
14171,685.14,22377.6,0.6,0.03
14172,816.76,30966.3,0.58,0.03
14173,3554.5,768631,0.76,0
14174,379.01,8136.25,0.71,0.05
14175,348.43,6968.42,0.72,0.05
14176,494.83,14489.3,0.74,0.03
14177,2472.15,234536,0.48,0.01
14178,728.66,30764.6,0.73,0.02
14179,572.42,19851.1,0.76,0.03
14180,510.82,14921.2,0.72,0.03
14181,708.89,23045.3,0.58,0.03
14182,228.51,3267.37,0.79,0.07
14183,419.1,8349.25,0.6,0.05
14184,508.47,16780,0.82,0.03
14185,494.34,15037.7,0.77,0.03
14186,1160.41,62818,0.59,0.02
14187,2056.46,247656,0.74,0.01
14188,1207.7,79686.7,0.69,0.02
14189,80.47,286.08,0.55,0.28
14190,983.69,52515.7,0.68,0.02
14191,1481.93,137039,0.78,0.01
14192,1145.69,65842.4,0.63,0.02
14193,1954.59,84684.8,0.28,0.02
14194,319.48,1418.57,0.17,0.23
14195,1165.64,81973,0.76,0.01
14196,1813.47,182372,0.7,0.01
14197,614.38,22426.3,0.75,0.03
14198,744.28,18873.8,0.43,0.04
14199,971.26,56034.3,0.75,0.02
14200,796,38167.3,0.76,0.02
14201,976.1,31561.2,0.42,0.03
14202,475.46,12054.9,0.67,0.04
14203,559.47,15445.9,0.62,0.04
14204,1666.34,151205,0.68,0.01
14205,1292.19,100320,0.75,0.01
14206,939.58,31778.4,0.45,0.03
14207,1416.65,88515.3,0.55,0.02
14208,680.58,28068.6,0.76,0.02
14209,1272.32,82791.2,0.64,0.02
14210,799.89,38820.3,0.76,0.02
14211,1056.93,39715.4,0.45,0.03
14212,638.11,24766.3,0.76,0.03
14213,947.9,56398.5,0.79,0.02
14214,522.63,16020.2,0.74,0.03
14215,399.87,8463.19,0.66,0.05
14216,410.57,9352.21,0.7,0.04
14217,674.15,27379.3,0.76,0.02
14218,1039.22,45973.3,0.53,0.02
14219,1223.58,82674.2,0.69,0.01
14220,1175.93,84913.5,0.77,0.01
14221,697.41,25377.2,0.66,0.03
14222,899.24,39594,0.61,0.02
14223,723.3,25217.3,0.61,0.03
14224,370.61,8449.43,0.77,0.04
14225,2829.83,327607,0.51,0.01
14226,672.04,20926.8,0.58,0.03
14227,662.35,27414.7,0.78,0.02
14228,1035.07,40168.4,0.47,0.03
14229,393.65,9253.3,0.75,0.04
14230,656.61,19374,0.56,0.03
14231,516.47,16612.9,0.78,0.03
14232,586.95,20922.6,0.76,0.03
14233,486.46,9956.02,0.53,0.05
14234,245.17,3266.16,0.68,0.08
14235,250.93,3635.46,0.73,0.07
14236,261.64,3609.7,0.66,0.07
14237,1146.19,51847.4,0.5,0.02
14238,595.05,20500.4,0.73,0.03
14239,426.67,10377,0.72,0.04
14240,543.02,15666,0.67,0.03
14241,407.49,6893.81,0.52,0.06
14242,399.11,6122.92,0.48,0.07
14243,684.32,18706,0.5,0.04
14244,215.39,2619.11,0.71,0.08
14245,987.46,59145.9,0.76,0.02
14246,1687.8,115486,0.51,0.01
14247,831.99,41110.7,0.75,0.02
14248,484.04,14610.5,0.78,0.03
14249,757.36,34904.9,0.76,0.02
14250,589.53,18140.1,0.66,0.03
14251,232.02,3304.43,0.77,0.07
14252,229.29,3205.01,0.77,0.07
14253,342.4,5137.12,0.55,0.07
14254,882.64,43476.7,0.7,0.02
14255,381.8,8919.77,0.77,0.04
14256,1552.75,84057.9,0.44,0.02
14257,947.07,56147,0.79,0.02
14258,320.3,6407.85,0.78,0.05
14259,394.01,8888.48,0.72,0.04
14260,296.74,5456.15,0.78,0.05
14261,341.68,7256.84,0.78,0.05
14262,398.69,9857.85,0.78,0.04
14263,562.36,18668,0.74,0.03
14264,444.23,11364.7,0.72,0.04
14265,377.57,8456.1,0.75,0.04
14266,612.9,23428.3,0.78,0.03
14267,1112.22,71858.7,0.73,0.02
14268,831.36,43070.8,0.78,0.02
14269,1320.13,86390.3,0.62,0.02
14270,1255.57,61500.8,0.49,0.02
14271,292.37,5202.27,0.76,0.06
14272,1378.26,89774.2,0.59,0.02
14273,138.99,727.58,0.47,0.19
14274,485.47,9639.73,0.51,0.05
14275,371.97,7101.07,0.64,0.05
14276,441.85,11118.5,0.72,0.04
14277,401.7,8045.43,0.63,0.05
14278,469.6,12349.5,0.7,0.04
14279,616.85,21598,0.71,0.03
14280,837.46,37634.1,0.67,0.02
14281,1921.22,216495,0.74,0.01
14282,377,8683.34,0.77,0.04
14283,435.17,10360.2,0.69,0.04
14284,430.51,8873.55,0.6,0.05
14285,438.59,10986.9,0.72,0.04
14286,438.2,10863.4,0.71,0.04
14287,405.01,8397.79,0.64,0.05
14288,1104.56,65669.1,0.68,0.02
14289,895.1,35675,0.56,0.03
14290,533.57,16392.2,0.72,0.03
14291,1318.62,105592,0.76,0.01
14292,728.83,31937.6,0.76,0.02
14293,534.06,17106.1,0.75,0.03
14294,60.56,173.45,0.59,0.35
14295,635.67,14724.3,0.46,0.04
14296,628.26,14726.5,0.47,0.04
14297,1265.82,87566.8,0.69,0.01
14298,769.03,36057.1,0.77,0.02
14299,1595.25,98921.6,0.49,0.02
14300,1081.18,64225.2,0.69,0.02
14301,196.85,847.71,0.27,0.23
14302,114.45,603.96,0.58,0.19
14303,906.18,16902.4,0.26,0.05
14304,975.98,26122.1,0.34,0.04
14305,48.45,108.29,0.58,0.45
14306,39.29,78.85,0.64,0.5
14307,437.68,3097.11,0.2,0.14
14308,1395.69,98651.5,0.64,0.01
14309,1699.68,141644,0.62,0.01
14310,892.43,49736.5,0.78,0.02
14311,1059.22,61036,0.68,0.02
14312,799.65,38067.4,0.75,0.02
14313,814.88,40094.4,0.76,0.02
14314,174.14,1497.21,0.62,0.12
14315,4391.52,338398,0.22,0.01
14316,1648.8,157746,0.73,0.01
14317,531.57,13455.7,0.6,0.04
14318,1082.03,69178.9,0.74,0.02
14319,2873.08,356431,0.54,0.01
14320,1639.45,78452.5,0.37,0.02
14321,136.68,372.62,0.25,0.37
14322,2422.9,370182,0.79,0.01
14323,1825.03,102042,0.38,0.02
14324,809.36,35866.4,0.69,0.02
14325,845.75,36564.7,0.64,0.02
14326,469.21,13592.2,0.78,0.03
14327,1099.63,67219,0.7,0.02
14328,961.04,47507.8,0.65,0.02
14329,2323.78,270252,0.63,0.01
14330,1424.91,111457,0.69,0.01
14331,892.51,35756.2,0.56,0.02
14332,605.49,11349.3,0.39,0.05
14333,98.73,321.64,0.41,0.31
14334,1383.13,104476,0.69,0.01
14335,1112.72,54025.4,0.55,0.02
14336,721.77,31835.1,0.77,0.02
14337,681.27,28931.6,0.78,0.02
14338,2382.39,210579,0.47,0.01
14339,1471.25,60381.7,0.35,0.02
14340,109.01,692.73,0.73,0.16
14341,1971.66,240872,0.78,0.01
14342,167.18,811.79,0.36,0.21
14343,1760.23,182782,0.74,0.01
14344,997.66,53851.9,0.68,0.02
14345,968.99,42161.4,0.56,0.02
14346,1252.83,95514,0.76,0.01
14347,1840.36,203265,0.75,0.01
14348,2243.99,302093,0.75,0.01
14349,3451.07,555422,0.59,0.01
14350,1289.97,102734,0.78,0.01
14351,1168.8,85162.9,0.78,0.01
14352,1822.58,192495,0.73,0.01
14353,1487.47,139498,0.79,0.01
14354,1197.93,89887.9,0.79,0.01
14355,27.21,28.27,0.48,0.96
14356,1238,95621.1,0.78,0.01
14357,1774.6,192777,0.77,0.01
14358,3493.41,458609,0.47,0.01
14359,827.72,25758.6,0.47,0.03
14360,2615.33,229560,0.42,0.01
14361,715.4,30942.8,0.76,0.02
14362,272.65,3899.1,0.66,0.07
14363,1610.06,123235,0.6,0.01
14364,260.31,3443.24,0.64,0.08
14365,261.79,4175.55,0.77,0.06
14366,1350.88,102811,0.71,0.01
14367,978.02,53690,0.71,0.02
14368,176.16,1321.38,0.53,0.13
14369,381.15,7146.43,0.62,0.05
14370,804.31,23018.8,0.45,0.03
14371,437.45,8994.87,0.59,0.05
14372,4670.08,438466,0.25,0.01
14373,835.47,42615,0.77,0.02
14374,215.94,2874.91,0.77,0.08
14375,1039.18,21423.6,0.25,0.05
14376,104.99,311.04,0.35,0.34
14377,97.96,281.83,0.37,0.35
14378,1009.76,21033.7,0.26,0.05
14379,89.02,261.43,0.41,0.34
14380,905.23,43030,0.66,0.02
14381,1022.3,22821.6,0.27,0.04
14382,1031.72,23964.9,0.28,0.04
14383,1020.39,64570.8,0.78,0.02
14384,1681.04,156940,0.7,0.01
14385,569.52,6806.68,0.26,0.08
14386,4430.17,591730,0.38,0.01
14387,4140.92,338684,0.25,0.01
14388,3010.52,450575,0.62,0.01
14389,243.65,2775.67,0.59,0.09
14390,1107.65,73766.4,0.76,0.02
14391,375.21,8964.36,0.8,0.04
14392,398.55,9874.09,0.78,0.04
14393,172.55,905.64,0.38,0.19
14394,3744.48,877549,0.79,0
14395,2684.06,456299,0.8,0.01
14396,737.84,34044.5,0.79,0.02
14397,899.44,48067,0.75,0.02
14398,625.95,16517.6,0.53,0.04
14399,729.87,28200.8,0.66,0.03
14400,3119.13,610034,0.79,0.01
14401,1198.1,34649.6,0.3,0.03
14402,483.2,12180.4,0.66,0.04
14403,762.68,24705.7,0.53,0.03
14404,1357,112785,0.77,0.01
14405,646.08,21011.8,0.63,0.03
14406,1210.67,83323.8,0.71,0.01
14407,1034.18,61651.3,0.72,0.02
14408,837.67,43316.1,0.78,0.02
14409,897.01,47753.8,0.75,0.02
14410,616.1,23711.5,0.78,0.03
14411,440.89,10768.5,0.7,0.04
14412,1245.31,59469.8,0.48,0.02
14413,610.02,23724.9,0.8,0.03
14414,430.56,10049.7,0.68,0.04
14415,328.08,5855.95,0.68,0.06
14416,329.33,6130.81,0.71,0.05
14417,1362.28,109585,0.74,0.01
14418,5504.33,463156,0.19,0.01
14419,1785.21,189232,0.75,0.01
14420,1241.92,54482.8,0.44,0.02
14421,1939.11,99064.5,0.33,0.02
14422,371.43,7761.41,0.71,0.05
14423,578.5,20724,0.78,0.03
14424,423.53,2044.09,0.14,0.21
14425,330.33,2895.42,0.33,0.11
14426,1946.51,202835,0.67,0.01
14427,125.51,708.95,0.57,0.18
14428,1369.65,112095,0.75,0.01
14429,90.2,404.25,0.62,0.22
14430,2474.17,203438,0.42,0.01
14431,934.32,51336.7,0.74,0.02
14432,1801.81,131396,0.51,0.01
14433,771.71,18073.4,0.38,0.04
14434,961.29,28611.9,0.39,0.03
14435,609.85,21097.9,0.71,0.03
14436,1330.83,83912.1,0.6,0.02
14437,930.92,52357.9,0.76,0.02
14438,608.82,19254.3,0.65,0.03
14439,720.7,28554.9,0.69,0.03
14440,1541.59,93485.3,0.49,0.02
14441,1723.12,186750,0.79,0.01
14442,707.86,21167,0.53,0.03
14443,653.7,24185.3,0.71,0.03
14444,590.49,14085.2,0.51,0.04
14445,1981.55,122183,0.39,0.02
14446,397.43,1400.02,0.11,0.28
14447,1170.54,70286.5,0.64,0.02
14448,1690.65,120982,0.53,0.01
14449,677.85,27901.4,0.76,0.02
14450,316.88,5973.04,0.75,0.05
14451,342.37,6171.11,0.66,0.06
14452,396.36,9809.38,0.78,0.04
14453,424.53,11571.5,0.81,0.04
14454,732.91,31058.3,0.73,0.02
14455,262.24,3827.87,0.7,0.07
14456,1846.32,141536,0.52,0.01
14457,1041.83,37618,0.44,0.03
14458,1022.86,59589.9,0.72,0.02
14459,898.1,42453.2,0.66,0.02
14460,2155.37,187031,0.51,0.01
14461,587.04,21666.7,0.79,0.03
14462,688.86,27544.3,0.73,0.03
14463,596.96,22548.1,0.79,0.03
14464,962.7,51717.2,0.7,0.02
14465,179.8,574.92,0.22,0.31
14466,2059.57,261220,0.77,0.01
14467,1414.64,80401.3,0.5,0.02
14468,2161.18,188556,0.51,0.01
14469,903.71,45481.1,0.7,0.02
14470,662.87,22167.4,0.63,0.03
14471,718.13,29085.2,0.71,0.02
14472,1461.94,84995.6,0.5,0.02
14473,131.98,549.17,0.4,0.24
14474,229.73,1657.43,0.39,0.14
14475,1480.38,52219.4,0.3,0.03
14476,1366.05,119783,0.81,0.01
14477,1302.49,99394.6,0.74,0.01
14478,1320.2,104255,0.75,0.01
14479,849.07,44761.6,0.78,0.02
14480,1455.78,126498,0.75,0.01
14481,865.67,45360.8,0.76,0.02
14482,1120.12,83084.8,0.83,0.01
14483,448.94,6681.15,0.42,0.07
14484,1246.3,43120.8,0.35,0.03
14485,1186.33,21579.3,0.19,0.05
14486,486.68,13975.6,0.74,0.03
14487,209.54,671.83,0.19,0.31
14488,317.24,3179.57,0.4,0.1
14489,395.05,4213.07,0.34,0.09
14490,753.24,27293.9,0.6,0.03
14491,6852.25,1011050,0.27,0.01
14492,142.56,1159.45,0.72,0.12
14493,117.08,351.54,0.32,0.33
14494,1987.15,193538,0.62,0.01
14495,8185.65,1179920,0.22,0.01
14496,756.62,34816.8,0.76,0.02
14497,861.1,28463.5,0.48,0.03
14498,477.36,8737.09,0.48,0.05
14499,321.41,6042.9,0.73,0.05
14500,1480.71,114432,0.66,0.01
14501,543.1,10570.9,0.45,0.05
14502,1148.73,84828.8,0.81,0.01
14503,345.63,1184.11,0.12,0.29
14504,1869.87,157193,0.56,0.01
14505,1570.16,130343,0.66,0.01
14506,3582.38,753720,0.74,0
14507,417.19,7637.67,0.55,0.05
14508,363.41,5670.43,0.54,0.06
14509,396.98,5699.61,0.45,0.07
14510,853.31,14484.8,0.25,0.06
14511,303.37,3524.36,0.48,0.09
14512,310.25,2708.27,0.35,0.11
14513,145.37,1376.15,0.82,0.11
14514,343.67,5181.9,0.55,0.07
14515,4854.8,1507090,0.8,0
14516,3952.83,395870,0.32,0.01
14517,1187.68,92099.4,0.82,0.01
14518,1073.73,27182.7,0.3,0.04
14519,863.89,13328.9,0.22,0.06
14520,489.73,14657.1,0.77,0.03
14521,790.06,14659.5,0.29,0.05
14522,337.12,2718.63,0.3,0.12
14523,335.49,2855.8,0.32,0.12
14524,734.13,31932.2,0.74,0.02
14525,249.91,3877.2,0.78,0.06
14526,237.82,3251.97,0.72,0.07
14527,1063.1,69780.9,0.78,0.02
14528,2045.91,94040.1,0.28,0.02
14529,2312.77,184354,0.43,0.01
14530,834.34,36501.1,0.66,0.02
14531,1010.32,51557,0.63,0.02
14532,722.55,32248.6,0.78,0.02
14533,694.92,29201.8,0.76,0.02
14534,887.9,49131.1,0.78,0.02
14535,977.47,54923.2,0.72,0.02
14536,43.04,89.64,0.61,0.48
14537,2557.42,188661,0.36,0.01
14538,1095.79,73521.5,0.77,0.01
14539,608.31,22459,0.76,0.03
14540,1409.28,60685.4,0.38,0.02
14541,184.93,1275.63,0.47,0.14
14542,32.07,56.51,0.69,0.57
14543,1092.15,72518.1,0.76,0.02
14544,584.36,18991.9,0.7,0.03
14545,457.26,10726.4,0.64,0.04
14546,790.4,36051.5,0.72,0.02
14547,559.37,17674.4,0.71,0.03
14548,493.81,16458.6,0.85,0.03
14549,1125.41,74522.6,0.74,0.02
14550,1918.2,161013,0.55,0.01
14551,805.39,39560.3,0.77,0.02
14552,1315.49,103041,0.75,0.01
14553,543.77,16834.1,0.72,0.03
14554,1284.11,65797.1,0.5,0.02
14555,2224.43,259823,0.66,0.01
14556,422.3,10754.8,0.76,0.04
14557,1055.65,67700.6,0.76,0.02
14558,758,29645.7,0.65,0.03
14559,751.54,33805.3,0.75,0.02
14560,1890.65,171260,0.6,0.01
14561,1778.67,161252,0.64,0.01
14562,656.27,26556.1,0.77,0.02
14563,1314.47,64403.3,0.47,0.02
14564,2902.37,521281,0.78,0.01
14565,233.05,2636.8,0.61,0.09
14566,2818.12,414986,0.66,0.01
14567,70.18,249.69,0.64,0.28
14568,74.45,281.66,0.64,0.26
14569,984.78,58959.8,0.76,0.02
14570,782.8,27086.3,0.56,0.03
14571,686.66,20973.4,0.56,0.03
14572,1316.64,93163.9,0.67,0.01
14573,1283.56,97323,0.74,0.01
14574,1598.94,125180,0.61,0.01
14575,893.58,49528.2,0.78,0.02
14576,1279.06,102077,0.78,0.01
14577,355.25,3979.98,0.4,0.09
14578,1854.87,113023,0.41,0.02
14579,1637.13,128438,0.6,0.01
14580,802.67,37400.4,0.73,0.02
14581,829.86,40526,0.74,0.02
14582,14.54,7.95,0.47,1.83
14583,1140.17,66243.7,0.64,0.02
14584,819.65,41551.5,0.78,0.02
14585,873.87,49088,0.81,0.02
14586,2819.04,480696,0.76,0.01
14587,1920.36,225592,0.77,0.01
14588,982.41,56082.4,0.73,0.02
14589,1506.47,140312,0.78,0.01
14590,784.42,37008.6,0.76,0.02
14591,697.53,29233.7,0.75,0.02
14592,786.07,38606.9,0.78,0.02
14593,380.23,957.15,0.08,0.4
14594,368.42,1021.51,0.09,0.36
14595,829,42493.3,0.78,0.02
14596,5199.22,968411,0.45,0.01
14597,5240.07,1585240,0.73,0
14598,3494.71,579953,0.6,0.01
14599,1538.57,131293,0.7,0.01
14600,2238.21,244510,0.61,0.01
14601,1001.33,61332.6,0.77,0.02
14602,4476.6,508614,0.32,0.01
14603,6535.61,1388500,0.41,0
14604,324.9,6333.87,0.75,0.05
14605,987.31,34744.8,0.45,0.03
14606,227.08,3323.3,0.81,0.07
14607,228.93,3354.55,0.8,0.07
14608,276.34,4557.71,0.75,0.06
14609,407.32,9093.1,0.69,0.04
14610,1383.5,114339,0.75,0.01
14611,1710.63,133486,0.57,0.01
14612,433.7,11211.5,0.75,0.04
14613,4805.8,646890,0.35,0.01
14614,652.61,20496,0.6,0.03
14615,615.84,21809.2,0.72,0.03
14616,1257.98,97743,0.78,0.01
14617,350.19,6867.84,0.7,0.05
14618,609.77,22138.2,0.75,0.03
14619,338.33,6741.52,0.74,0.05
14620,267.31,1981.78,0.35,0.13
14621,311.86,5847.58,0.76,0.05
14622,2817.19,145308,0.23,0.02
14623,238.17,3423.13,0.76,0.07
14624,501.37,14310.5,0.72,0.04
14625,618.84,6215.8,0.2,0.1
14626,441.96,10135,0.65,0.04
14627,194.84,1563.96,0.52,0.12
14628,752.26,27933.9,0.62,0.03
14629,234.64,2328.58,0.53,0.1
14630,217.22,2192.39,0.58,0.1
14631,341.06,7262.69,0.78,0.05
14632,1226.65,91504.6,0.76,0.01
14633,284.61,4219.09,0.65,0.07
14634,220.87,3023.68,0.78,0.07
14635,389.33,4261.75,0.35,0.09
14636,1027.61,62674.4,0.75,0.02
14637,1179.46,85760.5,0.77,0.01
14638,273.55,4690.32,0.79,0.06
14639,456.92,5768.8,0.35,0.08
14640,1639.12,82584,0.39,0.02
14641,975.42,45073.9,0.6,0.02
14642,278.59,4981.77,0.81,0.06
14643,173.01,1376.91,0.58,0.13
14644,308.14,5879.5,0.78,0.05
14645,351.07,4677.35,0.48,0.08
14646,820.04,33493.9,0.63,0.02
14647,803.6,34442.9,0.67,0.02
14648,575.89,19778.7,0.75,0.03
14649,599.07,18591.6,0.65,0.03
14650,755.52,37818.8,0.83,0.02
14651,324.58,4665.49,0.56,0.07
14652,1064.38,72108.7,0.8,0.01
14653,1072.18,71205.3,0.78,0.02
14654,12.73,0.1,0.01,127.3
14655,2678.96,477815,0.84,0.01
14656,2765.25,336276,0.55,0.01
14657,165.92,1718.99,0.78,0.1
14658,2470.07,57800,0.12,0.04
14659,295.7,4875.8,0.7,0.06
14660,227.23,2511.4,0.61,0.09
14661,200.94,2416.65,0.75,0.08
14662,557.6,16372.5,0.66,0.03
14663,278.02,4764.02,0.77,0.06
14664,2555.13,67879.3,0.13,0.04
14665,52.89,136.83,0.61,0.39
14666,50.88,124.91,0.61,0.41
14667,119.53,830.18,0.73,0.14
14668,181.1,1980.98,0.76,0.09
14669,83.33,394.81,0.71,0.21
14670,1143.86,40745,0.39,0.03
14671,985.95,35659.7,0.46,0.03
14672,1128.62,40905.6,0.4,0.03
14673,994.34,36356.9,0.46,0.03
14674,2397.98,356847,0.78,0.01
14675,2528.81,394985,0.78,0.01
14676,1744.78,164616,0.68,0.01
14677,2147.17,287326,0.78,0.01
14678,882.95,48595,0.78,0.02
14679,654.74,21629.7,0.63,0.03
14680,1173.74,86393.7,0.79,0.01
14681,1075.68,72321.8,0.79,0.01
14682,1002.23,62329.6,0.78,0.02
14683,1432.84,114831,0.7,0.01
14684,1109.94,77171.9,0.79,0.01
14685,1198.01,66168.9,0.58,0.02
14686,1252.69,82046.4,0.66,0.02
14687,620.74,24802.4,0.81,0.03
14688,597.89,22873.3,0.8,0.03
14689,1389.62,101159,0.66,0.01
14690,1648.85,172493,0.8,0.01
14691,506.9,12246,0.6,0.04
14692,1536.34,150078,0.8,0.01
14693,1171.01,77768.8,0.71,0.02
14694,1497.13,132994,0.75,0.01
14695,483.73,12211.1,0.66,0.04
14696,1163.23,68839,0.64,0.02
14697,1404.7,99261.4,0.63,0.01
14698,28.56,44.69,0.69,0.64
14699,1093.43,69083.8,0.73,0.02
14700,3145.31,555863,0.71,0.01
14701,1470.11,112888,0.66,0.01
14702,3302.09,573224,0.66,0.01
14703,757.39,33160.4,0.73,0.02
14704,745.13,32683.6,0.74,0.02
14705,371.92,7032.8,0.64,0.05
14706,376.86,7345.6,0.65,0.05
14707,395.15,7469.47,0.6,0.05
14708,408.37,7705.38,0.58,0.05
14709,1954.3,143704,0.47,0.01
14710,257.16,963.45,0.18,0.27
14711,288.75,934.56,0.14,0.31
14712,1313.03,102384,0.75,0.01
14713,1226.95,41587.2,0.35,0.03
14714,1368.66,80950.1,0.54,0.02
14715,1682.79,163316,0.72,0.01
14716,2231.38,202889,0.51,0.01
14717,314.38,5143.65,0.65,0.06
14718,751.33,28300.9,0.63,0.03
14719,3100.55,394032,0.51,0.01
14720,2951.76,406981,0.59,0.01
14721,527.13,9606.84,0.43,0.05
14722,1348.81,105027,0.73,0.01
14723,1267.76,94960.1,0.74,0.01
14724,621.38,7916.2,0.26,0.08
14725,11662.5,2192240,0.2,0.01
14726,2831.13,180387,0.28,0.02
14727,479.95,13636.2,0.74,0.04
14728,862.76,45126.1,0.76,0.02
14729,875.43,45778.2,0.75,0.02
14730,668.46,25596.6,0.72,0.03
14731,688.49,24500.4,0.65,0.03
14732,1292.69,74497.1,0.56,0.02
14733,244.74,3315.59,0.7,0.07
14734,303.25,5731.44,0.78,0.05
14735,1659.72,135297,0.62,0.01
14736,12353.9,5199990,0.43,0
14737,507.51,16223.4,0.79,0.03
14738,1197.89,86055.3,0.75,0.01
14739,581.72,19647.4,0.73,0.03
14740,938.25,55389.6,0.79,0.02
14741,1969.71,214537,0.69,0.01
14742,1046.2,55827.5,0.64,0.02
14743,550.53,15143.8,0.63,0.04
14744,3365.67,497883,0.55,0.01
14745,970.79,53748.2,0.72,0.02
14746,4052.88,833081,0.64,0
14747,6573.85,1477050,0.43,0
14748,1844.21,155536,0.57,0.01
14749,2291.81,200571,0.48,0.01
14750,3504.39,578337,0.59,0.01
14751,1477.16,118187,0.68,0.01
14752,1626.11,127086,0.6,0.01
14753,1955.56,185326,0.61,0.01
14754,2391.74,322874,0.71,0.01
14755,1191.25,61336.7,0.54,0.02
14756,1429.01,90768.2,0.56,0.02
14757,1529.78,109820,0.59,0.01
14758,2113.77,260800,0.73,0.01
14759,2488.56,376985,0.76,0.01
14760,1774.63,185561,0.74,0.01
14761,871.84,40703.7,0.67,0.02
14762,1127.77,77258.6,0.76,0.01
14763,1211.78,88106.1,0.75,0.01
14764,1239.91,75742.5,0.62,0.02
14765,1275.97,84726.7,0.65,0.02
14766,1038.84,66081.7,0.77,0.02
14767,3019.47,70063.9,0.1,0.04
14768,10345.1,1494220,0.18,0.01
14769,354.38,7997.75,0.8,0.04
14770,347.51,8308.23,0.86,0.04
14771,108.35,594.3,0.64,0.18
14772,418.82,11140.9,0.8,0.04
14773,3069.5,407722,0.54,0.01
14774,234.11,3282.8,0.75,0.07
14775,1782.46,180980,0.72,0.01
14776,1931.16,202431,0.68,0.01
14777,1741.36,142730,0.59,0.01
14778,828.47,35932.9,0.66,0.02
14779,1403.91,112826,0.72,0.01
14780,1142.55,80605,0.78,0.01
14781,785.29,28187.1,0.57,0.03
14782,1004.87,61303,0.76,0.02
14783,1225.87,31720.4,0.27,0.04
14784,458.95,2538.58,0.15,0.18
14785,4734.8,1374630,0.77,0
14786,1289.8,102885,0.78,0.01
14787,1113.45,77453,0.78,0.01
14788,1265.02,97154.7,0.76,0.01
14789,2919.18,448501,0.66,0.01
14790,2313.48,218765,0.51,0.01
14791,861.65,44558.1,0.75,0.02
14792,440.68,9235.9,0.6,0.05
14793,1921.91,219587,0.75,0.01
14794,301.17,5792.43,0.8,0.05
14795,391.18,9261.85,0.76,0.04
14796,1196.49,54179.6,0.48,0.02
14797,1333.41,80188,0.57,0.02
14798,630.91,25543.7,0.81,0.02
14799,509.18,15471.4,0.75,0.03
14800,809.86,37886.8,0.73,0.02
14801,978.58,49640.3,0.65,0.02
14802,1183.96,62806.7,0.56,0.02
14803,1194.41,79695,0.7,0.01
14804,2307.58,279088,0.66,0.01
14805,1465.39,132025,0.77,0.01
14806,1136.15,42974.6,0.42,0.03
14807,2037.83,241064,0.73,0.01
14808,896.85,29329.3,0.46,0.03
14809,1572.64,108352,0.55,0.01
14810,2141.79,252576,0.69,0.01
14811,5550.66,1324880,0.54,0
14812,721.88,25617.7,0.62,0.03
14813,987.8,52751.2,0.68,0.02
14814,1015.14,63125.1,0.77,0.02
14815,779.21,19647,0.41,0.04
14816,999.39,58145.3,0.73,0.02
14817,900.55,43402.1,0.67,0.02
14818,1045.38,63505.9,0.73,0.02
14819,1221.93,93621.4,0.79,0.01
14820,3526.66,713218,0.72,0
14821,1537.83,123889,0.66,0.01
14822,887.92,40162,0.64,0.02
14823,227.74,2428.96,0.59,0.09
14824,1897.42,106658,0.37,0.02
14825,548.99,18999.9,0.79,0.03
14826,931.48,52839.8,0.76,0.02
14827,1680.12,153447,0.68,0.01
14828,1027.93,48574.5,0.58,0.02
14829,1869.41,121300,0.44,0.02
14830,1127.26,55712.4,0.55,0.02
14831,1220.67,59909.5,0.5,0.02
14832,1363.29,91187.6,0.62,0.01
14833,742.67,28900.1,0.66,0.03
14834,1522.67,101748,0.55,0.01
14835,3724.66,635225,0.58,0.01
14836,1020.98,63548.3,0.77,0.02
14837,5491.79,1358470,0.57,0
14838,1881.22,152983,0.54,0.01
14839,1845.37,173192,0.64,0.01
14840,563.1,14876.5,0.59,0.04
14841,708.33,23603.9,0.59,0.03
14842,1392.58,84070.5,0.54,0.02
14843,659.56,26815.9,0.77,0.02
14844,980.2,56855.2,0.74,0.02
14845,854.2,28268.7,0.49,0.03
14846,1163.91,79723.4,0.74,0.01
14847,621.21,24310,0.79,0.03
14848,730.05,32716.5,0.77,0.02
14849,419.52,9634.9,0.69,0.04
14850,576.4,18574.7,0.7,0.03
14851,798.8,31176,0.61,0.03
14852,1586.19,134049,0.67,0.01
14853,1638.94,167562,0.78,0.01
14854,1978.68,232672,0.75,0.01
14855,1354.96,103899,0.71,0.01
14856,1213.86,90224.8,0.77,0.01
14857,1065.46,62984.1,0.7,0.02
14858,607.58,19610.1,0.67,0.03
14859,376.05,3900.67,0.35,0.1
14860,1926.13,161372,0.55,0.01
14861,1740.05,164671,0.68,0.01
14862,6180.41,644933,0.21,0.01
14863,2701.8,287452,0.49,0.01
14864,3839.9,608314,0.52,0.01
14865,968.56,58412.4,0.78,0.02
14866,2699.53,334351,0.58,0.01
14867,905.25,33146.8,0.51,0.03
14868,1929.1,209519,0.71,0.01
14869,567.19,16358.5,0.64,0.03
14870,1133.07,51992.7,0.51,0.02
14871,589.32,13389.2,0.48,0.04
14872,705.1,29232.5,0.74,0.02
14873,2067.34,247349,0.73,0.01
14874,1523.17,97855.8,0.53,0.02
14875,1501.23,107440,0.6,0.01
14876,682.82,27875.4,0.75,0.02
14877,600.38,22460.6,0.78,0.03
14878,649.26,19608.3,0.58,0.03
14879,541.66,17651.9,0.76,0.03
14880,520.21,16803.6,0.78,0.03
14881,1244.32,61464.8,0.5,0.02
14882,925.34,39978.3,0.59,0.02
14883,516.41,14555.5,0.69,0.04
14884,726.37,33847.5,0.81,0.02
14885,490.89,13682.4,0.71,0.04
14886,643.96,23932.6,0.72,0.03
14887,703.6,32107.8,0.81,0.02
14888,576.21,17425.5,0.66,0.03
14889,577.61,17946.9,0.68,0.03
14890,1328.78,78740.6,0.56,0.02
14891,1079.29,70529.8,0.76,0.02
14892,2222.26,70094.3,0.18,0.03
14893,961.83,49794.1,0.68,0.02
14894,599.1,22160.2,0.78,0.03
14895,2421.26,346242,0.74,0.01
14896,1782.78,156147,0.62,0.01
14897,214.25,1964.37,0.54,0.11
14898,412.1,10007.4,0.74,0.04
14899,8064.39,2976500,0.57,0
14900,1539.53,149227,0.79,0.01
14901,2104.49,218534,0.62,0.01
14902,2467.13,323019,0.67,0.01
14903,3441.63,576328,0.61,0.01
14904,1947.37,206391,0.68,0.01
14905,532.24,16543.3,0.73,0.03
14906,652.58,18878,0.56,0.03
14907,2289.36,235456,0.56,0.01
14908,710.63,28180.2,0.7,0.03
14909,5216.34,1592880,0.74,0
14910,3730.61,538068,0.49,0.01
14911,429.07,4458.57,0.3,0.1
14912,2369.02,273472,0.61,0.01
14913,359.85,1878.34,0.18,0.19
14914,186.65,2058.62,0.74,0.09
14915,1438.62,124194,0.75,0.01
14916,1246.52,64661.8,0.52,0.02
14917,607.09,22053.1,0.75,0.03
14918,1590.59,139652,0.69,0.01
14919,1755.62,193487,0.79,0.01
14920,4296.56,1143390,0.78,0
14921,1342.06,105135,0.73,0.01
14922,222.46,2704.46,0.69,0.08
14923,1974.52,242161,0.78,0.01
14924,1632.42,118677,0.56,0.01
14925,1899.41,208894,0.73,0.01
14926,1492.24,143095,0.81,0.01
14927,999.64,61106.6,0.77,0.02
14928,906.47,47597.3,0.73,0.02
14929,46.57,121.66,0.7,0.38
14930,1014.99,55634.5,0.68,0.02
14931,1412.12,120653,0.76,0.01
14932,2127.89,158694,0.44,0.01
14933,641.84,24218.9,0.74,0.03
14934,415.68,10266.8,0.75,0.04
14935,621.71,23298.6,0.76,0.03
14936,448,12584.7,0.79,0.04
14937,714.68,31684.3,0.78,0.02
14938,714.82,24578.2,0.6,0.03
14939,597.41,19360.4,0.68,0.03
14940,1061.72,57786.8,0.64,0.02
14941,1407.97,117462,0.74,0.01
14942,1233.55,90740.4,0.75,0.01
14943,3087.08,312026,0.41,0.01
14944,305.76,5803.95,0.78,0.05
14945,397.01,9117.95,0.73,0.04
14946,1285.23,71797.4,0.55,0.02
14947,1479.15,125712,0.72,0.01
14948,625.87,23540.3,0.75,0.03
14949,1783.01,185290,0.73,0.01
14950,1161.43,71595.4,0.67,0.02
14951,1429.18,129323,0.8,0.01
14952,2864.59,226624,0.35,0.01
14953,451.77,12632.3,0.78,0.04
14954,588.47,14951.1,0.54,0.04
14955,822.64,40872.5,0.76,0.02
14956,1189.12,59933.7,0.53,0.02
14957,552.49,18445.9,0.76,0.03
14958,1660.36,105560,0.48,0.02
14959,1421.92,128697,0.8,0.01
14960,2578.41,206638,0.39,0.01
14961,2294.14,319701,0.76,0.01
14962,3078.75,230332,0.31,0.01
14963,190.78,2117.95,0.73,0.09
14964,531.14,15770,0.7,0.03
14965,2019.48,79525.5,0.24,0.03
14966,380.63,6815.45,0.59,0.06
14967,244.57,3304.52,0.69,0.07
14968,426.61,6779.32,0.47,0.06
14969,264.83,3579.99,0.64,0.07
14970,765.33,34255.3,0.73,0.02
14971,1254.4,77839.8,0.62,0.02
14972,1657.1,175052,0.8,0.01
14973,274.37,4275.77,0.71,0.06
14974,303.5,5546.65,0.76,0.05
14975,1605.77,114852,0.56,0.01
14976,2896.93,206550,0.31,0.01
14977,1051.83,52103.2,0.59,0.02
14978,881.59,49293.4,0.8,0.02
14979,859.49,47268.2,0.8,0.02
14980,237.51,3319.33,0.74,0.07
14981,1422.01,94373,0.59,0.02
14982,30.79,37.16,0.49,0.83
14983,737.26,26218.6,0.61,0.03
14984,52.94,220.13,0.99,0.24
14985,41.95,81,0.58,0.52
14986,1238.61,97757.8,0.8,0.01
14987,1224.89,93480.9,0.78,0.01
14988,63.91,158.87,0.49,0.4
14989,623.44,15163.2,0.49,0.04
14990,15123.3,9847170,0.54,0
14991,685.9,28662.4,0.77,0.02
14992,1444.79,130231,0.78,0.01
14993,660.06,25446,0.73,0.03
14994,8284.59,4225400,0.77,0
14995,8788.39,3513010,0.57,0
14996,517.05,13315.9,0.63,0.04
14997,545.88,16982.6,0.72,0.03
14998,2718.68,385328,0.65,0.01
14999,4711.66,759244,0.43,0.01
15000,310.94,3992.15,0.52,0.08
15001,86.02,350.91,0.6,0.25
15002,1133.16,42858.8,0.42,0.03
15003,560.24,18423.7,0.74,0.03
15004,297.96,5067.39,0.72,0.06
15005,950,48573.7,0.68,0.02
15006,63.24,285.69,0.9,0.22
15007,1437.06,39743.4,0.24,0.04
15008,1140.65,83953.7,0.81,0.01
15009,1586.01,132195,0.66,0.01
15010,1672.12,164181,0.74,0.01
15011,3650.31,518397,0.49,0.01
15012,1761.07,189999,0.77,0.01
15013,1187.82,65272.7,0.58,0.02
15014,1804.1,194715,0.75,0.01
15015,1365.3,30536.6,0.21,0.04
15016,480.84,11473,0.62,0.04
15017,477.07,16066.1,0.89,0.03
15018,393.41,7359.64,0.6,0.05
15019,638.74,14254.2,0.44,0.04
15020,705.25,14978.9,0.38,0.05
15021,1940.69,156757,0.52,0.01
15022,494.25,13673.1,0.7,0.04
15023,481.35,14479.9,0.78,0.03
15024,587.46,21289.7,0.77,0.03
15025,646.95,24339.8,0.73,0.03
15026,439.37,9613.42,0.63,0.05
15027,3035.36,199519,0.27,0.02
15028,1745.34,183733,0.76,0.01
15029,4355.03,793369,0.53,0.01
15030,520.33,7756.48,0.36,0.07
15031,707.43,28954.6,0.73,0.02
15032,1336.36,30227.9,0.21,0.04
15033,551.41,9169.74,0.38,0.06
15034,974.51,59684.6,0.79,0.02
15035,902.6,50487.1,0.78,0.02
15036,78.97,492.09,0.99,0.16
15037,1859.94,214435,0.78,0.01
15038,2348.37,338253,0.77,0.01
15039,1878.06,217869,0.78,0.01
15040,2215.4,307965,0.79,0.01
15041,1552.27,149595,0.78,0.01
15042,1874.53,203640,0.73,0.01
15043,532,3410.18,0.15,0.16
15044,4091.96,453390,0.34,0.01
15045,1993.34,247245,0.78,0.01
15046,3635.13,787371,0.75,0
15047,2437.31,317067,0.67,0.01
15048,216.13,1811.83,0.49,0.12
15049,271.42,4217.96,0.72,0.06
15050,1008.78,50456.5,0.62,0.02
15051,809.4,19192,0.37,0.04
15052,316.11,6175.72,0.78,0.05
15053,201.83,1725.78,0.53,0.12
15054,413.74,9949.35,0.73,0.04
15055,2079.87,251095,0.73,0.01
15056,1651.94,131945,0.61,0.01
15057,783.65,31994.1,0.65,0.02
15058,1510.61,129863,0.71,0.01
15059,1133.2,47439,0.46,0.02
15060,1004.99,64075,0.8,0.02
15061,542.52,18032.8,0.77,0.03
15062,894.23,32285.4,0.51,0.03
15063,1405.28,117164,0.75,0.01
15064,642.69,15485.4,0.47,0.04
15065,852.25,43264.2,0.75,0.02
15066,877.41,47352.8,0.77,0.02
15067,605.58,22939.2,0.79,0.03
15068,335.06,6205.61,0.69,0.05
15069,369.88,7694.38,0.71,0.05
15070,524.99,15993.9,0.73,0.03
15071,491.87,11289.1,0.59,0.04
15072,400.29,9357.97,0.73,0.04
15073,472.95,9141.12,0.51,0.05
15074,363.65,7600.84,0.72,0.05
15075,439.57,9928.79,0.65,0.04
15076,383.02,8881.13,0.76,0.04
15077,522.8,14489.4,0.67,0.04
15078,888.65,36224.1,0.58,0.02
15079,531.29,16978.1,0.76,0.03
15080,963.8,56853.7,0.77,0.02
15081,700.6,30354.4,0.78,0.02
15082,544.15,17879.4,0.76,0.03
15083,848.86,38113.3,0.66,0.02
15084,2582,369353,0.7,0.01
15085,75.87,274.14,0.6,0.28
15086,4975.64,1057760,0.54,0
15087,2981.65,159531,0.23,0.02
15088,714.68,12345,0.3,0.06
15089,450.08,12622.9,0.78,0.04
15090,356.17,7014.04,0.69,0.05
15091,760.08,19740.4,0.43,0.04
15092,390.45,9119.47,0.75,0.04
15093,387.47,8928.45,0.75,0.04
15094,274.95,4289.49,0.71,0.06
15095,282.04,4440.67,0.7,0.06
15096,811.8,32254.4,0.61,0.03
15097,252.93,2975.64,0.58,0.09
15098,248.07,3117.07,0.64,0.08
15099,292.27,5076.66,0.75,0.06
15100,300.98,5282.95,0.73,0.06
15101,1510.72,112658,0.62,0.01
15102,1038.42,58317.8,0.68,0.02
15103,867,41001.4,0.69,0.02
15104,630.3,12381.8,0.39,0.05
15105,14894,9269220,0.52,0
15106,854.09,12823.3,0.22,0.07
15107,2404.56,62359.3,0.14,0.04
15108,9783.75,4078940,0.54,0
15109,7442.41,3603480,0.82,0
15110,1591.87,135301,0.67,0.01
15111,977.87,59234.6,0.78,0.02
15112,899.85,43367.1,0.67,0.02
15113,6537.76,1671590,0.49,0
15114,1337.35,111184,0.78,0.01
15115,677.25,26837.1,0.73,0.03
15116,3608.35,623784,0.6,0.01
15117,462.35,13974.2,0.82,0.03
15118,1630.17,148275,0.7,0.01
15119,346.48,7134.64,0.75,0.05
15120,79.83,275.12,0.54,0.29
15121,320.33,2267.03,0.28,0.14
15122,3041.35,475156,0.65,0.01
15123,1482.06,113803,0.65,0.01
15124,5041.71,759141,0.38,0.01
15125,498.9,14554.9,0.73,0.03
15126,1048.66,65019.6,0.74,0.02
15127,850.96,42479.5,0.74,0.02
15128,689.12,24521,0.65,0.03
15129,465.68,12913.5,0.75,0.04
15130,1266.53,101622,0.8,0.01
15131,1234.87,96117,0.79,0.01
15132,2069.82,205992,0.6,0.01
15133,3078.9,556397,0.74,0.01
15134,3588.8,649022,0.63,0.01
15135,1496.97,117778,0.66,0.01
15136,185.85,1117.26,0.41,0.17
15137,1025.24,59513.2,0.71,0.02
15138,810.99,33933.1,0.65,0.02
15139,942.65,54720.1,0.77,0.02
15140,960.6,49973.6,0.68,0.02
15141,4063.51,192029,0.15,0.02
15142,1156.12,78305.1,0.74,0.01
15143,3061.09,264144,0.35,0.01
15144,686.69,27865.4,0.74,0.02
15145,1851.01,201743,0.74,0.01
15146,1142.05,60435.2,0.58,0.02
15147,972.33,50792.2,0.67,0.02
15148,1238.79,94770,0.78,0.01
15149,4811.1,938556,0.51,0.01
15150,155.14,967.02,0.5,0.16
15151,1035.64,3480.5,0.04,0.3
15152,1158.52,57148.1,0.53,0.02
15153,884.53,36679.5,0.59,0.02
15154,1386.01,112448,0.74,0.01
15155,1365.72,104028,0.7,0.01
15156,2843.2,240054,0.37,0.01
15157,561.82,14216.6,0.57,0.04
15158,773.11,38575.4,0.81,0.02
15159,811.33,28627.8,0.55,0.03
15160,408.42,8429.54,0.63,0.05
15161,371.28,6335.26,0.58,0.06
15162,220.98,3125.05,0.8,0.07
15163,1104.89,19811.5,0.2,0.06
15164,319.43,5673.69,0.7,0.06
15165,602.42,16681.6,0.58,0.04
15166,1327.14,105979,0.76,0.01
15167,3023.38,531261,0.73,0.01
15168,201.14,764.13,0.24,0.26
15169,3125.46,583865,0.75,0.01
15170,4334.88,832851,0.56,0.01
15171,1380.95,7738.79,0.05,0.18
15172,3850.67,418962,0.35,0.01
15173,424.28,10202,0.71,0.04
15174,739.73,33383.9,0.77,0.02
15175,3809.14,694552,0.6,0.01
15176,1935.55,127058,0.43,0.02
15177,620.92,21848.1,0.71,0.03
15178,595.17,14376.9,0.51,0.04
15179,141.08,352.33,0.22,0.4
15180,1532.73,143485,0.77,0.01
15181,2596.85,416313,0.78,0.01
15182,2628.09,418197,0.76,0.01
15183,493.77,2269.99,0.12,0.22
15184,1325.4,100674,0.72,0.01
15185,1411.7,108755,0.69,0.01
15186,1032.9,46246.7,0.54,0.02
15187,1041.43,46863.5,0.54,0.02
15188,19.11,16.81,0.58,1.14
15189,3266.93,619254,0.73,0.01
15190,2362.38,105307,0.24,0.02
15191,57,120.66,0.47,0.47
15192,328.89,1002.42,0.12,0.33
15193,6961.98,682705,0.18,0.01
15194,659.86,26821.6,0.77,0.02
15195,670.21,27689.8,0.77,0.02
15196,599.79,21531.7,0.75,0.03
15197,549.64,18393.7,0.76,0.03
15198,795.6,24567.1,0.49,0.03
15199,225.72,3056.91,0.75,0.07
15200,380.92,9070.86,0.79,0.04
15201,788.81,3742.01,0.08,0.21
15202,785.75,27302.1,0.56,0.03
15203,1286.92,101086,0.77,0.01
15204,46.85,157.59,0.9,0.3
15205,70.79,383.48,0.96,0.18
15206,60.83,164.06,0.56,0.37
15207,480.67,15001.9,0.82,0.03
15208,303.01,4953.74,0.68,0.06
15209,458.19,11199.5,0.67,0.04
15210,122.76,886.79,0.74,0.14
15211,125.78,846.55,0.67,0.15
15212,169.1,1533.05,0.67,0.11
15213,80.18,231.8,0.45,0.35
15214,172.72,963.07,0.41,0.18
15215,391.72,9111.54,0.75,0.04
15216,1539.59,141557,0.75,0.01
15217,1693.07,169946,0.74,0.01
15218,1027.98,62166.6,0.74,0.02
15219,666.93,4305.3,0.12,0.15
15220,397.82,3590.15,0.28,0.11
15221,108.24,318.84,0.34,0.34
15222,887.76,5567.66,0.09,0.16
15223,1085.8,49036.9,0.52,0.02
15224,1066.52,44261.1,0.49,0.02
15225,464.25,8011.24,0.47,0.06
15226,372.74,7445.62,0.67,0.05
15227,638.11,23147,0.71,0.03
15228,376.17,7145.74,0.63,0.05
15229,533.47,14739.2,0.65,0.04
15230,768.84,17407.1,0.37,0.04
15231,157.14,1319.39,0.67,0.12
15232,401.2,9855.27,0.77,0.04
15233,707.14,16439.1,0.41,0.04
15234,3619.71,208960,0.2,0.02
15235,748.05,34961.1,0.78,0.02
15236,3722.99,577687,0.52,0.01
15237,445.53,2721.77,0.17,0.16
15238,169.45,1332.88,0.58,0.13
15239,922.86,16372.2,0.24,0.06
15240,215.59,2748.58,0.74,0.08
15241,248.15,2824.3,0.58,0.09
15242,986.99,18549,0.24,0.05
15243,229.45,3157.01,0.75,0.07
15244,123.06,804.01,0.67,0.15
15245,157.64,1198.98,0.61,0.13
15246,149.67,1097.29,0.62,0.14
15247,439.7,12115.7,0.79,0.04
15248,990.29,58329.7,0.75,0.02
15249,526.78,12426.1,0.56,0.04
15250,286.28,4865.78,0.75,0.06
15251,260.48,3775.62,0.7,0.07
15252,249.31,2683.16,0.54,0.09
15253,330.18,6640.18,0.77,0.05
15254,15644.3,3311030,0.17,0
15255,1705.98,35700.8,0.15,0.05
15256,1732.78,122826,0.51,0.01
15257,292.47,4327.36,0.64,0.07
15258,1079.27,59315.9,0.64,0.02
15259,309.04,5239.71,0.69,0.06
15260,293.1,4398.72,0.64,0.07
15261,297.44,4606.39,0.65,0.06
15262,289.54,4298.13,0.64,0.07
15263,294.81,4459.31,0.64,0.07
15264,297.82,4636.2,0.66,0.06
15265,301.75,4805.85,0.66,0.06
15266,290.74,4482.46,0.67,0.06
15267,331.98,5323.01,0.61,0.06
15268,283.55,3838.13,0.6,0.07
15269,890.78,37446.4,0.59,0.02
15270,334,6208.49,0.7,0.05
15271,426.37,8100.9,0.56,0.05
15272,363.19,6215.68,0.59,0.06
15273,390.99,7035.99,0.58,0.06
15274,2365.11,36478.7,0.08,0.06
15275,218.46,2184.09,0.57,0.1
15276,281.77,3478,0.55,0.08
15277,324.77,4583.31,0.55,0.07
15278,300.86,3572.92,0.5,0.08
15279,321.34,3816.03,0.46,0.08
15280,339.5,4761.95,0.52,0.07
15281,306.02,4793.21,0.64,0.06
15282,295.21,4154.46,0.6,0.07
15283,68.57,2.09,0.01,32.81
15284,338.43,6052.28,0.66,0.06
15285,215.73,1853.56,0.5,0.12
15286,255.86,3961.48,0.76,0.06
15287,212.63,2419.18,0.67,0.09
15288,213.63,2481.78,0.68,0.09
15289,212.93,2466.44,0.68,0.09
15290,215.02,2537.11,0.69,0.08
15291,212.79,2469.36,0.68,0.09
15292,373.1,8318.26,0.75,0.04
15293,213.59,2476.87,0.68,0.09
15294,309.11,3766.59,0.5,0.08
15295,232.43,2654.81,0.62,0.09
15296,214.76,2520.56,0.69,0.09
15297,281.56,4193.29,0.66,0.07
15298,243.2,3251.15,0.69,0.07
15299,213.67,2487.37,0.68,0.09
15300,372.12,5205.19,0.47,0.07
15301,332.19,4541.51,0.52,0.07
15302,297.42,4231.32,0.6,0.07
15303,256.4,3165.07,0.6,0.08
15304,221.85,2791.27,0.71,0.08
15305,216.12,2588.63,0.7,0.08
15306,219.49,2709.3,0.71,0.08
15307,255.93,3634.48,0.7,0.07
15308,272.77,4338.11,0.73,0.06
15309,261.17,3838.93,0.71,0.07
15310,265.37,3825.54,0.68,0.07
15311,261.58,3742.64,0.69,0.07
15312,528.37,15466.3,0.7,0.03
15313,213.74,2517.57,0.69,0.08
15314,215.14,2594.73,0.7,0.08
15315,256.2,3618.11,0.69,0.07
15316,243.31,3081.63,0.65,0.08
15317,257.92,3706.78,0.7,0.07
15318,257.08,3677.68,0.7,0.07
15319,220.04,2757.47,0.72,0.08
15320,220.78,2762.8,0.71,0.08
15321,211.79,2444.14,0.68,0.09
15322,212.28,2466.71,0.69,0.09
15323,211.85,2456.29,0.69,0.09
15324,212.81,2495.45,0.69,0.09
15325,209.94,2398.09,0.68,0.09
15326,211.25,2449.7,0.69,0.09
15327,210,2399.59,0.68,0.09
15328,246.38,3708.84,0.77,0.07
15329,735.23,3648.67,0.08,0.2
15330,1576.31,142974,0.72,0.01
15331,1211.44,81328.1,0.7,0.01
15332,1318.13,101732,0.74,0.01
15333,1867.15,216535,0.78,0.01
15334,1985.29,249247,0.79,0.01
15335,1491.46,109235,0.62,0.01
15336,1072.98,71157.3,0.78,0.02
15337,735.16,33630.9,0.78,0.02
15338,1339.78,50459.6,0.35,0.03
15339,1078.2,68164.8,0.74,0.02
15340,1502.28,35690.4,0.2,0.04
15341,645.8,14949.8,0.45,0.04
15342,1862.56,204940,0.74,0.01
15343,2680.78,340677,0.6,0.01
15344,1821.93,192818,0.73,0.01
15345,3231.73,396670,0.48,0.01
15346,3506.47,603629,0.62,0.01
15347,4329.68,840208,0.56,0.01
15348,1391.32,94441.1,0.61,0.01
15349,297.55,1871.32,0.27,0.16
15350,1137.37,57603.4,0.56,0.02
15351,315.4,3059.63,0.39,0.1
15352,1054.08,49766.7,0.56,0.02
15353,1376.88,75225.5,0.5,0.02
15354,3326.46,389049,0.44,0.01
15355,789.67,38017,0.77,0.02
15356,3351.79,379791,0.42,0.01
15357,553.76,18632.3,0.76,0.03
15358,588.32,10881,0.39,0.05
15359,505.42,10702.8,0.53,0.05
15360,493.75,16376.3,0.84,0.03
15361,696.55,28497.2,0.74,0.02
15362,2019.36,249331,0.77,0.01
15363,1767.81,195294,0.78,0.01
15364,1996.57,101404,0.32,0.02
15365,654.78,20251.9,0.59,0.03
15366,1148.87,56520,0.54,0.02
15367,2455.82,219848,0.46,0.01
15368,1367.76,110999,0.75,0.01
15369,1178.5,85681.7,0.77,0.01
15370,1255.45,93003.4,0.74,0.01
15371,1363.35,111798,0.76,0.01
15372,1260.51,86747.7,0.69,0.01
15373,1229.46,94600.5,0.79,0.01
15374,1056.83,59355.2,0.67,0.02
15375,1109.55,74124.5,0.76,0.01
15376,5350.4,772987,0.34,0.01
15377,729.78,29113.1,0.69,0.03
15378,1194.53,87235.9,0.77,0.01
15379,1112.2,76643.4,0.78,0.01
15380,960.84,57678.9,0.78,0.02
15381,1160.83,82641.7,0.77,0.01
15382,1641.5,148629,0.69,0.01
15383,529.91,3724.81,0.17,0.14
15384,282.48,1485.23,0.23,0.19
15385,248.37,1357.63,0.28,0.18
15386,683.71,15296.9,0.41,0.04
15387,1573.96,150747,0.76,0.01
15388,1592.19,154200,0.76,0.01
15389,1604.52,156961,0.77,0.01
15390,1295.51,35959.2,0.27,0.04
15391,369.09,5752.5,0.53,0.06
15392,597.64,13646.3,0.48,0.04
15393,463.43,8460.23,0.49,0.05
15394,772.22,20524.2,0.43,0.04
15395,854.14,31087.9,0.54,0.03
15396,1154.3,45800.4,0.43,0.03
15397,164.36,1019.37,0.47,0.16
15398,72.03,391.26,0.95,0.18
15399,154.41,872.96,0.46,0.18
15400,1845.79,212511,0.78,0.01
15401,1374.67,105963,0.7,0.01
15402,1733.45,106853,0.45,0.02
15403,382.32,587.62,0.05,0.65
15404,1835.97,109377,0.41,0.02
15405,1077.1,36488.3,0.4,0.03
15406,1107.26,40138,0.41,0.03
15407,1304.06,99864.8,0.74,0.01
15408,6050.31,624394,0.21,0.01
15409,1989.3,110568,0.35,0.02
15410,299.99,4188.72,0.58,0.07
15411,216.97,2672.75,0.71,0.08
15412,1313.23,104170,0.76,0.01
15413,582.14,16642.4,0.62,0.03
15414,310.24,5678.57,0.74,0.05
15415,276.87,4502.18,0.74,0.06
15416,2789.02,312068,0.5,0.01
15417,198.17,509,0.16,0.39
15418,1906.12,212306,0.73,0.01
15419,2824.67,398163,0.63,0.01
15420,1259.71,95814.4,0.76,0.01
15421,2609.51,181456,0.33,0.01
15422,989.75,59965.7,0.77,0.02
15423,1132.36,74866.6,0.73,0.02
15424,2194.53,269251,0.7,0.01
15425,6646.11,865491,0.25,0.01
15426,1425.01,56086.7,0.35,0.03
15427,912.38,50744.9,0.77,0.02
15428,1466.27,125361,0.73,0.01
15429,932.7,13884.7,0.2,0.07
15430,44.67,122.85,0.77,0.36
15431,1525.5,57913.2,0.31,0.03
15432,62.54,211.5,0.68,0.3
15433,329.27,5726.54,0.66,0.06
15434,805.41,30181,0.58,0.03
15435,266.6,2995.28,0.53,0.09
15436,293.44,3579.78,0.52,0.08
15437,288.73,3445.36,0.52,0.08
15438,325.95,3511.6,0.42,0.09
15439,363.61,5244.58,0.5,0.07
15440,80.8,316.66,0.61,0.26
15441,321.2,3735.41,0.45,0.09
15442,432.44,10893.2,0.73,0.04
15443,310.71,4084.35,0.53,0.08
15444,201.45,2428.05,0.75,0.08
15445,196.05,2225.66,0.73,0.09
15446,222.04,2832.11,0.72,0.08
15447,342.95,5182.96,0.55,0.07
15448,199.07,2263.02,0.72,0.09
15449,187.25,1987.35,0.71,0.09
15450,345.06,8271.82,0.87,0.04
15451,1682.23,172796,0.77,0.01
15452,1940.68,235761,0.79,0.01
15453,1396.14,101790,0.66,0.01
15454,1444.33,112585,0.68,0.01
15455,1127.18,44271,0.44,0.03
15456,2588.93,286132,0.54,0.01
15457,619.87,20259.9,0.66,0.03
15458,465.51,12100.1,0.7,0.04
15459,546.69,11105,0.47,0.05
15460,700.99,23111,0.59,0.03
15461,2538.43,318878,0.62,0.01
15462,65.53,220.45,0.64,0.3
15463,9399.34,1016720,0.14,0.01
15464,2466.33,185364,0.38,0.01
15465,459.7,11111.4,0.66,0.04
15466,478.9,11817,0.65,0.04
15467,900.65,43877.5,0.68,0.02
15468,261.74,4088.39,0.75,0.06
15469,1263.03,31760.5,0.25,0.04
15470,773.91,34568.6,0.72,0.02
15471,298.75,4866.08,0.68,0.06
15472,137.95,1107.38,0.73,0.12
15473,370.53,7328.12,0.67,0.05
15474,407.32,6794.68,0.51,0.06
15475,174.91,1905.41,0.78,0.09
15476,170.28,1799.99,0.78,0.09
15477,732.72,26983.3,0.63,0.03
15478,94.1,411.48,0.58,0.23
15479,86.45,231.2,0.39,0.37
15480,387.81,3377.06,0.28,0.11
15481,645.66,23565.8,0.71,0.03
15482,3445.83,569581,0.6,0.01
15483,825.74,19670.6,0.36,0.04
15484,520.99,15542.8,0.72,0.03
15485,106.43,610.38,0.68,0.17
15486,147.3,1092.92,0.63,0.13
15487,1063.12,22845.2,0.25,0.05
15488,563.93,13698.1,0.54,0.04
15489,1169.42,59269.8,0.54,0.02
15490,1226.65,62066,0.52,0.02
15491,1165.64,67835.8,0.63,0.02
15492,740.48,36161.4,0.83,0.02
15493,785.59,38628.2,0.79,0.02
15494,282.33,3751.16,0.59,0.08
15495,759,29051.7,0.63,0.03
15496,152.78,1548.56,0.83,0.1
15497,713.03,25837.9,0.64,0.03
15498,346.85,7307.64,0.76,0.05
15499,707.43,31267.9,0.78,0.02
15500,359.36,8001.68,0.78,0.04
15501,724.31,27499.7,0.66,0.03
15502,106.66,770.04,0.85,0.14
15503,128.63,977.86,0.74,0.13
15504,126.84,951.29,0.74,0.13
15505,719.49,32301.7,0.78,0.02
15506,520.31,15870.8,0.74,0.03
15507,317.04,4759.02,0.59,0.07
15508,399.88,6726.87,0.53,0.06
15509,868.39,35785.1,0.6,0.02
15510,127.89,639.34,0.49,0.2
15511,95.2,401.84,0.56,0.24
15512,670.79,13534.2,0.38,0.05
15513,235.99,1296.35,0.29,0.18
15514,86.78,266.02,0.44,0.33
15515,1324.71,66881.6,0.48,0.02
15516,5136.56,1007940,0.48,0.01
15517,1384.15,40526.9,0.27,0.03
15518,6560.89,2607320,0.76,0
15519,625.41,10891.1,0.35,0.06
15520,1332.87,96786.6,0.68,0.01
15521,1342.68,72451.2,0.5,0.02
15522,1710.27,177738,0.76,0.01
15523,45.71,93.1,0.56,0.49
15524,2093.88,98632.3,0.28,0.02
15525,989.08,61970.1,0.8,0.02
15526,325.09,3296.04,0.39,0.1
15527,355.72,7297.42,0.72,0.05
15528,1549.06,79634.8,0.42,0.02
15529,628.13,22075.6,0.7,0.03
15530,2867.88,413587,0.63,0.01
15531,1380.39,109730,0.72,0.01
15532,1366.2,106232,0.71,0.01
15533,911.62,52211.4,0.79,0.02
15534,3420.22,417146,0.45,0.01
15535,833.23,21137.7,0.38,0.04
15536,266.45,4116.35,0.73,0.06
15537,97.38,345.76,0.46,0.28
15538,208.86,1939.96,0.56,0.11
15539,1089.69,41964.6,0.44,0.03
15540,719.28,31151.3,0.76,0.02
15541,587.4,20670.5,0.75,0.03
15542,350.87,3596.45,0.37,0.1
15543,915.63,31079.7,0.47,0.03
15544,365.91,8346.55,0.78,0.04
15545,1504.19,54926.9,0.3,0.03
15546,761.53,35059.2,0.76,0.02
15547,538.76,13888.4,0.6,0.04
15548,1127.3,74325.6,0.73,0.02
15549,1933.07,196669,0.66,0.01
15550,2820.06,274194,0.43,0.01
15551,452.74,12342.1,0.76,0.04
15552,649.22,16063,0.48,0.04
15553,2340.77,149460,0.34,0.02
15554,425.65,11307.9,0.78,0.04
15555,1910.32,223924,0.77,0.01
15556,2113.09,276587,0.78,0.01
15557,1356.11,112835,0.77,0.01
15558,1211.39,86315.7,0.74,0.01
15559,792.46,17191.4,0.34,0.05
15560,1293.5,97129.1,0.73,0.01
15561,1155.77,83960.1,0.79,0.01
15562,65.15,179.71,0.53,0.36
15563,1235.8,91603,0.75,0.01
15564,1090.29,72986.3,0.77,0.01
15565,1611.36,124683,0.6,0.01
15566,1289.68,101799,0.77,0.01
15567,416.04,10553,0.77,0.04
15568,422.75,10003.5,0.7,0.04
15569,469.28,12297.9,0.7,0.04
15570,1179.16,43433.9,0.39,0.03
15571,195.14,2574.85,0.85,0.08
15572,384.98,9476.16,0.8,0.04
15573,1132.35,42874.4,0.42,0.03
15574,968.25,54175.4,0.73,0.02
15575,58.51,260.98,0.96,0.22
15576,1146.9,62446.4,0.6,0.02
15577,502.96,13785.4,0.68,0.04
15578,1207.24,44278.2,0.38,0.03
15579,935,26761.5,0.38,0.03
15580,220.58,1454.56,0.38,0.15
15581,1443.05,114890,0.69,0.01
15582,1466.33,124433,0.73,0.01
15583,4140.88,1044000,0.76,0
15584,5854.92,549036,0.2,0.01
15585,79.51,393.09,0.78,0.2
15586,114.05,329.7,0.32,0.35
15587,53.02,140.35,0.63,0.38
15588,2803.93,464418,0.74,0.01
15589,2245.72,311736,0.78,0.01
15590,2012.25,244632,0.76,0.01
15591,1396.88,119277,0.77,0.01
15592,1451.36,130069,0.78,0.01
15593,1245.97,69620,0.56,0.02
15594,1334.05,97947,0.69,0.01
15595,1106.86,32648.3,0.33,0.03
15596,1324.42,41617.9,0.3,0.03
15597,2005.66,238221,0.74,0.01
15598,6294.3,2305690,0.73,0
15599,5546.92,844596,0.34,0.01
15600,1160.47,70541.2,0.66,0.02
15601,2763.7,445539,0.73,0.01
15602,2982.05,532390,0.75,0.01
15603,3342.91,611623,0.69,0.01
15604,2501.7,387972,0.78,0.01
15605,96.17,263.62,0.36,0.36
15606,821.27,37865.5,0.71,0.02
15607,2111.37,279157,0.79,0.01
15608,834.84,40954.4,0.74,0.02
15609,1055.26,38060.4,0.43,0.03
15610,14386.2,4869980,0.3,0
15611,905.82,38772.5,0.59,0.02
15612,1466.63,78488.9,0.46,0.02
15613,518.05,16840.3,0.79,0.03
15614,450.97,12745.9,0.79,0.04
15615,213.72,1741.17,0.48,0.12
15616,1454.28,109393,0.65,0.01
15617,1047.94,25252.6,0.29,0.04
15618,683.3,24293.6,0.65,0.03
15619,396.5,7525.65,0.6,0.05
15620,836.7,18663.1,0.33,0.04
15621,264.29,4351.67,0.78,0.06
15622,296.21,5489.66,0.79,0.05
15623,285.12,5218.71,0.81,0.05
15624,62.03,173.16,0.57,0.36
15625,7128.27,978661,0.24,0.01
15626,181.93,2080.31,0.79,0.09
15627,709.81,15934.9,0.4,0.04
15628,183.35,1025.53,0.38,0.18
15629,505.27,15289.1,0.75,0.03
15630,379.06,8954.25,0.78,0.04
15631,1114.65,21874.6,0.22,0.05
15632,397.67,9706.4,0.77,0.04
15633,110.07,867.93,0.9,0.13
15634,371.83,8592.69,0.78,0.04
15635,254.9,3568.67,0.69,0.07
15636,647.73,12746,0.38,0.05
15637,133.69,917.82,0.64,0.15
15638,15.03,8.32,0.46,1.81
15639,461.8,11054.4,0.65,0.04
15640,440.82,7208.73,0.47,0.06
15641,267.41,3187.15,0.56,0.08
15642,276.67,3604.37,0.59,0.08
15643,405.07,10146.7,0.78,0.04
15644,505.06,11947.9,0.59,0.04
15645,680.62,29128.1,0.79,0.02
15646,14126.8,5635170,0.35,0
15647,3654.61,829985,0.78,0
15648,971.69,46918.8,0.62,0.02
15649,272.66,3242.24,0.55,0.08
15650,712.3,36299.8,0.9,0.02
15651,1122.15,49155.4,0.49,0.02
15652,368.86,8222.95,0.76,0.04
15653,377.62,7293.94,0.64,0.05
15654,206.53,2108.94,0.62,0.1
15655,4017.61,860565,0.67,0
15656,5837.75,1587040,0.58,0
15657,79.18,297.13,0.6,0.27
15658,1253.2,55746,0.45,0.02
15659,1990.79,252725,0.8,0.01
15660,9.22,0.04,0.01,230.5
15661,3694.85,374993,0.35,0.01
15662,4010.85,424516,0.33,0.01
15663,925.85,42882,0.63,0.02
15664,172.3,1081.01,0.46,0.16
15665,563.73,19806.3,0.78,0.03
15666,142.26,604.56,0.38,0.24
15667,568.07,11471.9,0.45,0.05
15668,157.28,932.16,0.47,0.17
15669,460.28,8188.31,0.49,0.06
15670,426.26,6065.88,0.42,0.07
15671,435.23,6289.69,0.42,0.07
15672,549.92,10596.3,0.44,0.05
15673,544.49,11249.4,0.48,0.05
15674,179.62,1372.69,0.53,0.13
15675,700.11,10416.7,0.27,0.07
15676,143.99,901.81,0.55,0.16
15677,645.6,7540.17,0.23,0.09
15678,622.65,4089.66,0.13,0.15
15679,207.23,2306.34,0.67,0.09
15680,1171.76,3510.09,0.03,0.33
15681,2679.23,224078,0.39,0.01
15682,943.83,40497.7,0.57,0.02
15683,3881.09,647050,0.54,0.01
15684,1517.8,134938,0.74,0.01
15685,1019.29,40428.1,0.49,0.03
15686,3779.83,567587,0.5,0.01
15687,798.57,25556.1,0.5,0.03
15688,571.87,12097.5,0.46,0.05
15689,2442.67,330842,0.7,0.01
15690,3524.2,563578,0.57,0.01
15691,1447.64,115478,0.69,0.01
15692,4220.69,493601,0.35,0.01
15693,245.18,1969.69,0.41,0.12
15694,696.16,37126,0.96,0.02
15695,276.36,2877.4,0.47,0.1
15696,268.41,2267.93,0.4,0.12
15697,2471.27,372055,0.77,0.01
15698,3396.8,594643,0.65,0.01
15699,1148.69,82028.8,0.78,0.01
15700,1628.63,156273,0.74,0.01
15701,1851.84,213696,0.78,0.01
15702,4911.45,601359,0.31,0.01
15703,470.16,8618.68,0.49,0.05
15704,606.02,17893,0.61,0.03
15705,754.98,34402,0.76,0.02
15706,556.98,14699.8,0.6,0.04
15707,590.84,19452.1,0.7,0.03
15708,1314.62,92405.5,0.67,0.01
15709,600.02,15986.1,0.56,0.04
15710,870.14,44091.4,0.73,0.02
15711,1359.83,77148.2,0.52,0.02
15712,590.94,20912.8,0.75,0.03
15713,705.5,30257,0.76,0.02
15714,799.17,39574,0.78,0.02
15715,2501.01,162523,0.33,0.02
15716,478.5,11121.4,0.61,0.04
15717,1189.93,83612.8,0.74,0.01
15718,2590.57,321672,0.6,0.01
15719,506.94,15708.8,0.77,0.03
15720,276.6,3826.61,0.63,0.07
15721,255.76,3540.39,0.68,0.07
15722,577.91,20664.9,0.78,0.03
15723,551.57,14569.4,0.6,0.04
15724,874.52,42393.9,0.7,0.02
15725,519.7,15375.4,0.72,0.03
15726,745.12,34419.3,0.78,0.02
15727,1063.46,68537.4,0.76,0.02
15728,225.2,2877.42,0.71,0.08
15729,765.26,34204.1,0.73,0.02
15730,426.33,10125.8,0.7,0.04
15731,440.49,8687.33,0.56,0.05
15732,510.03,15473.3,0.75,0.03
15733,1161.44,71802.2,0.67,0.02
15734,321,4136.91,0.5,0.08
15735,1647.92,164421,0.76,0.01
15736,3227.06,405983,0.49,0.01
15737,1556.4,144717,0.75,0.01
15738,1434.35,132778,0.81,0.01
15739,314.02,4065.88,0.52,0.08
15740,382.73,6988.94,0.6,0.05
15741,1045.89,29359.3,0.34,0.04
15742,2299.5,134392,0.32,0.02
15743,554.26,16201.1,0.66,0.03
15744,431.1,11214,0.76,0.04
15745,35.86,61.24,0.6,0.59
15746,3171.79,528029,0.66,0.01
15747,1065.84,22231.6,0.25,0.05
15748,249.81,1831.26,0.37,0.14
15749,886.64,46211.7,0.74,0.02
15750,2300.65,271366,0.64,0.01
15751,1783.59,136414,0.54,0.01
15752,2026.19,146573,0.45,0.01
15753,1174.73,85857.9,0.78,0.01
15754,1059.89,65402.6,0.73,0.02
15755,1048.42,57725.8,0.66,0.02
15756,40.23,83.18,0.65,0.48
15757,916.01,50584.5,0.76,0.02
15758,860.47,42416.6,0.72,0.02
15759,2443.38,227658,0.48,0.01
15760,973.46,50615.3,0.67,0.02
15761,929.99,51873.6,0.75,0.02
15762,521.39,7649.8,0.35,0.07
15763,1245.34,96059.7,0.78,0.01
15764,198.93,1245.09,0.4,0.16
15765,1905.1,226564,0.78,0.01
15766,1859.79,161239,0.59,0.01
15767,1589.02,153716,0.76,0.01
15768,1558.14,146907,0.76,0.01
15769,2367.09,248185,0.56,0.01
15770,1118.12,37687.9,0.38,0.03
15771,730.43,28017.5,0.66,0.03
15772,72.96,419.72,0.99,0.17
15773,2010.62,250661,0.78,0.01
15774,1536.43,142301,0.76,0.01
15775,1543,142086,0.75,0.01
15776,1279.78,100409,0.77,0.01
15777,1414.04,122790,0.77,0.01
15778,1467.09,129847,0.76,0.01
15779,3286.85,226908,0.26,0.01
15780,642.35,19878.7,0.61,0.03
15781,91.93,124.62,0.19,0.74
15782,1653.84,169720,0.78,0.01
15783,763.64,16244,0.35,0.05
15784,429.04,8901.34,0.61,0.05
15785,312.76,5394.58,0.69,0.06
15786,364.09,8012.5,0.76,0.05
15787,643.83,25301,0.77,0.03
15788,461.74,7293.21,0.43,0.06
15789,379.02,8108.75,0.71,0.05
15790,411.46,5480.8,0.41,0.08
15791,463.26,10992,0.64,0.04
15792,372.04,5286.55,0.48,0.07
15793,429.11,11257.6,0.77,0.04
15794,424.51,9550.12,0.67,0.04
15795,439.2,10916,0.71,0.04
15796,1253.97,30628.4,0.24,0.04
15797,1691.68,177991,0.78,0.01
15798,670.15,11242,0.31,0.06
15799,336.44,6519.56,0.72,0.05
15800,333.77,6387.38,0.72,0.05
15801,1618.87,161178,0.77,0.01
15802,1468.6,133083,0.78,0.01
15803,2512.08,201479,0.4,0.01
15804,459.38,14315.6,0.85,0.03
15805,54.23,138.25,0.59,0.39
15806,1477.72,64555.1,0.37,0.02
15807,224.6,3141.23,0.78,0.07
15808,222.94,2880.18,0.73,0.08
15809,296.81,3382.54,0.48,0.09
15810,1122.69,76782.3,0.77,0.01
15811,3093.97,354431,0.47,0.01
15812,842.72,26537.3,0.47,0.03
15813,761.09,32874.9,0.71,0.02
15814,644.39,22653.6,0.69,0.03
15815,634.78,25123.3,0.78,0.03
15816,606.51,24043.6,0.82,0.03
15817,558.98,12766.9,0.51,0.04
15818,275.42,4705.76,0.78,0.06
15819,268.87,4484.18,0.78,0.06
15820,424.88,9658.71,0.67,0.04
15821,332.71,6557.24,0.74,0.05
15822,341.81,6978.99,0.75,0.05
15823,221.99,2867.17,0.73,0.08
15824,210.67,2664.43,0.75,0.08
15825,266.76,3842.64,0.68,0.07
15826,876.16,46342.3,0.76,0.02
15827,751.59,11695.3,0.26,0.06
15828,175.65,1922.84,0.78,0.09
15829,1187.14,57020.2,0.51,0.02
15830,1131.5,52425.8,0.51,0.02
15831,374.73,8847.17,0.79,0.04
15832,1690.88,112313,0.49,0.02
15833,1026.5,55614.2,0.66,0.02
15834,32.31,60.75,0.73,0.53
15835,1053.79,66402.2,0.75,0.02
15836,185.57,1910.33,0.7,0.1
15837,764.01,13738.7,0.3,0.06
15838,413.1,6571.01,0.48,0.06
15839,877.12,20463.1,0.33,0.04
15840,729.42,8684.62,0.21,0.08
15841,1005.3,58756.3,0.73,0.02
15842,705.8,28049.9,0.71,0.03
15843,503.84,13935.9,0.69,0.04
15844,510.67,8955.39,0.43,0.06
15845,398.04,9676.97,0.77,0.04
15846,420.08,10865.4,0.77,0.04
15847,894.81,20083.8,0.32,0.04
15848,299.35,5243.96,0.73,0.06
15849,815.51,30691.2,0.58,0.03
15850,221.94,2944.72,0.75,0.08
15851,226.65,3252.64,0.8,0.07
15852,209.13,2676.15,0.77,0.08
15853,679.02,24929.5,0.68,0.03
15854,862.6,43827.9,0.74,0.02
15855,1477.06,93314.8,0.54,0.02
15856,855.19,29926.8,0.51,0.03
15857,646.11,25953.5,0.78,0.02
15858,2742.67,193292,0.32,0.01
15859,1193.06,71869.1,0.63,0.02
15860,892.78,42659.7,0.67,0.02
15861,770.16,29155.4,0.62,0.03
15862,374.1,8282.67,0.74,0.05
15863,452.47,11165.1,0.68,0.04
15864,929.46,30354.7,0.44,0.03
15865,927.64,48189.4,0.7,0.02
15866,1403.8,101272,0.65,0.01
15867,1016.99,60194.8,0.73,0.02
15868,1062.62,69352.4,0.77,0.02
15869,1981.87,158970,0.51,0.01
15870,929.77,44423.2,0.65,0.02
15871,1136.59,50544.8,0.49,0.02
15872,1496.82,124123,0.7,0.01
15873,477.72,11857.3,0.65,0.04
15874,1037.31,39993.7,0.47,0.03
15875,1267.62,36689.8,0.29,0.03
15876,824.7,36973.7,0.68,0.02
15877,554.45,19122.8,0.78,0.03
15878,1090.8,58473.1,0.62,0.02
15879,1197.93,62372.8,0.55,0.02
15880,847.42,40178.4,0.7,0.02
15881,866.09,45695.1,0.77,0.02
15882,711.16,27208.7,0.68,0.03
15883,894.17,25262.9,0.4,0.04
15884,904.31,49893.8,0.77,0.02
15885,1946.63,98856.9,0.33,0.02
15886,565.17,19524.8,0.77,0.03
15887,449.38,12114,0.75,0.04
15888,312.04,6201.89,0.8,0.05
15889,405.06,9869.15,0.76,0.04
15890,605.88,19381.3,0.66,0.03
15891,497.97,13548,0.69,0.04
15892,788.41,30980.6,0.63,0.03
15893,264.32,4342.69,0.78,0.06
15894,497.64,14584.8,0.74,0.03
15895,870.09,31594.8,0.52,0.03
15896,559.78,16404.6,0.66,0.03
15897,340.14,7271.6,0.79,0.05
15898,342.54,6907.32,0.74,0.05
15899,566.01,5580.27,0.22,0.1
15900,353.55,7828.16,0.79,0.05
15901,420.97,4509.36,0.32,0.09
15902,464.55,12583.2,0.73,0.04
15903,572.51,10354.6,0.4,0.06
15904,683.5,29066.3,0.78,0.02
15905,723.74,33857.5,0.81,0.02
15906,1373.48,114898,0.76,0.01
15907,1249.94,56965,0.46,0.02
15908,1124.23,74076.2,0.74,0.02
15909,761.02,35969.6,0.78,0.02
15910,48.34,91.91,0.49,0.53
15911,1282.16,97554.5,0.75,0.01
15912,930.56,54981.2,0.8,0.02
15913,922.84,53925.9,0.8,0.02
15914,500.72,14283.8,0.72,0.04
15915,794.45,13824.7,0.28,0.06
15916,2043.76,242461,0.73,0.01
15917,614.11,20632.2,0.69,0.03
15918,1277.34,80114,0.62,0.02
15919,1258.17,46848,0.37,0.03
15920,1361.29,99452.3,0.67,0.01
15921,1288.98,68725,0.52,0.02
15922,2374.99,280073,0.62,0.01
15923,1200.5,63217.6,0.55,0.02
15924,1079.35,57767.1,0.62,0.02
15925,1338.37,81962.4,0.57,0.02
15926,580.97,13527.7,0.5,0.04
15927,404.17,9686.95,0.74,0.04
15928,974.79,56565.8,0.75,0.02
15929,889.12,42520.2,0.68,0.02
15930,2160.71,284417,0.77,0.01
15931,686.84,29796.6,0.79,0.02
15932,96.82,391.37,0.52,0.25
15933,929.81,52639.8,0.76,0.02
15934,1252.13,73347.9,0.59,0.02
15935,666.69,24671,0.7,0.03
15936,573.62,17336.6,0.66,0.03
15937,237.34,1660.48,0.37,0.14
15938,658.01,24851.8,0.72,0.03
15939,1612.83,123418,0.6,0.01
15940,542.23,18238.8,0.78,0.03
15941,26.78,43.47,0.76,0.62
15942,2283.94,183703,0.44,0.01
15943,1057.4,67381.2,0.76,0.02
15944,1020.32,62470.6,0.75,0.02
15945,1196.44,87729.5,0.77,0.01
15946,1331.93,106212,0.75,0.01
15947,60.01,279.5,0.97,0.21
15948,597.07,3116.21,0.11,0.19
15949,1012.61,41076.3,0.5,0.02
15950,958.51,46123.7,0.63,0.02
15951,672.54,27044.9,0.75,0.02
15952,2489.25,385302,0.78,0.01
15953,1475.06,120559,0.7,0.01
15954,2464.7,331473,0.69,0.01
15955,73.53,135.03,0.31,0.54
15956,1678.31,124291,0.55,0.01
15957,2255.35,137013,0.34,0.02
15958,76.67,161.9,0.35,0.47
15959,139.42,1037.09,0.67,0.13
15960,3514.52,176762,0.18,0.02
15961,842.96,39518.1,0.7,0.02
15962,888.69,46149.2,0.73,0.02
15963,909.17,46798.7,0.71,0.02
15964,912.93,47078.1,0.71,0.02
15965,887.72,46059.1,0.73,0.02
15966,951.61,52796.7,0.73,0.02
15967,906.9,46341.6,0.71,0.02
15968,934.08,51700.6,0.74,0.02
15969,707.34,29047.7,0.73,0.02
15970,3095.58,85636.5,0.11,0.04
15971,781.92,34416.6,0.71,0.02
15972,702.55,30203.2,0.77,0.02
15973,702.25,31056.4,0.79,0.02
15974,2353.48,267219,0.61,0.01
15975,970.18,59603.5,0.8,0.02
15976,1834.92,199127,0.74,0.01
15977,1756.42,180481,0.73,0.01
15978,1277.9,82035.9,0.63,0.02
15979,1281.82,26870.1,0.21,0.05
15980,1387.08,115920,0.76,0.01
15981,2328.64,210010,0.49,0.01
15982,7841.1,452702,0.09,0.02
15983,98,434.36,0.57,0.23
15984,560.93,8373.2,0.33,0.07
15985,690.91,8794.99,0.23,0.08
15986,184.96,2132.76,0.78,0.09
15987,295.19,4360.12,0.63,0.07
15988,335.55,6027.75,0.67,0.06
15989,1369.83,105212,0.7,0.01
15990,580.28,14937.6,0.56,0.04
15991,231.65,2956.38,0.69,0.08
15992,486.36,10019.2,0.53,0.05
15993,161.76,1005.32,0.48,0.16
15994,321.56,6209.65,0.75,0.05
15995,235.3,3343.69,0.76,0.07
15996,234.58,3295.8,0.75,0.07
15997,178.63,1292.39,0.51,0.14
15998,635.04,7128.28,0.22,0.09
15999,800.31,36868.6,0.72,0.02
16000,334.25,3626.22,0.41,0.09
16001,338.66,4877.07,0.53,0.07
16002,570.34,20067.7,0.77,0.03
16003,317.86,4388.86,0.55,0.07
16004,229.37,2837.51,0.68,0.08
16005,339.88,4865.77,0.53,0.07
16006,504.3,14480.9,0.72,0.03
16007,225.96,2942.1,0.72,0.08
16008,301.79,4662.47,0.64,0.06
16009,286.24,3747.31,0.57,0.08
16010,277.58,4726.84,0.77,0.06
16011,284.46,4934.2,0.77,0.06
16012,280.59,4962.06,0.79,0.06
16013,297.71,4307.11,0.61,0.07
16014,100.24,390.7,0.49,0.26
16015,198.57,2507.31,0.8,0.08
16016,244.94,3731.99,0.78,0.07
16017,3083.54,215054,0.28,0.01
16018,424.42,7694.1,0.54,0.06
16019,534.52,7934.78,0.35,0.07
16020,882.61,19503.4,0.31,0.05
16021,644.57,10720.7,0.32,0.06
16022,410.61,6110.18,0.46,0.07
16023,168.72,1725.86,0.76,0.1
16024,370.65,8279.01,0.76,0.04
16025,1665.06,24431.1,0.11,0.07
16026,323.85,3944.02,0.47,0.08
16027,499.04,12810.5,0.65,0.04
16028,375.46,8181.57,0.73,0.05
16029,394.14,4584.02,0.37,0.09
16030,270.06,4203.34,0.72,0.06
16031,248.13,3577.74,0.73,0.07
16032,278.86,4846.08,0.78,0.06
16033,325.05,6435.27,0.77,0.05
16034,281.36,4297.73,0.68,0.07
16035,825.66,17614.6,0.32,0.05
16036,674.62,10305.4,0.28,0.07
16037,234.7,2571.35,0.59,0.09
16038,277.41,4265.79,0.7,0.07
16039,298.52,3583.21,0.51,0.08
16040,209.91,2579.99,0.74,0.08
16041,279.86,3684.27,0.59,0.08
16042,330.44,5874.72,0.68,0.06
16043,298.49,5576.29,0.79,0.05
16044,621.87,15938.5,0.52,0.04
16045,245.67,2972.84,0.62,0.08
16046,249.78,3232.8,0.65,0.08
16047,256.83,3753.69,0.71,0.07
16048,1201.72,72958.4,0.63,0.02
16049,1902.79,189840,0.66,0.01
16050,362.68,8102.85,0.77,0.04
16051,1100.08,55622.1,0.58,0.02
16052,65.52,229.44,0.67,0.29
16053,1682.34,132581,0.59,0.01
16054,597.54,14411.8,0.51,0.04
16055,560.5,9872.76,0.39,0.06
16056,92.34,246.85,0.36,0.37
16057,2262.42,195143,0.48,0.01
16058,1017.52,70461.7,0.85,0.01
16059,882.92,45687.6,0.74,0.02
16060,2140.67,38587.6,0.11,0.06
16061,189.13,666.5,0.23,0.28
16062,1230.8,92709.8,0.77,0.01
16063,2903.45,378406,0.56,0.01
16064,1263.32,98399.3,0.77,0.01
16065,1216.06,62883.9,0.53,0.02
16066,994.85,54217.8,0.69,0.02
16067,531.06,17519.2,0.78,0.03
16068,1618.45,131202,0.63,0.01
16069,872.72,45800.6,0.76,0.02
16070,603.09,22518.8,0.78,0.03
16071,1262.62,99380.4,0.78,0.01
16072,1024.36,52261.1,0.63,0.02
16073,1589.35,145276,0.72,0.01
16074,629.39,25030.6,0.79,0.03
16075,1677.83,144851,0.65,0.01
16076,1117.92,61771.1,0.62,0.02
16077,280.77,1680.67,0.27,0.17
16078,1267.77,80066.1,0.63,0.02
16079,33.91,64.39,0.7,0.53
16080,54.34,231.68,0.99,0.23
16081,889.47,48025.3,0.76,0.02
16082,970.35,50866.8,0.68,0.02
16083,814.8,38841.9,0.73,0.02
16084,842.42,43582.9,0.77,0.02
16085,850.4,43294.8,0.75,0.02
16086,1314.79,108384,0.79,0.01
16087,1344.18,99935.9,0.69,0.01
16088,1870.47,191134,0.69,0.01
16089,1726.77,154978,0.65,0.01
16090,1197.42,78194.7,0.68,0.02
16091,1942.55,180659,0.6,0.01
16092,1729.34,107997,0.45,0.02
16093,2129.07,274521,0.76,0.01
16094,4907.87,455489,0.24,0.01
16095,1436.27,115906,0.71,0.01
16096,1502.97,129648,0.72,0.01
16097,368.49,8226.8,0.76,0.04
16098,120.48,646.49,0.56,0.19
16099,176.94,1493.17,0.6,0.12
16100,1577.14,41391.5,0.21,0.04
16101,1508.44,137955,0.76,0.01
16102,1019.32,63401.2,0.77,0.02
16103,824.3,34925.2,0.65,0.02
16104,2664.82,367341,0.65,0.01
16105,229.9,2572.64,0.61,0.09
16106,238.57,2918.99,0.64,0.08
16107,1085.22,63133.8,0.67,0.02
16108,487.6,12697.7,0.67,0.04
16109,1259.66,82871.6,0.66,0.02
16110,445.88,10606.3,0.67,0.04
16111,1243.98,94502.8,0.77,0.01
16112,1181.57,78712.9,0.71,0.02
16113,360.09,6332.68,0.61,0.06
16114,350.53,5979.14,0.61,0.06
16115,300.95,4277.33,0.59,0.07
16116,249.29,3584.46,0.72,0.07
16117,1537.98,43700.3,0.23,0.04
16118,389.75,6831.19,0.56,0.06
16119,232.03,2678.03,0.62,0.09
16120,340.36,5526.54,0.6,0.06
16121,297.84,4627.2,0.66,0.06
16122,72.84,191.11,0.45,0.38
16123,252.5,2971.29,0.59,0.08
16124,329.47,2840.28,0.33,0.12
16125,1728.98,63948.3,0.27,0.03
16126,251.55,3833.3,0.76,0.07
16127,362.24,6936.76,0.66,0.05
16128,273.16,3431.91,0.58,0.08
16129,131.26,1001.43,0.73,0.13
16130,143.27,1334.62,0.82,0.11
16131,69.72,386.55,1,0.18
16132,668.56,22863.9,0.64,0.03
16133,350.5,7682.66,0.79,0.05
16134,468.31,12518.3,0.72,0.04
16135,317.74,904.14,0.11,0.35
16136,187.3,313.39,0.11,0.6
16137,730.24,16929.1,0.4,0.04
16138,424.2,11089.7,0.77,0.04
16139,513.92,16072.2,0.76,0.03
16140,172.73,1362.25,0.57,0.13
16141,250.45,3126.98,0.63,0.08
16142,260.93,3511.12,0.65,0.07
16143,240.39,2467.32,0.54,0.1
16144,1998.79,78935.8,0.25,0.03
16145,2097.87,190182,0.54,0.01
16146,590.19,18762.2,0.68,0.03
16147,860.48,44497.8,0.75,0.02
16148,969.42,55890.4,0.75,0.02
16149,2437.05,373972,0.79,0.01
16150,1084.74,60538.6,0.65,0.02
16151,1018.32,62129.6,0.75,0.02
16152,287.25,1958.42,0.3,0.15
16153,986.14,7921.45,0.1,0.12
16154,1365.2,62399.7,0.42,0.02
16155,1129.19,78399,0.77,0.01
16156,1052.31,64097.8,0.73,0.02
16157,1341.62,33200,0.23,0.04
16158,402.99,9830.14,0.76,0.04
16159,992.16,55472.6,0.71,0.02
16160,1043.97,66718,0.77,0.02
16161,452.87,8876.67,0.54,0.05
16162,417.64,7135.05,0.51,0.06
16163,1930.11,203625,0.69,0.01
16164,602.38,8598.44,0.3,0.07
16165,2544.87,388531,0.75,0.01
16166,1887.73,165249,0.58,0.01
16167,736.13,26297.3,0.61,0.03
16168,55.66,159.72,0.65,0.35
16169,798.88,34595.5,0.68,0.02
16170,792.62,35157.9,0.7,0.02
16171,385.22,8634.92,0.73,0.04
16172,352.57,3884.71,0.39,0.09
16173,447.5,10538.4,0.66,0.04
16174,1226.16,95328.6,0.8,0.01
16175,990.27,58749,0.75,0.02
16176,1824.44,158700,0.6,0.01
16177,265.86,3697.42,0.66,0.07
16178,122.07,709.88,0.6,0.17
16179,346.95,7169.88,0.75,0.05
16180,462.06,9682.37,0.57,0.05
16181,588.4,12623.2,0.46,0.05
16182,311.04,5899.95,0.77,0.05
16183,390.58,2806.5,0.23,0.14
16184,291.3,4754.75,0.7,0.06
16185,278.05,4137.93,0.67,0.07
16186,347.11,6837.62,0.71,0.05
16187,345.87,7098.77,0.75,0.05
16188,282.25,4313.53,0.68,0.07
16189,284.42,4408.2,0.68,0.06
16190,343.9,6989.65,0.74,0.05
16191,93.8,204.73,0.29,0.46
16192,304.05,4797.33,0.65,0.06
16193,278.3,3852.17,0.62,0.07
16194,257,3601.32,0.68,0.07
16195,256.18,3649.45,0.7,0.07
16196,132.85,151.93,0.11,0.87
16197,79.13,81.13,0.16,0.98
16198,258.22,3620.82,0.68,0.07
16199,242.88,3676.88,0.78,0.07
16200,90.42,192.36,0.3,0.47
16201,561.56,20005.3,0.8,0.03
16202,714.65,12035.3,0.3,0.06
16203,1581.02,153021,0.77,0.01
16204,1568.9,146232,0.75,0.01
16205,1216.09,90875,0.77,0.01
16206,1108.71,75593,0.77,0.01
16207,318.85,4215.67,0.52,0.08
16208,389.78,6258.24,0.52,0.06
16209,2162.16,277436,0.75,0.01
16210,372.16,6608.07,0.6,0.06
16211,473.21,12504.3,0.7,0.04
16212,1712.24,178139,0.76,0.01
16213,3865.27,599619,0.5,0.01
16214,1962.53,195204,0.64,0.01
16215,1650.24,170841,0.79,0.01
16216,1784.64,180581,0.71,0.01
16217,1610.37,149401,0.72,0.01
16218,735.06,8858.39,0.21,0.08
16219,1061.6,13009.4,0.14,0.08
16220,1669.73,173885,0.78,0.01
16221,1499.72,137747,0.77,0.01
16222,1270.65,99659.5,0.78,0.01
16223,657.08,10707.9,0.31,0.06
16224,619.24,7215.15,0.24,0.09
16225,652.39,29102.3,0.86,0.02
16226,382.57,5884.47,0.5,0.07
16227,2207.3,274875,0.71,0.01
16228,2167.2,270488,0.72,0.01
16229,1025.9,56385.2,0.67,0.02
16230,1369.56,111448,0.75,0.01
16231,3665.03,389303,0.36,0.01
16232,325.03,6143.35,0.73,0.05
16233,3612.22,250419,0.24,0.01
16234,1381.91,54891.9,0.36,0.03
16235,5610.96,1555510,0.62,0
16236,1151.67,50583.8,0.48,0.02
16237,47.76,145.67,0.8,0.33
16238,324.14,5736.1,0.69,0.06
16239,258.04,3886.59,0.73,0.07
16240,283.86,4510.16,0.7,0.06
16241,324.89,6179.5,0.74,0.05
16242,235.54,3031.22,0.69,0.08
16243,273.49,3573.15,0.6,0.08
16244,902.95,55782.9,0.86,0.02
16245,324.83,6400.59,0.76,0.05
16246,309.54,5835.16,0.76,0.05
16247,51.37,172.21,0.82,0.3
16248,328.62,6283.33,0.73,0.05
16249,43.47,113.78,0.76,0.38
16250,1351.95,26674.1,0.18,0.05
16251,787.5,32435.8,0.66,0.02
16252,4464.25,1265710,0.8,0
16253,327.43,6383.12,0.75,0.05
16254,355.89,6474.21,0.64,0.05
16255,311.8,4645.04,0.6,0.07
16256,291.85,4621.44,0.68,0.06
16257,473.98,7967.27,0.45,0.06
16258,345.89,6639.9,0.7,0.05
16259,290.06,5222.03,0.78,0.06
16260,373.5,8300.13,0.75,0.04
16261,1699.11,110156,0.48,0.02
16262,718.38,17440.5,0.42,0.04
16263,249.97,3372.57,0.68,0.07
16264,332.99,5392.4,0.61,0.06
16265,483.96,13304.3,0.71,0.04
16266,536.77,16976.5,0.74,0.03
16267,413.13,9160.08,0.67,0.05
16268,139.25,902.98,0.58,0.15
16269,2096.36,238680,0.68,0.01
16270,1540.53,151446,0.8,0.01
16271,1391.2,119303,0.77,0.01
16272,1534.32,90534.7,0.48,0.02
16273,666.5,27010,0.76,0.02
16274,655.14,23590,0.69,0.03
16275,1306.19,103568,0.76,0.01
16276,539.68,1897.6,0.08,0.28
16277,1356.43,109381,0.75,0.01
16278,1394.72,88543.8,0.57,0.02
16279,654.84,26322.7,0.77,0.02
16280,297.28,4482.59,0.64,0.07
16281,338.38,5571.53,0.61,0.06
16282,374.13,6272.76,0.56,0.06
16283,859.5,38021.3,0.65,0.02
16284,486.51,7693.49,0.41,0.06
16285,496.27,9273.79,0.47,0.05
16286,1247.51,45074.8,0.36,0.03
16287,451.78,7736.57,0.48,0.06
16288,425.65,7978.1,0.55,0.05
16289,404.05,9318.62,0.72,0.04
16290,545.84,17706.1,0.75,0.03
16291,333.44,5295.33,0.6,0.06
16292,634.01,24986.5,0.78,0.03
16293,667.25,24117.2,0.68,0.03
16294,1062.21,59599,0.66,0.02
16295,615.74,23037.3,0.76,0.03
16296,1357.23,118122,0.81,0.01
16297,1541.37,142309,0.75,0.01
16298,1546.01,146327,0.77,0.01
16299,2560.43,295000,0.57,0.01
16300,419.69,9601.67,0.68,0.04
16301,88.55,439.23,0.7,0.2
16302,130.5,481.82,0.36,0.27
16303,135.55,420.67,0.29,0.32
16304,220.73,2557.24,0.66,0.09
16305,242.45,3406.27,0.73,0.07
16306,223.6,2822.34,0.71,0.08
16307,215.14,2693.85,0.73,0.08
16308,856.61,46199.6,0.79,0.02
16309,1295.67,86081.9,0.64,0.02
16310,1059.14,56563.7,0.63,0.02
16311,1487.02,96319.8,0.55,0.02
16312,1503.78,75699.2,0.42,0.02
16313,761.44,25024.1,0.54,0.03
16314,1158.28,82725.1,0.77,0.01
16315,1354.55,108105,0.74,0.01
16316,681.27,21204.1,0.57,0.03
16317,770.17,32679.5,0.69,0.02
16318,348.62,7545.33,0.78,0.05
16319,310.87,4064.04,0.53,0.08
16320,323.54,5159.76,0.62,0.06
16321,330.09,4920.71,0.57,0.07
16322,629.41,24578.9,0.78,0.03
16323,319.68,4986.57,0.61,0.06
16324,323.63,5025.85,0.6,0.06
16325,323.99,5177.82,0.62,0.06
16326,271.33,4604.23,0.79,0.06
16327,318.54,4321.87,0.53,0.07
16328,344.25,7139.02,0.76,0.05
16329,1006.67,42149,0.52,0.02
16330,346.35,7430.79,0.78,0.05
16331,188.27,1787.48,0.63,0.11
16332,547.67,14361,0.6,0.04
16333,171.86,1598.03,0.68,0.11
16334,740.14,33991.2,0.78,0.02
16335,3955.11,555376,0.45,0.01
16336,1512.49,61590.3,0.34,0.02
16337,147.56,1248.49,0.72,0.12
16338,1183.03,55018.9,0.49,0.02
16339,613.05,22607.3,0.76,0.03
16340,815.93,35251.8,0.67,0.02
16341,443.85,7326.44,0.47,0.06
16342,1692.73,63567.7,0.28,0.03
16343,642.97,11336.5,0.34,0.06
16344,310.42,6109.71,0.8,0.05
16345,427.79,8692.71,0.6,0.05
16346,3678.44,376276,0.35,0.01
16347,1724.55,172314,0.73,0.01
16348,548.26,17975.5,0.75,0.03
16349,636.16,24160.1,0.75,0.03
16350,809.13,14441.3,0.28,0.06
16351,1203.3,90971.6,0.79,0.01
16352,7569.69,3201390,0.7,0
16353,1307.36,106435,0.78,0.01
16354,2663.54,228632,0.4,0.01
16355,1082.88,64877.8,0.69,0.02
16356,1248.05,98963.7,0.8,0.01
16357,2696.57,195534,0.34,0.01
16358,3002.87,523217,0.73,0.01
16359,1024.21,61175.4,0.73,0.02
16360,1323.19,107298,0.77,0.01
16361,2358.92,24531,0.06,0.1
16362,6478.8,595570,0.18,0.01
16363,1188.48,85428.2,0.76,0.01
16364,892.24,47403.4,0.75,0.02
16365,964.62,55095.3,0.74,0.02
16366,1624.85,156336,0.74,0.01
16367,1575.28,61886.3,0.31,0.03
16368,997.54,58108.4,0.73,0.02
16369,852.25,45191.5,0.78,0.02
16370,2009.27,217099,0.68,0.01
16371,1484.28,105369,0.6,0.01
16372,37.36,76.97,0.69,0.49
16373,1259.98,46042.9,0.36,0.03
16374,263.75,2867.56,0.52,0.09
16375,1622.37,85734.5,0.41,0.02
16376,530.66,17298.6,0.77,0.03
16377,1097.34,43364.7,0.45,0.03
16378,1654.42,75593.9,0.35,0.02
16379,795.14,31570.6,0.63,0.03
16380,932.45,47273.4,0.68,0.02
16381,695.24,30092.2,0.78,0.02
16382,263.32,2086.57,0.38,0.13
16383,585.1,12834.5,0.47,0.05
16384,278.33,4839.73,0.78,0.06
16385,1644.41,171079,0.79,0.01
16386,1057.41,54410.5,0.61,0.02
16387,704.25,30277.7,0.77,0.02
16388,670.34,27546.7,0.77,0.02
16389,1782.59,193678,0.77,0.01
16390,546.1,14622.1,0.62,0.04
16391,590.86,17915.9,0.64,0.03
16392,330.2,5020.12,0.58,0.07
16393,453.9,11914.2,0.73,0.04
16394,419.08,10885.1,0.78,0.04
16395,1231.67,70496.6,0.58,0.02
16396,1687.48,169405,0.75,0.01
16397,1927.32,170587,0.58,0.01
16398,125.76,479.59,0.38,0.26
16399,1682.43,133099,0.59,0.01
16400,1231.11,72556.8,0.6,0.02
16401,634.97,9257.27,0.29,0.07
16402,1405.82,123784,0.79,0.01
16403,1614.14,158068,0.76,0.01
16404,503.76,11894.2,0.59,0.04
16405,356.23,2790.55,0.28,0.13
16406,1308.39,106543,0.78,0.01
16407,1494,136483,0.77,0.01
16408,1248.91,94351.6,0.76,0.01
16409,1739.19,185111,0.77,0.01
16410,974.95,56161.8,0.74,0.02
16411,1287.53,102537,0.78,0.01
16412,1530.45,144297,0.77,0.01
16413,2243.52,225234,0.56,0.01
16414,1716.43,166671,0.71,0.01
16415,1675.14,168745,0.76,0.01
16416,1260.57,59180.1,0.47,0.02
16417,865.5,45442.6,0.76,0.02
16418,1004.18,58526.5,0.73,0.02
16419,9521.3,3687360,0.51,0
16420,3296.16,342928,0.4,0.01
16421,328.89,6892.79,0.8,0.05
16422,827.62,38806.1,0.71,0.02
16423,381.6,8829.94,0.76,0.04
16424,297.94,4030.98,0.57,0.07
16425,326.07,5250.58,0.62,0.06
16426,385.47,9566.06,0.81,0.04
16427,433.34,8311.58,0.56,0.05
16428,299.66,2838.64,0.4,0.11
16429,376.71,5096.81,0.45,0.07
16430,1339.19,107233,0.75,0.01
16431,264.99,3796.62,0.68,0.07
16432,22.93,31.49,0.75,0.73
16433,317.75,6009.96,0.75,0.05
16434,174.91,1699.45,0.7,0.1
16435,662.6,19111.4,0.55,0.03
16436,211.2,2270.35,0.64,0.09
16437,208.14,2263.13,0.66,0.09
16438,6861.35,1590060,0.42,0
16439,3885.95,864794,0.72,0
16440,334.48,5126.39,0.58,0.07
16441,547.63,11610.8,0.49,0.05
16442,557.37,15865.9,0.64,0.04
16443,614.22,17632.8,0.59,0.03
16444,258.84,3312.83,0.62,0.08
16445,276.42,4719.16,0.78,0.06
16446,596.51,16718.3,0.59,0.04
16447,209.62,2229.47,0.64,0.09
16448,404.95,9432.33,0.72,0.04
16449,514.98,13005,0.62,0.04
16450,255.15,3196,0.62,0.08
16451,327.68,4644.51,0.54,0.07
16452,261.58,3129.68,0.57,0.08
16453,474.11,8457.73,0.47,0.06
16454,758.53,35867.7,0.78,0.02
16455,3525.14,486007,0.49,0.01
16456,1583.76,108900,0.55,0.01
16457,437.5,11400.8,0.75,0.04
16458,375.36,7460.15,0.67,0.05
16459,472.29,8970.54,0.51,0.05
16460,273.98,4387.52,0.73,0.06
16461,219.66,2947.9,0.77,0.07
16462,278.86,4847.76,0.78,0.06
16463,229.15,3070.13,0.73,0.07
16464,207.71,2578.58,0.75,0.08
16465,482.46,10163.8,0.55,0.05
16466,468.26,9173.08,0.53,0.05
16467,294.26,4376.03,0.63,0.07
16468,266.4,3188.96,0.56,0.08
16469,276.08,3148.81,0.52,0.09
16470,240.1,3542.79,0.77,0.07
16471,252.12,3751.34,0.74,0.07
16472,240.79,3595.31,0.78,0.07
16473,182.84,1667.87,0.63,0.11
16474,321.49,3917.41,0.48,0.08
16475,353,6481.32,0.65,0.05
16476,221.46,2827.32,0.72,0.08
16477,614.16,18987.3,0.63,0.03
16478,343.32,6984.08,0.74,0.05
16479,455.95,6258.54,0.38,0.07
16480,445.88,5195.26,0.33,0.09
16481,276.16,4757.4,0.78,0.06
16482,367.07,7666.28,0.71,0.05
16483,281.77,4948.04,0.78,0.06
16484,234.06,3169.09,0.73,0.07
16485,260.57,4241.65,0.78,0.06
16486,3002.2,517765,0.72,0.01
16487,3136.83,569192,0.73,0.01
16488,247.89,3463.22,0.71,0.07
16489,547.95,14397.2,0.6,0.04
16490,3166.88,644012,0.81,0
16491,2380.64,245440,0.54,0.01
16492,9553.56,3000650,0.41,0
16493,1443.4,69903,0.42,0.02
16494,1014.42,64174.9,0.78,0.02
16495,3909.38,356747,0.29,0.01
16496,1482.51,136488,0.78,0.01
16497,2184.43,291138,0.77,0.01
16498,1430.74,113847,0.7,0.01
16499,1547.26,131510,0.69,0.01
16500,5637.23,1287270,0.51,0
16501,464.38,12333.1,0.72,0.04
16502,802.26,18348.8,0.36,0.04
16503,399.19,9860.56,0.78,0.04
16504,242.89,3212.6,0.68,0.08
16505,247.82,3300.08,0.67,0.08
16506,237.69,2942.66,0.65,0.08
16507,249.73,3480.21,0.7,0.07
16508,245.77,3268.97,0.68,0.08
16509,236.65,3058.15,0.69,0.08
16510,244.99,3161.05,0.66,0.08
16511,240.68,3028.23,0.66,0.08
16512,247.83,3366.65,0.69,0.07
16513,422.2,7529.71,0.53,0.06
16514,466.97,10928.1,0.63,0.04
16515,583.66,20411.5,0.75,0.03
16516,308.21,5933.09,0.78,0.05
16517,255.28,3616.97,0.7,0.07
16518,529.56,15122.6,0.68,0.04
16519,327.41,6723.21,0.79,0.05
16520,771.41,33911.6,0.72,0.02
16521,244.86,3323.26,0.7,0.07
16522,240.6,3155.31,0.68,0.08
16523,234.54,3008.63,0.69,0.08
16524,321.23,6550.85,0.8,0.05
16525,244.41,3200.7,0.67,0.08
16526,232.6,2943.56,0.68,0.08
16527,242.18,3107.84,0.67,0.08
16528,240.92,3030.43,0.66,0.08
16529,233.87,2918.91,0.67,0.08
16530,326.5,6709.75,0.79,0.05
16531,244.86,3243.25,0.68,0.08
16532,1002.7,62932.2,0.79,0.02
16533,699.52,23756.5,0.61,0.03
16534,753.79,33022.6,0.73,0.02
16535,2863.63,413164,0.63,0.01
16536,1640.73,115336,0.54,0.01
16537,1026.06,46195,0.55,0.02
16538,783.33,19668.1,0.4,0.04
16539,920.8,46797,0.69,0.02
16540,3657.96,240426,0.23,0.02
16541,377.08,8734.25,0.77,0.04
16542,365.55,7573.43,0.71,0.05
16543,489.97,11955.9,0.63,0.04
16544,478.26,11514.1,0.63,0.04
16545,7741.43,2268280,0.48,0
16546,363.03,8166.7,0.78,0.04
16547,464.73,6840.46,0.4,0.07
16548,775.24,33868,0.71,0.02
16549,751.93,22565,0.5,0.03
16550,517.89,16555.9,0.78,0.03
16551,373.45,7944.17,0.72,0.05
16552,227.46,1764.59,0.43,0.13
16553,879.39,34188.2,0.56,0.03
16554,771.59,21148.8,0.45,0.04
16555,578.57,14460.7,0.54,0.04
16556,634.88,24620.1,0.77,0.03
16557,496.65,14569.5,0.74,0.03
16558,630.12,23626,0.75,0.03
16559,1283.52,88724.7,0.68,0.01
16560,605.22,22153.9,0.76,0.03
16561,6727.82,2860720,0.79,0
16562,1719.24,112830,0.48,0.02
16563,11158.3,3821520,0.39,0
16564,652.61,22178.8,0.65,0.03
16565,826.91,35674.2,0.66,0.02
16566,527.44,17126.8,0.77,0.03
16567,1302.96,80033.2,0.59,0.02
16568,2969.41,270060,0.38,0.01
16569,328.37,6346.82,0.74,0.05
16570,450.55,11791.5,0.73,0.04
16571,872.99,49410.4,0.81,0.02
16572,600.66,17173.9,0.6,0.03
16573,729.31,33716.3,0.8,0.02
16574,395.15,7127.55,0.57,0.06
16575,508.94,15979.6,0.77,0.03
16576,406.84,8279.3,0.63,0.05
16577,6821.04,1488270,0.4,0
16578,2303.05,208451,0.49,0.01
16579,1058.05,48443.7,0.54,0.02
16580,6022.85,1909270,0.66,0
16581,15161.3,5001600,0.27,0
16582,2207.68,241049,0.62,0.01
16583,134.5,398.62,0.28,0.34
16584,573.92,18677.5,0.71,0.03
16585,528.38,15439.3,0.69,0.03
16586,1717.75,133617,0.57,0.01
16587,561.18,15685.9,0.63,0.04
16588,962.97,56763.7,0.77,0.02
16589,983.8,53621.1,0.7,0.02
16590,1266.27,100851,0.79,0.01
16591,499.21,14464.2,0.73,0.03
16592,260.03,3616.92,0.67,0.07
16593,462.24,13070.1,0.77,0.04
16594,492.9,14892.6,0.77,0.03
16595,705.17,20776.7,0.52,0.03
16596,581.86,19439.6,0.72,0.03
16597,536.01,15190.3,0.66,0.04
16598,474.89,13704.1,0.76,0.03
16599,924.81,37278.2,0.55,0.02
16600,242.34,3559.85,0.76,0.07
16601,353.4,6685.11,0.67,0.05
16602,1166.27,73465.2,0.68,0.02
16603,267.28,4016.8,0.71,0.07
16604,224.09,2087.21,0.52,0.11
16605,292.2,5133.95,0.76,0.06
16606,489.34,12860.1,0.67,0.04
16607,703.8,23078.6,0.59,0.03
16608,563.32,6851.6,0.27,0.08
16609,805.83,38665.3,0.75,0.02
16610,567.04,19884.9,0.78,0.03
16611,399.23,8820.85,0.7,0.05
16612,8480.28,3580270,0.63,0
16613,1205.34,86105.7,0.74,0.01
16614,828.41,18071.5,0.33,0.05
16615,2278.02,315338,0.76,0.01
16616,804.27,34106.5,0.66,0.02
16617,386.86,9161.1,0.77,0.04
16618,430.32,11456.9,0.78,0.04
16619,697.43,29913.4,0.77,0.02
16620,521.06,13767.8,0.64,0.04
16621,613.09,23037.9,0.77,0.03
16622,720.27,21423.3,0.52,0.03
16623,356.72,5394.82,0.53,0.07
16624,4247.88,1053510,0.73,0
16625,484.4,10383.9,0.56,0.05
16626,2699.13,374965,0.65,0.01
16627,443.35,12175.7,0.78,0.04
16628,562.58,18284.8,0.73,0.03
16629,2731.33,281444,0.47,0.01
16630,1717.63,157451,0.67,0.01
16631,1755.2,184687,0.75,0.01
16632,480.7,13067.6,0.71,0.04
16633,230.65,2947.16,0.7,0.08
16634,286.16,5057.28,0.78,0.06
16635,254.75,4038.31,0.78,0.06
16636,488.37,15123.7,0.8,0.03
16637,302.53,4867.6,0.67,0.06
16638,273.17,3861.85,0.65,0.07
16639,477.66,13058.9,0.72,0.04
16640,464.75,11227.5,0.65,0.04
16641,729.64,29034.4,0.68,0.03
16642,571.33,18116.6,0.7,0.03
16643,379.33,8530.19,0.74,0.04
16644,466.48,12995.5,0.75,0.04
16645,289.14,5189.66,0.78,0.06
16646,371.71,8484.03,0.77,0.04
16647,1512.1,136041,0.75,0.01
16648,890.66,41217.1,0.65,0.02
16649,789.38,33097.3,0.67,0.02
16650,720.51,24774.4,0.6,0.03
16651,620.39,10853,0.35,0.06
16652,571.02,15247.4,0.59,0.04
16653,386.51,8531.83,0.72,0.05
16654,295.44,3016.14,0.43,0.1
16655,286.13,2855.23,0.44,0.1
16656,468.34,14041.6,0.8,0.03
16657,775.6,31933,0.67,0.02
16658,729.32,30215.3,0.71,0.02
16659,930.32,53092,0.77,0.02
16660,3179.33,546088,0.68,0.01
16661,4096.35,704778,0.53,0.01
16662,2064.34,263786,0.78,0.01
16663,1241.86,86251.1,0.7,0.01
16664,1083.85,54353.8,0.58,0.02
16665,2551.87,305351,0.59,0.01
16666,2065.51,246381,0.73,0.01
16667,2803.83,210237,0.34,0.01
16668,725.54,23342.9,0.56,0.03
16669,1602.2,157301,0.77,0.01
16670,1533.28,144062,0.77,0.01
16671,1765.31,170053,0.69,0.01
16672,1439.85,118873,0.72,0.01
16673,714.56,11269,0.28,0.06
16674,1077.47,71352.3,0.77,0.02
16675,1056.92,69700.3,0.78,0.02
16676,1875.35,179736,0.64,0.01
16677,3411.06,383361,0.41,0.01
16678,1736.54,185292,0.77,0.01
16679,727.74,31801.9,0.75,0.02
16680,1092.5,68660.2,0.72,0.02
16681,855.62,22971.2,0.39,0.04
16682,998.9,58669.7,0.74,0.02
16683,1603.12,143880,0.7,0.01
16684,1970.69,156440,0.51,0.01
16685,675.75,22606.4,0.62,0.03
16686,7983.31,2788630,0.55,0
16687,2366.1,274286,0.62,0.01
16688,1008.69,63497,0.78,0.02
16689,901.74,35917.7,0.55,0.03
16690,763.9,5811.15,0.13,0.13
16691,945.51,43685.2,0.61,0.02
16692,669.91,24160.9,0.68,0.03
16693,1015.62,56978.9,0.69,0.02
16694,1056.45,60246.7,0.68,0.02
16695,1416.71,105445,0.66,0.01
16696,2038.62,168317,0.51,0.01
16697,590.17,20707.2,0.75,0.03
16698,722.51,32975.5,0.79,0.02
16699,4105.77,734752,0.55,0.01
16700,4471.75,853360,0.54,0.01
16701,600.91,21882.5,0.76,0.03
16702,815.66,35855.9,0.68,0.02
16703,399.17,9629,0.76,0.04
16704,833.5,35318.8,0.64,0.02
16705,1000.82,52415,0.66,0.02
16706,443.22,11611.5,0.74,0.04
16707,2221.9,108035,0.27,0.02
16708,3109.35,343196,0.45,0.01
16709,1051.56,63542.7,0.72,0.02
16710,2494.4,281057,0.57,0.01
16711,1165.51,81955.3,0.76,0.01
16712,839.49,43239.2,0.77,0.02
16713,1247.52,85064.4,0.69,0.01
16714,961.17,57615.8,0.78,0.02
16715,838.47,42999.7,0.77,0.02
16716,2036.86,256696,0.78,0.01
16717,988.53,60795.4,0.78,0.02
16718,775.05,35662.4,0.75,0.02
16719,1664.23,171766,0.78,0.01
16720,1113.99,75622.1,0.77,0.01
16721,956.81,52776.8,0.72,0.02
16722,1605.35,157941,0.77,0.01
16723,974.57,57224.4,0.76,0.02
16724,1624.8,150137,0.71,0.01
16725,1254.29,93410.8,0.75,0.01
16726,1369.82,112724,0.75,0.01
16727,1840.44,205706,0.76,0.01
16728,1082.36,75173,0.81,0.01
16729,120.47,697.58,0.6,0.17
16730,506.65,15852.8,0.78,0.03
16731,1554.02,147390,0.77,0.01
16732,1546.14,148084,0.78,0.01
16733,2786.71,449929,0.73,0.01
16734,1577.62,152794,0.77,0.01
16735,1200.85,80418.2,0.7,0.01
16736,1521.21,141894,0.77,0.01
16737,3504.96,567445,0.58,0.01
16738,246.64,3416.74,0.71,0.07
16739,475.42,7840.32,0.44,0.06
16740,655.72,13236,0.39,0.05
16741,275.96,4195.78,0.69,0.07
16742,332.65,6816.39,0.77,0.05
16743,335.92,7081.47,0.79,0.05
16744,568.78,18307.6,0.71,0.03
16745,335.58,6526.25,0.73,0.05
16746,256.05,3533.68,0.68,0.07
16747,265.45,3724.98,0.66,0.07
16748,429.27,7036.61,0.48,0.06
16749,215.93,2714.41,0.73,0.08
16750,256.36,4024.82,0.77,0.06
16751,231.42,3333.42,0.78,0.07
16752,309.77,5343.34,0.7,0.06
16753,331.77,6468.6,0.74,0.05
16754,280.71,3611.17,0.58,0.08
16755,366.33,8002.11,0.75,0.05
16756,574.29,9671.69,0.37,0.06
16757,248.83,3347.86,0.68,0.07
16758,261.76,3645.67,0.67,0.07
16759,226.03,2813.62,0.69,0.08
16760,230.24,3094.36,0.73,0.07
16761,4829.31,962158,0.52,0.01
16762,4949.2,841196,0.43,0.01
16763,365.47,8308.42,0.78,0.04
16764,213.71,2723.38,0.75,0.08
16765,307.27,5620.59,0.75,0.05
16766,228.3,3033.91,0.73,0.08
16767,352.68,6474.56,0.65,0.05
16768,276.26,4754.28,0.78,0.06
16769,281.29,4912.62,0.78,0.06
16770,361.54,7434.31,0.71,0.05
16771,331.13,6483.28,0.74,0.05
16772,279.97,4149.83,0.66,0.07
16773,243.4,3688.79,0.78,0.07
16774,242.03,3634.09,0.78,0.07
16775,282.28,4914.02,0.77,0.06
16776,252.47,3890.61,0.77,0.06
16777,382.91,6936.21,0.59,0.06
16778,554.44,10990.8,0.45,0.05
16779,353.53,6440.84,0.65,0.05
16780,594.3,13823.6,0.49,0.04
16781,1513.11,137731,0.76,0.01
16782,1842.95,112475,0.42,0.02
16783,1807.02,170300,0.66,0.01
16784,298.09,3898.96,0.55,0.08
16785,305.08,4282.43,0.58,0.07
16786,313.71,4281.5,0.55,0.07
16787,310.96,4154.75,0.54,0.07
16788,303.57,4117.04,0.56,0.07
16789,315.43,4775.16,0.6,0.07
16790,312.84,4273.06,0.55,0.07
16791,323.04,4944.2,0.6,0.07
16792,309.1,4015.43,0.53,0.08
16793,322.86,4935.56,0.59,0.07
16794,1828.88,207803,0.78,0.01
16795,1875.14,97141.4,0.35,0.02
16796,1145.83,38184.1,0.37,0.03
16797,1079.13,71943,0.78,0.01
16798,2470.86,365320,0.75,0.01
16799,4051.53,767530,0.59,0.01
16800,5412.55,1794200,0.77,0
16801,2024.88,174085,0.53,0.01
16802,1082.94,47678.5,0.51,0.02
16803,597.12,17728.5,0.62,0.03
16804,1926.36,217449,0.74,0.01
16805,726.55,23491.9,0.56,0.03
16806,670.61,12212.7,0.34,0.05
16807,4070.28,834548,0.63,0
16808,7901.44,2362560,0.48,0
16809,1378.22,108730,0.72,0.01
16810,4627.14,1132700,0.66,0
16811,356.77,7450.16,0.74,0.05
16812,68.08,215.02,0.58,0.32
16813,1036.87,64076.1,0.75,0.02
16814,924.92,53550.6,0.79,0.02
16815,1046.17,63333.5,0.73,0.02
16816,825.54,40543,0.75,0.02
16817,13094.9,4021170,0.29,0
16818,625.68,23801,0.76,0.03
16819,706.97,22904.3,0.58,0.03
16820,265.76,4339.32,0.77,0.06
16821,305.57,5808.69,0.78,0.05
16822,993.68,59728.3,0.76,0.02
16823,1500.07,125555,0.7,0.01
16824,2116.52,187413,0.53,0.01
16825,286.59,5447.95,0.83,0.05
16826,1499.17,129389,0.72,0.01
16827,1305.47,86192.1,0.64,0.02
16828,1538.11,126223,0.67,0.01
16829,7001.99,3061590,0.78,0
16830,6022.83,1848050,0.64,0
16831,1042.2,25275.1,0.29,0.04
16832,1051.58,57246.9,0.65,0.02
16833,1336.65,111081,0.78,0.01
16834,1525.22,142342,0.77,0.01
16835,1593.14,155413,0.77,0.01
16836,1496.75,130906,0.73,0.01
16837,1251.62,97920.4,0.79,0.01
16838,128.33,771.97,0.59,0.17
16839,714.75,31303.4,0.77,0.02
16840,801.6,37993.5,0.74,0.02
16841,1466.89,121099,0.71,0.01
16842,940.58,54732.1,0.78,0.02
16843,899.59,50784.6,0.79,0.02
16844,6284.17,1316640,0.42,0
16845,6915.91,1119610,0.29,0.01
16846,420.08,9342.37,0.66,0.04
16847,585.15,21347.3,0.78,0.03
16848,431.99,10688,0.72,0.04
16849,543.97,14733.1,0.63,0.04
16850,777.53,36432.6,0.76,0.02
16851,668.05,17728.2,0.5,0.04
16852,501.47,12147.1,0.61,0.04
16853,1512.47,131298,0.72,0.01
16854,6933.18,2142840,0.56,0
16855,4518.08,1105340,0.68,0
16856,3884.28,723075,0.6,0.01
16857,1623.38,159231,0.76,0.01
16858,1826.2,170864,0.64,0.01
16859,1194.08,31979.6,0.28,0.04
16860,1629.64,139209,0.66,0.01
16861,1986.19,229498,0.73,0.01
16862,3118.71,334458,0.43,0.01
16863,1767.16,175840,0.71,0.01
16864,1719.87,178575,0.76,0.01
16865,2358.66,273706,0.62,0.01
16866,9597.77,5311120,0.72,0
16867,3696.57,605227,0.56,0.01
16868,4129.03,908464,0.67,0
16869,3320.72,447908,0.51,0.01
16870,2865.46,350503,0.54,0.01
16871,2456.35,343482,0.72,0.01
16872,2772.19,435334,0.71,0.01
16873,10502.2,4511550,0.51,0
16874,572.22,12015,0.46,0.05
16875,678.6,27419.4,0.75,0.02
16876,643.15,16310.9,0.5,0.04
16877,718.41,22662.1,0.55,0.03
16878,349.59,7449.78,0.77,0.05
16879,363.6,7350.04,0.7,0.05
16880,697.94,23083,0.6,0.03
16881,702.88,20231.8,0.51,0.03
16882,6618.51,1932080,0.55,0
16883,3629.21,659717,0.63,0.01
16884,2333.72,236767,0.55,0.01
16885,1723.68,156138,0.66,0.01
16886,1367.46,81313.7,0.55,0.02
16887,443.09,11102.7,0.71,0.04
16888,256.36,3721.72,0.71,0.07
16889,588.8,18850,0.68,0.03
16890,4304.51,936460,0.63,0
16891,499.84,13489.7,0.68,0.04
16892,419.88,8204.24,0.58,0.05
16893,142.25,890.36,0.55,0.16
16894,1053.91,54129.4,0.61,0.02
16895,752.48,35453.1,0.79,0.02
16896,1136.32,76096.8,0.74,0.01
16897,2250.99,257546,0.64,0.01
16898,863.69,40702.8,0.69,0.02
16899,838.42,5334.64,0.1,0.16
16900,155.42,1335.77,0.69,0.12
16901,4662.28,1269960,0.73,0
16902,1530.27,144972,0.78,0.01
16903,1269.59,96059.3,0.75,0.01
16904,1787.92,181190,0.71,0.01
16905,1150.31,8851.87,0.08,0.13
16906,2250.41,252097,0.63,0.01
16907,2405.82,245289,0.53,0.01
16908,2762.79,405754,0.67,0.01
16909,2012.43,188751,0.59,0.01
16910,1133.77,63026,0.62,0.02
16911,2169.13,245214,0.65,0.01
16912,915.85,41185.4,0.62,0.02
16913,1193.89,85037.7,0.75,0.01
16914,1400.58,75594.5,0.48,0.02
16915,8848.88,3239310,0.52,0
16916,2792.39,389773,0.63,0.01
16917,1313.38,96375.3,0.7,0.01
16918,1933.27,214329,0.72,0.01
16919,2362.46,291721,0.66,0.01
16920,543.01,15985,0.68,0.03
16921,2822.17,136762,0.22,0.02
16922,4520.48,1285050,0.79,0
16923,352.51,7176.77,0.73,0.05
16924,2830.54,400911,0.63,0.01
16925,3585.95,788966,0.77,0
16926,2653.39,365737,0.65,0.01
16927,3400.01,716824,0.78,0
16928,1243.13,96817.1,0.79,0.01
16929,799.1,31427.4,0.62,0.03
16930,901.03,40585.2,0.63,0.02
16931,1023.17,62181.6,0.75,0.02
16932,5274.04,1657040,0.75,0
16933,2481.28,260798,0.53,0.01
16934,310.16,6011.83,0.78,0.05
16935,622.97,20192.2,0.65,0.03
16936,1070.2,71550.7,0.78,0.01
16937,2789.48,168061,0.27,0.02
16938,2489.91,145011,0.29,0.02
16939,518.45,14262.6,0.67,0.04
16940,1249.02,91255.9,0.73,0.01
16941,1534.38,146956,0.78,0.01
16942,1571.76,146038,0.74,0.01
16943,700.14,12820.3,0.33,0.05
16944,550.92,17209.1,0.71,0.03
16945,1409.46,111902,0.71,0.01
16946,713.09,30598.1,0.76,0.02
16947,1217.7,89263.4,0.76,0.01
16948,1456.64,127646,0.76,0.01
16949,2329.08,325127,0.75,0.01
16950,1394.63,116247,0.75,0.01
16951,1680.81,173519,0.77,0.01
16952,1576.29,142084,0.72,0.01
16953,1993.7,244822,0.77,0.01
16954,7323.43,1587400,0.37,0
16955,4150.84,890404,0.65,0
16956,213.41,1776.32,0.49,0.12
16957,2783.57,356024,0.58,0.01
16958,798.86,34409.9,0.68,0.02
16959,1301.55,47093.1,0.35,0.03
16960,461.81,11302.8,0.67,0.04
16961,874.69,35788.4,0.59,0.02
16962,2983.18,360171,0.51,0.01
16963,1008.75,33053.6,0.41,0.03
16964,3242.68,619169,0.74,0.01
16965,757.52,25846.4,0.57,0.03
16966,1334.43,105397,0.74,0.01
16967,5160.31,773721,0.36,0.01
16968,542.09,16447.6,0.7,0.03
16969,742.97,30037.1,0.68,0.02
16970,393.05,9453.55,0.77,0.04
16971,760.38,36803.9,0.8,0.02
16972,438.26,10954.5,0.72,0.04
16973,185.82,1565.58,0.57,0.12
16974,324.41,5287.56,0.63,0.06
16975,386.56,6294.63,0.53,0.06
16976,679.69,21034.8,0.57,0.03
16977,413.38,8193.3,0.6,0.05
16978,410.67,7647.55,0.57,0.05
16979,437.28,11219.6,0.74,0.04
16980,660.81,26022,0.75,0.03
16981,775,35947.7,0.75,0.02
16982,1124.06,43348.3,0.43,0.03
16983,326.34,4108.22,0.48,0.08
16984,720.76,24864.4,0.6,0.03
16985,628.9,18072.8,0.57,0.03
16986,329.26,5598.01,0.65,0.06
16987,268.94,4352.3,0.76,0.06
16988,397.31,7662.15,0.61,0.05
16989,298.59,5559.52,0.78,0.05
16990,1143.42,63425.7,0.61,0.02
16991,568.24,11619.7,0.45,0.05
16992,809.84,23975.5,0.46,0.03
16993,476.84,13006.2,0.72,0.04
16994,401.33,7896.8,0.62,0.05
16995,489.29,14423.8,0.76,0.03
16996,3035.34,379551,0.52,0.01
16997,1737,187345,0.78,0.01
16998,1915.22,177825,0.61,0.01
16999,39.34,73.19,0.59,0.54
17000,1339.55,45634.3,0.32,0.03
17001,2246.94,229384,0.57,0.01
17002,1216.72,91700.5,0.78,0.01
17003,1430.51,125629,0.77,0.01
17004,1381.12,113101,0.74,0.01
17005,9910.36,2593270,0.33,0
17006,2816.51,222235,0.35,0.01
17007,1710.88,98122.8,0.42,0.02
17008,703.9,28815.3,0.73,0.02
17009,662.02,23798.5,0.68,0.03
17010,2702.38,254692,0.44,0.01
17011,197.77,2127.42,0.68,0.09
17012,2080.11,133852,0.39,0.02
17013,1496.54,134638,0.76,0.01
17014,1202.36,83274.2,0.72,0.01
17015,1383.65,87670.6,0.58,0.02
17016,1235.6,95445.1,0.79,0.01
17017,1932.67,205107,0.69,0.01
17018,713.55,30557.8,0.75,0.02
17019,1357.98,81729.2,0.56,0.02
17020,4878.54,1510730,0.8,0
17021,2697.83,127896,0.22,0.02
17022,1091.46,56062,0.59,0.02
17023,1340.38,109160,0.76,0.01
17024,1044.46,53040.8,0.61,0.02
17025,1775.95,118643,0.47,0.01
17026,893.92,43109.1,0.68,0.02
17027,562.75,9215.77,0.37,0.06
17028,6198.16,2083580,0.68,0
17029,57.23,150.83,0.58,0.38
17030,4592.51,581446,0.35,0.01
17031,5131.14,1390470,0.66,0
17032,4424.06,459570,0.29,0.01
17033,737.7,34184.1,0.79,0.02
17034,963.71,36907.6,0.5,0.03
17035,288.44,870.48,0.13,0.33
17036,2562.78,88776.7,0.17,0.03
17037,4564.17,615764,0.37,0.01
17038,3280.12,624794,0.73,0.01
17039,4977.46,480193,0.24,0.01
17040,739.9,32090.6,0.74,0.02
17041,339.94,5766.61,0.63,0.06
17042,457.25,12391.3,0.74,0.04
17043,339.97,5207.19,0.57,0.07
17044,605.47,19389.9,0.66,0.03
17045,182.08,955.54,0.36,0.19
17046,303.43,1589.27,0.22,0.19
17047,222.84,1154.67,0.29,0.19
17048,375.11,8745.58,0.78,0.04
17049,366.21,7002.42,0.66,0.05
17050,352.58,6942.04,0.7,0.05
17051,100.69,445.15,0.55,0.23
17052,537.13,16030.3,0.7,0.03
17053,1129.7,79133.2,0.78,0.01
17054,827.92,23674.7,0.43,0.03
17055,222.7,3102.58,0.79,0.07
17056,481.25,13333,0.72,0.04
17057,550.49,18686.1,0.77,0.03
17058,433.29,11721,0.78,0.04
17059,392.42,9612.98,0.78,0.04
17060,600.37,19260.8,0.67,0.03
17061,1307.8,87014.2,0.64,0.02
17062,877.5,31075.9,0.51,0.03
17063,712.77,28871.7,0.71,0.02
17064,517.05,15856.1,0.74,0.03
17065,511.07,15835,0.76,0.03
17066,2268.16,110695,0.27,0.02
17067,811.91,14936.5,0.28,0.05
17068,439.18,11828.7,0.77,0.04
17069,457.69,13063.5,0.78,0.04
17070,606.83,23083.7,0.79,0.03
17071,590.2,21660.2,0.78,0.03
17072,1081.03,55061.6,0.59,0.02
17073,343.37,6476.91,0.69,0.05
17074,1622.51,46117.8,0.22,0.04
17075,663.31,20330.9,0.58,0.03
17076,1083.51,48884.8,0.52,0.02
17077,257.31,1358.91,0.26,0.19
17078,71.89,262.14,0.64,0.27
17079,297.64,1838.77,0.26,0.16
17080,1688.67,118012,0.52,0.01
17081,700.65,30555.1,0.78,0.02
17082,1021.55,59122.3,0.71,0.02
17083,380.58,6168.37,0.53,0.06
17084,363.2,6873.4,0.65,0.05
17085,666.77,13297.8,0.38,0.05
17086,110.91,585.23,0.6,0.19
17087,964.52,61811.7,0.83,0.02
17088,162.98,784.99,0.37,0.21
17089,2010.29,197803,0.61,0.01
17090,1568.37,77521.4,0.4,0.02
17091,72.42,353.58,0.85,0.2
17092,2193.49,65734.9,0.17,0.03
17093,695.21,6878.96,0.18,0.1
17094,408.57,6580.55,0.5,0.06
17095,375.08,4820.38,0.43,0.08
17096,379.47,5149.76,0.45,0.07
17097,376.27,4975.15,0.44,0.08
17098,376.09,4777.17,0.42,0.08
17099,364.81,2404.44,0.23,0.15
17100,1081.45,28119.5,0.3,0.04
17101,330.11,4075.07,0.47,0.08
17102,330.8,4048.73,0.46,0.08
17103,332.22,4060.84,0.46,0.08
17104,381.28,4821.44,0.42,0.08
17105,330.44,3921.54,0.45,0.08
17106,400.85,5576.5,0.44,0.07
17107,418.18,5423.68,0.39,0.08
17108,440.04,6085.99,0.39,0.07
17109,423.33,5707.5,0.4,0.07
17110,325.15,2558,0.3,0.13
17111,1208.92,45952.2,0.39,0.03
17112,3151.5,228052,0.29,0.01
17113,103.05,349.61,0.41,0.29
17114,1026.64,41282.1,0.49,0.02
17115,1851.1,59430.9,0.22,0.03
17116,328.99,6333.23,0.73,0.05
17117,418.6,7851.84,0.56,0.05
17118,517.13,10822.4,0.51,0.05
17119,321.73,6553.52,0.8,0.05
17120,264.82,4887.74,0.88,0.05
17121,1121.19,76397.4,0.76,0.01
17122,465.46,10193.7,0.59,0.05
17123,647.23,15091.7,0.45,0.04
17124,501.86,12326.3,0.61,0.04
17125,69.03,375.76,0.99,0.18
17126,1109.61,29287,0.3,0.04
17127,297.4,4882.84,0.69,0.06
17128,559.7,18724.9,0.75,0.03
17129,521.67,10910.3,0.5,0.05
17130,244.93,964.74,0.2,0.25
17131,526.24,11701.5,0.53,0.04
17132,242.31,3667.71,0.78,0.07
17133,496.54,11972.9,0.61,0.04
17134,579,17534.3,0.66,0.03
17135,458.93,10157.3,0.61,0.05
17136,1294.48,44769,0.34,0.03
17137,4887.18,1429140,0.75,0
17138,937.47,44080.5,0.63,0.02
17139,203.31,1142.23,0.35,0.18
17140,286.24,1545.63,0.24,0.19
17141,533.17,15364.6,0.68,0.03
17142,973.51,29347.1,0.39,0.03
17143,5507.41,953443,0.39,0.01
17144,1117.26,71311.4,0.72,0.02
17145,1368.95,113581,0.76,0.01
17146,2074.66,215246,0.63,0.01
17147,2682.15,355485,0.62,0.01
17148,836.05,41115.9,0.74,0.02
17149,382.04,7801.57,0.67,0.05
17150,611.99,18626.6,0.62,0.03
17151,812.46,39333.8,0.75,0.02
17152,387.81,8497.08,0.71,0.05
17153,309.9,5948.3,0.78,0.05
17154,722.4,18152.2,0.44,0.04
17155,634.44,20387.6,0.64,0.03
17156,1232.98,91115.8,0.75,0.01
17157,2636.78,337073,0.61,0.01
17158,912.41,45123.4,0.68,0.02
17159,1468.81,98811.8,0.58,0.01
17160,848.82,44022.1,0.77,0.02
17161,2262.38,308282,0.76,0.01
17162,498.46,14774.9,0.75,0.03
17163,675.8,22510.8,0.62,0.03
17164,1000.93,40554.1,0.51,0.02
17165,973.19,37643.7,0.5,0.03
17166,1115.11,61260.1,0.62,0.02
17167,8624.04,2824720,0.48,0
17168,4109.81,759812,0.57,0.01
17169,762.73,19562.2,0.42,0.04
17170,817.58,11097.8,0.21,0.07
17171,606.26,6859.92,0.23,0.09
17172,1329.76,90289.3,0.64,0.01
17173,2201.04,162109,0.42,0.01
17174,919.25,53740.8,0.8,0.02
17175,1206.04,60700.5,0.52,0.02
17176,739.8,27058.8,0.62,0.03
17177,65.78,204.6,0.59,0.32
17178,427.07,11355,0.78,0.04
17179,495.43,15445.9,0.79,0.03
17180,838.09,39503.4,0.71,0.02
17181,855.72,41134.1,0.71,0.02
17182,2814.23,426029,0.68,0.01
17183,2766.51,306602,0.5,0.01
17184,2150.39,292900,0.8,0.01
17185,526.52,15645.2,0.71,0.03
17186,708.47,31226.9,0.78,0.02
17187,2352.38,342045,0.78,0.01
17188,753.34,31918.3,0.71,0.02
17189,1044.34,67433.6,0.78,0.02
17190,3346.51,656248,0.74,0.01
17191,2072.67,244928,0.72,0.01
17192,1279.54,97857.1,0.75,0.01
17193,2302.85,255245,0.6,0.01
17194,808.09,30930,0.59,0.03
17195,410.11,10287.1,0.77,0.04
17196,893.58,48850.8,0.77,0.02
17197,1069.7,71295.6,0.78,0.02
17198,1077.22,68175.2,0.74,0.02
17199,1037.31,65917.1,0.77,0.02
17200,835.38,42898.2,0.77,0.02
17201,1378.52,62266.9,0.41,0.02
17202,814.9,40627.1,0.77,0.02
17203,816.46,40142.6,0.76,0.02
17204,880.07,47735.6,0.77,0.02
17205,1321.66,99837.7,0.72,0.01
17206,943.57,54973.1,0.78,0.02
17207,907.02,52240.8,0.8,0.02
17208,935.53,54692.5,0.78,0.02
17209,937.8,54303.5,0.78,0.02
17210,807.67,40066.1,0.77,0.02
17211,914.81,52012.8,0.78,0.02
17212,3368.01,524141,0.58,0.01
17213,1678.64,59441.2,0.26,0.03
17214,1813.74,204394,0.78,0.01
17215,787.36,37722.1,0.76,0.02
17216,934.94,50462.6,0.73,0.02
17217,994.52,64167.1,0.81,0.02
17218,1453.26,109498,0.65,0.01
17219,1094.14,63043.8,0.66,0.02
17220,9809.36,2250500,0.29,0
17221,138.28,592.54,0.39,0.23
17222,195.04,2324.62,0.77,0.08
17223,149.41,896.73,0.5,0.17
17224,601.37,22785.7,0.79,0.03
17225,212.58,2593.51,0.72,0.08
17226,229.74,2812.95,0.67,0.08
17227,209.6,2461.53,0.7,0.09
17228,223.9,3024.78,0.76,0.07
17229,190.55,2194.97,0.76,0.09
17230,186.52,2071.15,0.75,0.09
17231,1051.02,59828.2,0.68,0.02
17232,1026.36,66583.8,0.79,0.02
17233,3207.68,331425,0.4,0.01
17234,2113.92,251283,0.71,0.01
17235,834.05,36080.4,0.65,0.02
17236,552.91,17878.4,0.73,0.03
17237,492.83,14813.4,0.77,0.03
17238,807.75,41431.7,0.8,0.02
17239,515.74,16394.8,0.77,0.03
17240,905.07,51713.7,0.79,0.02
17241,1274.08,48712.2,0.38,0.03
17242,1796.42,207406,0.81,0.01
17243,867.49,39631.4,0.66,0.02
17244,1654.78,164269,0.75,0.01
17245,907.59,51281,0.78,0.02
17246,604.23,23659.5,0.81,0.03
17247,570.47,18482.7,0.71,0.03
17248,556.01,18514.2,0.75,0.03
17249,451.64,8589.06,0.53,0.05
17250,1239.92,103900,0.85,0.01
17251,865.07,46043.7,0.77,0.02
17252,742.82,33737.4,0.77,0.02
17253,677.33,28649.1,0.78,0.02
17254,650.02,25845.6,0.77,0.03
17255,876.34,37843.9,0.62,0.02
17256,857.6,45076.3,0.77,0.02
17257,1095.76,75916.2,0.79,0.01
17258,794.83,39555.5,0.79,0.02
17259,874.45,46372.2,0.76,0.02
17260,995.27,57709.9,0.73,0.02
17261,786.78,38375.1,0.78,0.02
17262,551.09,16518.9,0.68,0.03
17263,666.32,27944,0.79,0.02
17264,791.15,35610.9,0.71,0.02
17265,867.62,43524.1,0.73,0.02
17266,408.42,7662.7,0.58,0.05
17267,865.92,47970.1,0.8,0.02
17268,1398.77,116515,0.75,0.01
17269,1268.19,100598,0.79,0.01
17270,565.73,19456.3,0.76,0.03
17271,552.68,19038.1,0.78,0.03
17272,2368.38,247359,0.55,0.01
17273,2117.08,41185.7,0.12,0.05
17274,606.63,19308.8,0.66,0.03
17275,589.87,17398.2,0.63,0.03
17276,568.65,15343,0.6,0.04
17277,665.4,27584.4,0.78,0.02
17278,459.32,11513.5,0.69,0.04
17279,819.18,38211.8,0.72,0.02
17280,2761.45,207075,0.34,0.01
17281,1287.56,25289.4,0.19,0.05
17282,1591.24,158155,0.78,0.01
17283,1860.34,21337.8,0.08,0.09
17284,4102.03,699103,0.52,0.01
17285,955.09,4819.73,0.07,0.2
17286,1116.45,68623.5,0.69,0.02
17287,1225.68,85085.9,0.71,0.01
17288,3532.98,763888,0.77,0
17289,1790.44,195801,0.77,0.01
17290,1761.18,190425,0.77,0.01
17291,2100.04,193364,0.55,0.01
17292,1497.58,98064.3,0.55,0.02
17293,2238.62,283111,0.71,0.01
17294,3409.44,461145,0.5,0.01
17295,2213.39,250349,0.64,0.01
17296,1415.75,127279,0.8,0.01
17297,6261.96,2228440,0.71,0
17298,3160.07,554008,0.7,0.01
17299,777.96,26257.6,0.54,0.03
17300,4396.27,527620,0.34,0.01
17301,478.99,14579.2,0.8,0.03
17302,5632.95,1568760,0.62,0
17303,2001.32,239950,0.75,0.01
17304,2679.93,381518,0.67,0.01
17305,3245.9,480397,0.57,0.01
17306,2022.84,95428.5,0.29,0.02
17307,6466,2521160,0.76,0
17308,4273.38,1011780,0.7,0
17309,4253.85,1116180,0.77,0
17310,1934.62,180855,0.61,0.01
17311,1447.77,123796,0.74,0.01
17312,2121.13,242544,0.68,0.01
17313,2627.02,323621,0.59,0.01
17314,4225.37,941370,0.66,0
17315,2961.48,498529,0.71,0.01
17316,916.62,49914.7,0.75,0.02
17317,12199.8,5054190,0.43,0
17318,299.74,5401.55,0.76,0.06
17319,667.67,18297.9,0.52,0.04
17320,1681.2,113099,0.5,0.01
17321,407.25,10263.5,0.78,0.04
17322,824.4,39068.2,0.72,0.02
17323,360.58,8005.68,0.77,0.05
17324,2213.62,248412,0.64,0.01
17325,1447.85,122138,0.73,0.01
17326,1128.95,75179.3,0.74,0.02
17327,395.99,7181.98,0.58,0.06
17328,629.27,24576.4,0.78,0.03
17329,480.75,13217.2,0.72,0.04
17330,521.41,3287.4,0.15,0.16
17331,551.95,2752.5,0.11,0.2
17332,248.82,3575.89,0.73,0.07
17333,1073.96,57272.1,0.62,0.02
17334,776.04,37845.8,0.79,0.02
17335,580.28,15904.8,0.59,0.04
17336,1244.1,66405.3,0.54,0.02
17337,795.73,36902.5,0.73,0.02
17338,1034.88,56827.8,0.67,0.02
17339,781.17,35428,0.73,0.02
17340,1414.21,106878,0.67,0.01
17341,1391.03,92308.8,0.6,0.02
17342,1461.75,133004,0.78,0.01
17343,1184.23,84928.1,0.76,0.01
17344,2183.77,254697,0.67,0.01
17345,1294.72,95215.9,0.71,0.01
17346,195.94,2208.44,0.72,0.09
17347,835.48,38077.8,0.69,0.02
17348,804.67,35085.9,0.68,0.02
17349,1596.58,158429,0.78,0.01
17350,5679.27,1274240,0.5,0
17351,666.25,20885.2,0.59,0.03
17352,78.79,203.29,0.41,0.39
17353,408.15,10307.2,0.78,0.04
17354,80.46,510.46,0.99,0.16
17355,7801.12,1622860,0.33,0
17356,1807.44,128812,0.5,0.01
17357,2255.77,123020,0.3,0.02
17358,698.76,21653.4,0.56,0.03
17359,567.16,13762.5,0.54,0.04
17360,2009.78,154582,0.48,0.01
17361,254.46,3979.6,0.77,0.06
17362,4460.1,363799,0.23,0.01
17363,193.18,1660.93,0.56,0.12
17364,661.55,22893.5,0.66,0.03
17365,1142.33,29810.1,0.29,0.04
17366,319.85,5833.62,0.72,0.05
17367,1004.93,52407.5,0.65,0.02
17368,424.9,4684.78,0.33,0.09
17369,672.39,26679.7,0.74,0.03
17370,717.32,31158.2,0.76,0.02
17371,693.56,28401.6,0.74,0.02
17372,571.92,19356.1,0.74,0.03
17373,598.26,23115.9,0.81,0.03
17374,901.91,43203.1,0.67,0.02
17375,1042.9,66525,0.77,0.02
17376,923.78,35079.8,0.52,0.03
17377,430.05,10013.4,0.68,0.04
17378,252.08,3934.16,0.78,0.06
17379,1115.75,53388.2,0.54,0.02
17380,560.69,17298.9,0.69,0.03
17381,1364.05,110209,0.74,0.01
17382,1270.08,53328.8,0.42,0.02
17383,1652.15,172755,0.79,0.01
17384,91.65,442.34,0.66,0.21
17385,2131.56,278806,0.77,0.01
17386,543.85,16605,0.71,0.03
17387,3734.15,311877,0.28,0.01
17388,1210.98,73487.9,0.63,0.02
17389,1608.46,63650.9,0.31,0.03
17390,402.73,7374.96,0.57,0.05
17391,1248.8,48974.5,0.39,0.03
17392,1832.05,110364,0.41,0.02
17393,382.31,4250.32,0.37,0.09
17394,624.67,21699.3,0.7,0.03
17395,814.99,37856.9,0.72,0.02
17396,135.79,753.28,0.51,0.18
17397,268.82,1670.14,0.29,0.16
17398,4102.26,167647,0.13,0.02
17399,368.27,3182.27,0.29,0.12
17400,345.41,6638.2,0.7,0.05
17401,145.79,863.39,0.51,0.17
17402,119.98,446.49,0.39,0.27
17403,147.6,855.7,0.49,0.17
17404,147.34,842.28,0.49,0.17
17405,157.27,993.42,0.5,0.16
17406,2012.1,208422,0.65,0.01
17407,1629.78,144441,0.68,0.01
17408,1484.59,131853,0.75,0.01
17409,1079.35,41591.4,0.45,0.03
17410,1103.6,61393.7,0.63,0.02
17411,464.55,10380.3,0.6,0.04
17412,328.56,2551.9,0.3,0.13
17413,345.08,7585.78,0.8,0.05
17414,254.94,3978.46,0.77,0.06
17415,423.57,10017.7,0.7,0.04
17416,199.24,2278.17,0.72,0.09
17417,180.92,1863.81,0.72,0.1
17418,383.29,9124.87,0.78,0.04
17419,392.22,7997.01,0.65,0.05
17420,384.28,6585.47,0.56,0.06
17421,442.14,10354.8,0.67,0.04
17422,435.62,11916.6,0.79,0.04
17423,53.04,221.8,0.99,0.24
17424,240.53,1413.95,0.31,0.17
17425,219.24,1425.68,0.37,0.15
17426,106.3,399.94,0.44,0.27
17427,121.62,1003.86,0.85,0.12
17428,60.76,291.12,0.99,0.21
17429,163.92,497.98,0.23,0.33
17430,115,872.65,0.83,0.13
17431,85.55,297.95,0.51,0.29
17432,426.64,3723.11,0.26,0.11
17433,339.82,1735.4,0.19,0.2
17434,450.69,7028.59,0.43,0.06
17435,469.85,2797.25,0.16,0.17
17436,467.91,2092.6,0.12,0.22
17437,109.27,443.25,0.47,0.25
17438,112.59,853.07,0.85,0.13
17439,335.05,1738.52,0.19,0.19
17440,147.78,677.69,0.39,0.22
17441,263.14,1889.01,0.34,0.14
17442,280.89,1385.73,0.22,0.2
17443,36.78,60.51,0.56,0.61
17444,80.73,513.87,0.99,0.16
17445,154.23,505.68,0.27,0.3
17446,321.52,6457.92,0.78,0.05
17447,402.52,8599.27,0.67,0.05
17448,676.68,5472.88,0.15,0.12
17449,143.77,1018.26,0.62,0.14
17450,628.14,4331.75,0.14,0.15
17451,47.9,101.33,0.55,0.47
17452,200.6,907.5,0.28,0.22
17453,120.81,450.17,0.39,0.27
17454,44.52,89.16,0.56,0.5
17455,39.01,64.7,0.53,0.6
17456,230.48,1031.24,0.24,0.22
17457,193.65,852.5,0.29,0.23
17458,46.78,98.23,0.56,0.48
17459,46.05,97.1,0.58,0.47
17460,149.04,1007.57,0.57,0.15
17461,99.59,408.38,0.52,0.24
17462,214.42,1215.69,0.33,0.18
17463,67.47,265.56,0.73,0.25
17464,133.93,674.75,0.47,0.2
17465,118.02,500.27,0.45,0.24
17466,3667.6,393289,0.37,0.01
17467,621.18,23603.7,0.77,0.03
17468,1363,95443.7,0.65,0.01
17469,2234.2,183071,0.46,0.01
17470,1616.36,148413,0.71,0.01
17471,968.94,48463.2,0.65,0.02
17472,1104.72,33788.9,0.35,0.03
17473,1035.19,61129.9,0.72,0.02
17474,305.84,3106.13,0.42,0.1
17475,675.72,23244.9,0.64,0.03
17476,88.68,534.19,0.85,0.17
17477,5602.33,1184170,0.47,0
17478,878.84,48033.7,0.78,0.02
17479,369.89,7036.75,0.65,0.05
17480,2116.69,231429,0.65,0.01
17481,5095.48,869615,0.42,0.01
17482,459.59,12993.7,0.77,0.04
17483,1104.88,42598.6,0.44,0.03
17484,5692.01,1069380,0.41,0.01
17485,3385.61,503911,0.55,0.01
17486,3760.5,558655,0.5,0.01
17487,1064.01,67672.9,0.75,0.02
17488,689.24,26764,0.71,0.03
17489,3974.38,564865,0.45,0.01
17490,1102.07,75143.4,0.78,0.01
17491,1225.63,78063.7,0.65,0.02
17492,2090.21,122508,0.35,0.02
17493,1134.76,83595.4,0.82,0.01
17494,903.65,49498.2,0.76,0.02
17495,1011.41,57279.5,0.7,0.02
17496,1102.39,76803.7,0.79,0.01
17497,3245.08,615754,0.73,0.01
17498,4662.49,501128,0.29,0.01
17499,1446.76,125539,0.75,0.01
17500,2288.98,198570,0.48,0.01
17501,1293.3,93935,0.71,0.01
17502,1500.82,98174,0.55,0.02
17503,2043.17,244808,0.74,0.01
17504,1127.81,75153.7,0.74,0.02
17505,694.93,4975.64,0.13,0.14
17506,1059.3,35854.8,0.4,0.03
17507,905.26,41615.4,0.64,0.02
17508,1075.99,33056.7,0.36,0.03
17509,2383.82,340664,0.75,0.01
17510,459.18,12227.5,0.73,0.04
17511,90.58,336.23,0.51,0.27
17512,364.15,4572.29,0.43,0.08
17513,1152.79,80062.6,0.76,0.01
17514,150.77,674.5,0.37,0.22
17515,1451.57,123921,0.74,0.01
17516,434.5,4078.69,0.27,0.11
17517,632.91,22612.8,0.71,0.03
17518,1333.65,81685.2,0.58,0.02
17519,518.9,16624.7,0.78,0.03
17520,678.18,25937.3,0.71,0.03
17521,1134.85,41803.3,0.41,0.03
17522,2150.33,214196,0.58,0.01
17523,890.89,46197.4,0.73,0.02
17524,179.9,1187.89,0.46,0.15
17525,255.26,1391.75,0.27,0.18
17526,2309.09,306757,0.72,0.01
17527,1984.45,232841,0.74,0.01
17528,1681.63,141747,0.63,0.01
17529,793.76,39082.1,0.78,0.02
17530,452.75,3973.24,0.24,0.11
17531,1576.32,141045,0.71,0.01
17532,13.16,2.39,0.17,5.51
17533,1075.22,70072.3,0.76,0.02
17534,826.59,42141.3,0.77,0.02
17535,665.95,25638.8,0.73,0.03
17536,1036.7,59583.6,0.7,0.02
17537,12.76,2.8,0.22,4.56
17538,1210.38,53401.6,0.46,0.02
17539,851.07,40542.8,0.7,0.02
17540,792.17,38667.7,0.77,0.02
17541,606.55,22936.8,0.78,0.03
17542,1137.89,61624.3,0.6,0.02
17543,615.6,23276.6,0.77,0.03
17544,2144.06,199297,0.54,0.01
17545,679.45,28849.9,0.78,0.02
17546,540.82,17450.1,0.75,0.03
17547,923.54,47289.2,0.7,0.02
17548,1115.08,65122.2,0.66,0.02
17549,1074.86,53792.6,0.58,0.02
17550,1755.77,42090.1,0.17,0.04
17551,1807.88,161284,0.62,0.01
17552,833.93,41944.4,0.76,0.02
17553,1626.29,159146,0.76,0.01
17554,467.53,12782.3,0.73,0.04
17555,582.35,16103.9,0.6,0.04
17556,1651.89,143673,0.66,0.01
17557,1344.15,101630,0.71,0.01
17558,982.33,44281.8,0.58,0.02
17559,2058.65,55961.1,0.17,0.04
17560,452.61,11818.3,0.72,0.04
17561,680.96,19887.4,0.54,0.03
17562,1139.84,55388.4,0.54,0.02
17563,1831.61,128503,0.48,0.01
17564,2106.03,226053,0.64,0.01
17565,747.98,34906.1,0.78,0.02
17566,13.41,7.76,0.54,1.73
17567,3788.96,699621,0.61,0.01
17568,1100.99,74016.1,0.77,0.01
17569,598.32,2546.3,0.09,0.23
17570,4563.45,586949,0.35,0.01
17571,372.66,3963.1,0.36,0.09
17572,1335.47,72130.5,0.51,0.02
17573,300.09,5614.29,0.78,0.05
17574,659.45,4321.28,0.12,0.15
17575,2166.98,218961,0.59,0.01
17576,702.09,27756.2,0.71,0.03
17577,633.72,14449.5,0.45,0.04
17578,83.69,208.23,0.37,0.4
17579,1253.62,92678.7,0.74,0.01
17580,314.69,5142.05,0.65,0.06
17581,813.46,41173,0.78,0.02
17582,511.27,16753.7,0.8,0.03
17583,546.62,18633.7,0.78,0.03
17584,621.31,5225.07,0.17,0.12
17585,571.18,5782.22,0.22,0.1
17586,943.2,8767.72,0.12,0.11
17587,774.64,7367.78,0.15,0.11
17588,54.67,146.43,0.62,0.37
17589,202.39,2289.34,0.7,0.09
17590,1478.26,26704.9,0.15,0.06
17591,2078.53,269438,0.78,0.01
17592,164.03,568.21,0.27,0.29
17593,1551.67,97173.7,0.51,0.02
17594,810.08,40927.6,0.78,0.02
17595,1036.95,61770.3,0.72,0.02
17596,810.19,41139.3,0.79,0.02
17597,411.6,1946.69,0.14,0.21
17598,11.23,0.66,0.07,17.02
17599,1133.06,79182.5,0.77,0.01
17600,396.82,8249.42,0.66,0.05
17601,1625.04,151832,0.72,0.01
17602,134.23,740.24,0.52,0.18
17603,880.1,39466.2,0.64,0.02
17604,748.12,23448.9,0.53,0.03
17605,1321.67,66465.8,0.48,0.02
17606,1414.58,112094,0.7,0.01
17607,4942.73,1104160,0.57,0
17608,241.09,607.24,0.13,0.4
17609,238.82,511.95,0.11,0.47
17610,52.37,118.99,0.55,0.44
17611,485.85,4263.52,0.23,0.11
17612,143.96,1018.94,0.62,0.14
17613,1375.68,78343.4,0.52,0.02
17614,2536.05,175960,0.34,0.01
17615,876.53,42962.1,0.7,0.02
17616,686.29,6569.63,0.18,0.1
17617,1035.44,58734.1,0.69,0.02
17618,1196.31,76498.5,0.67,0.02
17619,1584.02,128604,0.64,0.01
17620,4895.23,580185,0.3,0.01
17621,110.21,356.38,0.37,0.31
17622,1082.47,63018.7,0.68,0.02
17623,1347.27,115712,0.8,0.01
17624,1239.95,90116,0.74,0.01
17625,1212.59,90148.5,0.77,0.01
17626,277.08,3415.3,0.56,0.08
17627,3222.24,407555,0.49,0.01
17628,1223.9,70498.5,0.59,0.02
17629,917.17,36676.9,0.55,0.03
17630,1422.95,102464,0.64,0.01
17631,1814.1,201770,0.77,0.01
17632,965.86,58591.2,0.79,0.02
17633,1237.82,38225,0.31,0.03
17634,910.39,29080.3,0.44,0.03
17635,144.73,754.75,0.45,0.19
17636,2901.18,343314,0.51,0.01
17637,927.19,47267.2,0.69,0.02
17638,973.8,58069.3,0.77,0.02
17639,1091.67,72105,0.76,0.02
17640,5908.35,1234040,0.44,0
17641,761.37,25245.7,0.55,0.03
17642,908.61,39541.8,0.6,0.02
17643,257.86,3695.67,0.7,0.07
17644,193.63,600.55,0.2,0.32
17645,892.66,30334.4,0.48,0.03
17646,4381.66,696577,0.46,0.01
17647,3436.9,551451,0.59,0.01
17648,2676.54,461890,0.81,0.01
17649,508.2,15452.4,0.75,0.03
17650,66.9,166.32,0.47,0.4
17651,1608.25,139398,0.68,0.01
17652,2636.86,169504,0.31,0.02
17653,311.67,6042.09,0.78,0.05
17654,376.88,8414.89,0.74,0.04
17655,310.37,5979.42,0.78,0.05
17656,325.6,6556.15,0.78,0.05
17657,628.43,17394.1,0.55,0.04
17658,1375.93,98840.8,0.66,0.01
17659,1346.39,67255.2,0.47,0.02
17660,1117.49,77896,0.78,0.01
17661,387.28,8187.96,0.69,0.05
17662,585.81,21312.8,0.78,0.03
17663,827.57,26524.9,0.49,0.03
17664,640.67,25452.5,0.78,0.03
17665,615.36,21119.3,0.7,0.03
17666,274.89,4781.92,0.79,0.06
17667,2363.71,272573,0.61,0.01
17668,314.76,6295.96,0.8,0.05
17669,562.73,13546.8,0.54,0.04
17670,2167.67,133122,0.36,0.02
17671,389.03,9100.01,0.76,0.04
17672,509.16,9772.08,0.47,0.05
17673,409.18,10065.5,0.76,0.04
17674,88.11,329.29,0.53,0.27
17675,1877.02,137849,0.49,0.01
17676,752.93,38024.4,0.84,0.02
17677,86.84,331.17,0.55,0.26
17678,1043.86,71535.1,0.82,0.01
17679,842.71,43751.4,0.77,0.02
17680,736.83,20787.3,0.48,0.04
17681,2061.39,270145,0.8,0.01
17682,1613.66,122629,0.59,0.01
17683,4528.31,728412,0.45,0.01
17684,2435.2,243157,0.51,0.01
17685,1016.6,59056.1,0.72,0.02
17686,1528.34,122787,0.66,0.01
17687,1367.21,105650,0.71,0.01
17688,1780.46,167759,0.66,0.01
17689,1876.11,126760,0.45,0.01
17690,762.26,15989.1,0.35,0.05
17691,130.45,821.88,0.61,0.16
17692,757.51,27524.2,0.6,0.03
17693,1152.81,62376.3,0.59,0.02
17694,1000.6,54372.5,0.68,0.02
17695,1048.64,57818.7,0.66,0.02
17696,1837.27,116350,0.43,0.02
17697,895.26,59566.8,0.93,0.02
17698,982.4,62082.5,0.81,0.02
17699,759.7,32837.3,0.71,0.02
17700,1713.96,100632,0.43,0.02
17701,540.34,17702.5,0.76,0.03
17702,1192.41,67890.1,0.6,0.02
17703,3161.23,462287,0.58,0.01
17704,836.33,42026.5,0.75,0.02
17705,1058.37,71600.4,0.8,0.01
17706,705.78,29860.2,0.75,0.02
17707,2480.6,390087,0.8,0.01
17708,1768.72,143698,0.58,0.01
17709,1679.67,59009,0.26,0.03
17710,976.42,56358.7,0.74,0.02
17711,890.02,48672.7,0.77,0.02
17712,2167.22,153478,0.41,0.01
17713,810.44,39642.4,0.76,0.02
17714,754.09,31115.6,0.69,0.02
17715,858.1,44390.5,0.76,0.02
17716,1291.93,103642,0.78,0.01
17717,1003.57,54379.2,0.68,0.02
17718,973.58,49748.1,0.66,0.02
17719,794.52,36529.9,0.73,0.02
17720,261.36,1049.64,0.19,0.25
17721,958.72,43667.8,0.6,0.02
17722,545.13,17000.8,0.72,0.03
17723,3586.92,649282,0.63,0.01
17724,883.2,31069,0.5,0.03
17725,504.83,12084.5,0.6,0.04
17726,925.75,51573.8,0.76,0.02
17727,1161.3,83941.6,0.78,0.01
17728,677.33,25716.6,0.7,0.03
17729,1025.62,9047.91,0.11,0.11
17730,586.27,20456.4,0.75,0.03
17731,2852.99,271900,0.42,0.01
17732,1205.63,88573.2,0.77,0.01
17733,1239.75,93527.7,0.76,0.01
17734,1454.98,114415,0.68,0.01
17735,2427.33,352785,0.75,0.01
17736,42.22,100.4,0.71,0.42
17737,1619.32,113930,0.55,0.01
17738,1090.94,49519.3,0.52,0.02
17739,2813.34,467177,0.74,0.01
17740,783.06,37925.4,0.78,0.02
17741,668.77,25034,0.7,0.03
17742,858.41,46309,0.79,0.02
17743,525.93,16967.7,0.77,0.03
17744,1309.35,105472,0.77,0.01
17745,1964.43,163921,0.53,0.01
17746,973.01,49966.8,0.66,0.02
17747,1175.13,73236.8,0.67,0.02
17748,1385.46,115134,0.75,0.01
17749,143.91,885.76,0.54,0.16
17750,4309.09,718113,0.49,0.01
17751,1040.87,68739.5,0.8,0.02
17752,968.7,58838.6,0.79,0.02
17753,1519.9,102834,0.56,0.01
17754,311.05,5781.49,0.75,0.05
17755,496.17,13975.4,0.71,0.04
17756,1436.16,113764,0.69,0.01
17757,673.92,6248.72,0.17,0.11
17758,173.86,1277.09,0.53,0.14
17759,1173.92,30790.3,0.28,0.04
17760,1762.92,21422.4,0.09,0.08
17761,1796.79,22862.5,0.09,0.08
17762,1983.05,119445,0.38,0.02
17763,1943.5,75283.7,0.25,0.03
17764,1060.37,69003.2,0.77,0.02
17765,703.93,17386.8,0.44,0.04
17766,1173.94,37470.7,0.34,0.03
17767,929.73,39017.1,0.57,0.02
17768,1846.53,122122,0.45,0.02
17769,1654.97,129503,0.59,0.01
17770,455.97,11885.1,0.72,0.04
17771,1031.66,59007.7,0.7,0.02
17772,183.87,2058.25,0.76,0.09
17773,487.77,14295,0.75,0.03
17774,445.44,10868.1,0.69,0.04
17775,77.87,199.93,0.41,0.39
17776,1459.71,66013.1,0.39,0.02
17777,484.69,14332.8,0.77,0.03
17778,424.25,9976.39,0.7,0.04
17779,507.81,15817.8,0.77,0.03
17780,118.29,673.17,0.6,0.18
17781,1182.7,86205.9,0.77,0.01
17782,1385.9,108765,0.71,0.01
17783,414.97,10635.1,0.78,0.04
17784,738.32,29537.2,0.68,0.02
17785,702.25,24710.6,0.63,0.03
17786,3990.03,750752,0.59,0.01
17787,865.72,29870.4,0.5,0.03
17788,295.3,4930.12,0.71,0.06
17789,544.64,18248.1,0.77,0.03
17790,535.5,12086.3,0.53,0.04
17791,1993.33,159581,0.5,0.01
17792,1133.68,68429.7,0.67,0.02
17793,533.9,13889.2,0.61,0.04
17794,588.4,17833.8,0.65,0.03
17795,686.35,27729.9,0.74,0.02
17796,1189.7,30352.4,0.27,0.04
17797,192.19,2145.27,0.73,0.09
17798,346.82,2122.24,0.22,0.16
17799,2299.85,304811,0.72,0.01
17800,504.4,15707.4,0.78,0.03
17801,380.95,8769.57,0.76,0.04
17802,712.36,31382.3,0.78,0.02
17803,846.88,40818.8,0.71,0.02
17804,265.83,3004.15,0.53,0.09
17805,288.66,4515.26,0.68,0.06
17806,280.09,4033.81,0.65,0.07
17807,402.18,9796.8,0.76,0.04
17808,291.63,3718.03,0.55,0.08
17809,531.14,16573,0.74,0.03
17810,388.16,9004.4,0.75,0.04
17811,404.74,10074.2,0.77,0.04
17812,1205.89,45091.8,0.39,0.03
17813,346.42,4876.26,0.51,0.07
17814,376.27,7052.68,0.63,0.05
17815,476.49,12697.4,0.7,0.04
17816,578.05,19561.4,0.74,0.03
17817,994.35,30559.6,0.39,0.03
17818,386.69,5540.33,0.47,0.07
17819,1328.01,87631.3,0.62,0.02
17820,418.73,8334.39,0.6,0.05
17821,223.35,1924.86,0.48,0.12
17822,379.3,8909.58,0.78,0.04
17823,341.68,6633.11,0.71,0.05
17824,352.69,7048.31,0.71,0.05
17825,565.92,16307,0.64,0.03
17826,498.86,15166.2,0.77,0.03
17827,507.58,11519.3,0.56,0.04
17828,477.4,13399.1,0.74,0.04
17829,522.68,16480.4,0.76,0.03
17830,413.03,10694.3,0.79,0.04
17831,566.56,18446.7,0.72,0.03
17832,1183.27,87022.3,0.78,0.01
17833,251.71,3906.06,0.77,0.06
17834,242.67,3593.09,0.77,0.07
17835,488.47,14662.5,0.77,0.03
17836,1083.32,48706,0.52,0.02
17837,360.87,6562.53,0.63,0.05
17838,219.86,2407.69,0.63,0.09
17839,4678.85,845415,0.49,0.01
17840,955.43,45393,0.62,0.02
17841,547.59,18403.3,0.77,0.03
17842,524.06,2399.99,0.11,0.22
17843,1464.37,97489.4,0.57,0.02
17844,7097.25,3125120,0.78,0
17845,1719.02,63587.9,0.27,0.03
17846,1068.85,70960,0.78,0.02
17847,1218.02,86076.5,0.73,0.01
17848,273.2,4629.51,0.78,0.06
17849,1637.15,141561,0.66,0.01
17850,313.08,5656.13,0.72,0.06
17851,388.71,6800.34,0.57,0.06
17852,137.13,1003.2,0.67,0.14
17853,397.89,7476.76,0.59,0.05
17854,252.19,891.63,0.18,0.28
17855,773.81,32744.1,0.69,0.02
17856,1727.43,159355,0.67,0.01
17857,2200.11,178345,0.46,0.01
17858,387.28,8566.7,0.72,0.05
17859,762.08,36165.9,0.78,0.02
17860,437.29,5575.97,0.37,0.08
17861,628.21,24091.8,0.77,0.03
17862,1115.12,47499.5,0.48,0.02
17863,614.67,17844.4,0.59,0.03
17864,1103.54,36244.7,0.37,0.03
17865,304.44,4275.66,0.58,0.07
17866,509.85,15572.8,0.75,0.03
17867,1430.56,44437.8,0.27,0.03
17868,1003.66,45167.1,0.56,0.02
17869,1412.89,50576.8,0.32,0.03
17870,563.92,6243.32,0.25,0.09
17871,809.85,41383.5,0.79,0.02
17872,4469.44,970834,0.61,0
17873,670.31,15302.4,0.43,0.04
17874,346.56,7060.25,0.74,0.05
17875,364.81,7760.99,0.73,0.05
17876,526.67,13958.6,0.63,0.04
17877,392.46,8851.18,0.72,0.04
17878,1389.08,90977,0.59,0.02
17879,1619.11,157166,0.75,0.01
17880,317.64,5966.34,0.74,0.05
17881,339.83,5632.39,0.61,0.06
17882,394.71,8880.1,0.72,0.04
17883,303.21,5699.77,0.78,0.05
17884,537.11,14479.2,0.63,0.04
17885,364.53,8262.93,0.78,0.04
17886,575.4,18239.8,0.69,0.03
17887,411.05,10619.3,0.79,0.04
17888,871.59,44138.2,0.73,0.02
17889,625.83,22601.9,0.72,0.03
17890,1742.65,188103,0.78,0.01
17891,325.63,6595.47,0.78,0.05
17892,380.62,8880.74,0.77,0.04
17893,140.64,778.88,0.49,0.18
17894,670.96,22487.2,0.63,0.03
17895,775.28,26093.4,0.55,0.03
17896,345.72,3114.43,0.33,0.11
17897,945.72,50110.2,0.7,0.02
17898,1263.61,93768.3,0.74,0.01
17899,1117.27,70274.1,0.71,0.02
17900,177.97,1931.21,0.77,0.09
17901,1068.02,59629.8,0.66,0.02
17902,650.02,15471.1,0.46,0.04
17903,843.42,43583.2,0.77,0.02
17904,4402.11,863530,0.56,0.01
17905,161.66,1353.63,0.65,0.12
17906,273.46,3078.92,0.52,0.09
17907,184.96,1990.01,0.73,0.09
17908,285.41,3978.51,0.61,0.07
17909,343.94,4304.25,0.46,0.08
17910,676.22,24638.1,0.68,0.03
17911,369.65,8460.85,0.78,0.04
17912,157.88,666.96,0.34,0.24
17913,4104.25,759071,0.57,0.01
17914,1258.25,88272.5,0.7,0.01
17915,1063.19,64487.6,0.72,0.02
17916,606.53,22169.5,0.76,0.03
17917,2006.98,246552,0.77,0.01
17918,427.1,10609.4,0.73,0.04
17919,372.27,7910.48,0.72,0.05
17920,521.35,16574.4,0.77,0.03
17921,486.65,14434.5,0.77,0.03
17922,723.6,27588.6,0.66,0.03
17923,579.37,18665.1,0.7,0.03
17924,17.49,13.94,0.57,1.25
17925,371.34,8445.2,0.77,0.04
17926,381.13,7993.23,0.69,0.05
17927,2281.08,300129,0.72,0.01
17928,689.35,21855.4,0.58,0.03
17929,1332.78,47339.9,0.33,0.03
17930,747.68,26303.4,0.59,0.03
17931,1543.1,36989.2,0.2,0.04
17932,472.76,10786.3,0.61,0.04
17933,661.51,23796.3,0.68,0.03
17934,269.13,3592.58,0.62,0.07
17935,292.45,4568.91,0.67,0.06
17936,292.48,4460.19,0.65,0.07
17937,530.76,16661,0.74,0.03
17938,662.83,26561.4,0.76,0.02
17939,357.93,5649.91,0.55,0.06
17940,372,6319.54,0.57,0.06
17941,374.77,6611.05,0.59,0.06
17942,356.41,5305.01,0.52,0.07
17943,881.85,44298.4,0.72,0.02
17944,2208.14,135765,0.35,0.02
17945,547.74,16167.3,0.68,0.03
17946,589.99,12109.3,0.44,0.05
17947,1058.03,67301.7,0.76,0.02
17948,1345.56,49148.2,0.34,0.03
17949,30.21,50.48,0.69,0.6
17950,956,37220.5,0.51,0.03
17951,614.02,21150.4,0.7,0.03
17952,3651.79,584885,0.55,0.01
17953,51.84,96.4,0.45,0.54
17954,836.34,17975.4,0.32,0.05
17955,453.12,9448.85,0.58,0.05
17956,29.18,49.66,0.73,0.59
17957,658.81,25928.9,0.75,0.03
17958,693.75,24680.9,0.64,0.03
17959,5990.66,945023,0.33,0.01
17960,297.17,2876.73,0.41,0.1
17961,2173.95,172139,0.46,0.01
17962,293.05,4615.62,0.68,0.06
17963,193.91,2001.54,0.67,0.1
17964,281.94,4117.65,0.65,0.07
17965,902.87,39363.8,0.61,0.02
17966,1311.97,68172.9,0.5,0.02
17967,827.8,35637.8,0.65,0.02
17968,544.65,13761.9,0.58,0.04
17969,1282.59,52139.7,0.4,0.02
17970,2240.61,97387.1,0.24,0.02
17971,1338.44,24586.5,0.17,0.05
17972,2196.17,40620.8,0.11,0.05
17973,455.74,12702.5,0.77,0.04
17974,514.93,14132.2,0.67,0.04
17975,683.79,25272.3,0.68,0.03
17976,523.96,17016.6,0.78,0.03
17977,433.39,7770.96,0.52,0.06
17978,355.27,5615.43,0.56,0.06
17979,316.07,5495.94,0.69,0.06
17980,603.5,16564.1,0.57,0.04
17981,603.8,22527.3,0.78,0.03
17982,766,36449.4,0.78,0.02
17983,733.9,18132.3,0.42,0.04
17984,418.78,10576.4,0.76,0.04
17985,2054.08,223242,0.66,0.01
17986,847.85,44368.1,0.78,0.02
17987,924.22,49453.6,0.73,0.02
17988,961.34,9341.77,0.13,0.1
17989,2131.05,278791,0.77,0.01
17990,1008.18,11384.7,0.14,0.09
17991,1294.27,72016.9,0.54,0.02
17992,770.63,30157.5,0.64,0.03
17993,658.41,24303.9,0.7,0.03
17994,1628.74,163646,0.77,0.01
17995,957.63,48290.4,0.66,0.02
17996,374.81,8753.87,0.78,0.04
17997,945.88,50753.4,0.71,0.02
17998,957.49,28762.6,0.39,0.03
17999,670.87,28074.9,0.78,0.02
18000,54.75,145.9,0.61,0.38
18001,1535.79,129935,0.69,0.01
18002,4611.81,550747,0.33,0.01
18003,411.29,11121.9,0.83,0.04
18004,610.16,19507.9,0.66,0.03
18005,472.66,11978,0.67,0.04
18006,1058.61,60852,0.68,0.02
18007,1111.78,53449.6,0.54,0.02
18008,617.59,14088.6,0.46,0.04
18009,607.56,15089.7,0.51,0.04
18010,378.24,6919.4,0.61,0.05
18011,977.8,40814,0.54,0.02
18012,1207.21,42309.1,0.36,0.03
18013,1719.04,171624,0.73,0.01
18014,751.35,33601.6,0.75,0.02
18015,451.73,12793.3,0.79,0.04
18016,580.01,10053.3,0.38,0.06
18017,1386.77,100768,0.66,0.01
18018,913.14,49145,0.74,0.02
18019,747.89,31130.7,0.7,0.02
18020,791.12,36442.5,0.73,0.02
18021,744.73,4258.97,0.1,0.17
18022,457.82,2443.14,0.15,0.19
18023,58.52,169.87,0.62,0.34
18024,24.95,21.25,0.43,1.17
18025,534.58,16263.2,0.71,0.03
18026,459.66,11842.8,0.7,0.04
18027,1466.06,116340,0.68,0.01
18028,600.79,16090.1,0.56,0.04
18029,1363.24,97225,0.66,0.01
18030,538.6,18182.1,0.79,0.03
18031,1860.5,184809,0.67,0.01
18032,1086.74,65064.7,0.69,0.02
18033,492.12,9629.2,0.5,0.05
18034,342.72,1478.87,0.16,0.23
18035,198.36,515.56,0.16,0.38
18036,870.6,48728.3,0.81,0.02
18037,1363.63,70493.1,0.48,0.02
18038,469.76,13568.7,0.77,0.03
18039,726.62,31626.8,0.75,0.02
18040,762.21,37282.1,0.81,0.02
18041,621.78,16651.2,0.54,0.04
18042,1106.62,69060.9,0.71,0.02
18043,448.07,8508.78,0.53,0.05
18044,650,21393.3,0.64,0.03
18045,2683.85,216757,0.38,0.01
18046,940.8,21503.9,0.31,0.04
18047,393.39,9031.27,0.73,0.04
18048,991.37,52753.3,0.67,0.02
18049,398.49,9715.9,0.77,0.04
18050,678.77,28645,0.78,0.02
18051,334.05,6923.4,0.78,0.05
18052,435.64,11655.9,0.77,0.04
18053,873.24,28176.5,0.46,0.03
18054,358.73,7395.68,0.72,0.05
18055,652.09,24420.8,0.72,0.03
18056,752.13,30994.7,0.69,0.02
18057,868.26,40555.3,0.68,0.02
18058,571.87,15657.5,0.6,0.04
18059,1264.26,79291,0.62,0.02
18060,743.96,33976.5,0.77,0.02
18061,657.4,23602.4,0.69,0.03
18062,497.2,14928.2,0.76,0.03
18063,361.64,7974.33,0.77,0.05
18064,784.91,37970.7,0.77,0.02
18065,664.28,25135.9,0.72,0.03
18066,475.35,12139.7,0.67,0.04
18067,775.91,33918.7,0.71,0.02
18068,807.9,25595.6,0.49,0.03
18069,552.9,17673.3,0.73,0.03
18070,443.91,7017.48,0.45,0.06
18071,852.72,16758.7,0.29,0.05
18072,147.52,1401.88,0.81,0.11
18073,455.43,6867.85,0.42,0.07
18074,432.4,9546.26,0.64,0.05
18075,385.75,5215.59,0.44,0.07
18076,466.23,9697.64,0.56,0.05
18077,1130.21,66765.2,0.66,0.02
18078,493.34,13044.4,0.67,0.04
18079,652.49,14818.2,0.44,0.04
18080,586.65,12450.4,0.45,0.05
18081,213.41,1825.43,0.5,0.12
18082,65.75,267.95,0.78,0.25
18083,1330.38,91921.5,0.65,0.01
18084,552.07,18966.4,0.78,0.03
18085,411.54,9549.23,0.71,0.04
18086,441.93,11541,0.74,0.04
18087,381.74,8595.8,0.74,0.04
18088,417.82,10429.1,0.75,0.04
18089,527.1,14066.1,0.64,0.04
18090,535.24,14231.6,0.62,0.04
18091,508.52,12796.8,0.62,0.04
18092,542.42,16377.9,0.7,0.03
18093,2488.83,96675.1,0.2,0.03
18094,719.74,31582.7,0.77,0.02
18095,566.45,17090.8,0.67,0.03
18096,715.57,32102.6,0.79,0.02
18097,655.53,26052.8,0.76,0.03
18098,2352.07,242815,0.55,0.01
18099,1651.21,88362,0.41,0.02
18100,256.18,3214.61,0.62,0.08
18101,471.5,7099.02,0.4,0.07
18102,1825.81,201029,0.76,0.01
18103,1123.52,66235.9,0.66,0.02
18104,1016.16,60086.9,0.73,0.02
18105,481.59,14534.2,0.79,0.03
18106,405.08,10178,0.78,0.04
18107,620.7,22837.6,0.74,0.03
18108,660.01,25296.4,0.73,0.03
18109,1039.06,61077.4,0.71,0.02
18110,299.1,5164.53,0.73,0.06
18111,1262.77,91912.2,0.72,0.01
18112,1753.09,180447,0.74,0.01
18113,978.58,53626.5,0.7,0.02
18114,1279.62,92886.6,0.71,0.01
18115,1124.07,77798.7,0.77,0.01
18116,1001.54,54882.9,0.69,0.02
18117,3679.92,148629,0.14,0.02
18118,4291.66,256535,0.17,0.02
18119,2468.75,91904,0.19,0.03
18120,1695.63,87381.3,0.38,0.02
18121,688.17,26813.6,0.71,0.03
18122,407.96,6716.1,0.51,0.06
18123,5871.88,1215010,0.44,0
18124,1701.92,85055.7,0.37,0.02
18125,516.25,8136.1,0.38,0.06
18126,380.84,2307.37,0.2,0.17
18127,2944.4,38959.1,0.06,0.08
18128,824.93,42456.3,0.78,0.02
18129,752.88,34078.2,0.76,0.02
18130,910.63,40879.4,0.62,0.02
18131,738.71,32611.3,0.75,0.02
18132,848.07,44831.3,0.78,0.02
18133,752.64,34713.2,0.77,0.02
18134,636.17,24086.7,0.75,0.03
18135,564.31,19887,0.78,0.03
18136,516.05,16587.7,0.78,0.03
18137,541.12,17938.7,0.77,0.03
18138,564.4,18563,0.73,0.03
18139,559.69,19182.3,0.77,0.03
18140,518.32,16659.2,0.78,0.03
18141,538.22,1101.08,0.05,0.49
18142,615.67,23646.4,0.78,0.03
18143,406.83,8692.32,0.66,0.05
18144,1724.12,127294,0.54,0.01
18145,1354.85,111885,0.77,0.01
18146,2325.22,27034.6,0.06,0.09
18147,1335.41,60627.4,0.43,0.02
18148,1109.77,50998.4,0.52,0.02
18149,619.59,24219.4,0.79,0.03
18150,443.71,9287.01,0.59,0.05
18151,549.48,18661.4,0.78,0.03
18152,1346.16,91174.7,0.63,0.01
18153,1522.33,66093.4,0.36,0.02
18154,190.6,2117.87,0.73,0.09
18155,90.28,352.66,0.54,0.26
18156,3153.01,40056.4,0.05,0.08
18157,1485.69,18146.6,0.1,0.08
18158,87.3,318.5,0.52,0.27
18159,201.71,2295.52,0.71,0.09
18160,2212.58,87151.4,0.22,0.03
18161,3751.25,493994,0.44,0.01
18162,656.25,25967.4,0.76,0.03
18163,926.27,46874.3,0.69,0.02
18164,560.44,18482.4,0.74,0.03
18165,5740.49,914586,0.35,0.01
18166,1067.02,70911.4,0.78,0.02
18167,693.9,20871.3,0.54,0.03
18168,786.93,9484.67,0.19,0.08
18169,1498.44,125865,0.7,0.01
18170,791.76,31548.4,0.63,0.03
18171,1130.07,78205.3,0.77,0.01
18172,1342.33,90173.6,0.63,0.01
18173,2479,148053,0.3,0.02
18174,3225.2,592058,0.71,0.01
18175,1114.1,37908.2,0.38,0.03
18176,939.65,54776.5,0.78,0.02
18177,1029.15,41648.6,0.49,0.02
18178,2656.84,331215,0.59,0.01
18179,484.87,14660,0.78,0.03
18180,916.61,51305.5,0.77,0.02
18181,903.83,38188.5,0.59,0.02
18182,410.7,9999.79,0.74,0.04
18183,3224.32,547904,0.66,0.01
18184,1604.55,59006.6,0.29,0.03
18185,645.52,19713.9,0.59,0.03
18186,421.51,10259.7,0.73,0.04
18187,387.6,8842.82,0.74,0.04
18188,992.81,54908.3,0.7,0.02
18189,1707.38,88885.9,0.38,0.02
18190,569.68,20593.1,0.8,0.03
18191,453.02,11462.6,0.7,0.04
18192,502.6,13797.3,0.69,0.04
18193,394.75,9406.03,0.76,0.04
18194,432.34,10836.2,0.73,0.04
18195,473.14,11730.6,0.66,0.04
18196,947.85,34888.8,0.49,0.03
18197,1203.05,93268.2,0.81,0.01
18198,338.74,5776.42,0.63,0.06
18199,257.37,2523.18,0.48,0.1
18200,187.74,1272.84,0.45,0.15
18201,1002.31,50911.6,0.64,0.02
18202,1106.62,72581.8,0.74,0.02
18203,889.36,47585.7,0.76,0.02
18204,1267.87,99685,0.78,0.01
18205,228.21,1947.13,0.47,0.12
18206,769.92,30404,0.64,0.03
18207,610,20506.1,0.69,0.03
18208,1115.49,59419.6,0.6,0.02
18209,593.7,20593.8,0.73,0.03
18210,260.1,4232.13,0.79,0.06
18211,947.57,54486.2,0.76,0.02
18212,698.89,27359.5,0.7,0.03
18213,651.83,23050.8,0.68,0.03
18214,108.79,838.84,0.89,0.13
18215,896.16,28022.4,0.44,0.03
18216,1585.13,126113,0.63,0.01
18217,1305.68,103391,0.76,0.01
18218,1234.82,95039.3,0.78,0.01
18219,1137.24,79456.9,0.77,0.01
18220,586.57,15412.8,0.56,0.04
18221,2007.58,173406,0.54,0.01
18222,585.99,20553.3,0.75,0.03
18223,583.84,20874.7,0.77,0.03
18224,795.69,34459.5,0.68,0.02
18225,680.83,27979.4,0.76,0.02
18226,565.12,19886.5,0.78,0.03
18227,1167.46,72971,0.67,0.02
18228,655.86,14984.3,0.44,0.04
18229,488.61,15545.8,0.82,0.03
18230,444.52,7677.33,0.49,0.06
18231,510.48,13181,0.64,0.04
18232,741.13,9027.29,0.21,0.08
18233,951.02,45537,0.63,0.02
18234,267.52,3696.42,0.65,0.07
18235,195.4,2015.07,0.66,0.1
18236,379.71,8789.88,0.77,0.04
18237,442.14,12240.8,0.79,0.04
18238,2579.06,165033,0.31,0.02
18239,1320.5,103040,0.74,0.01
18240,1101.28,74288,0.77,0.01
18241,349.67,4939.12,0.51,0.07
18242,3449.03,292058,0.31,0.01
18243,913.71,49753.4,0.75,0.02
18244,834.28,38143.2,0.69,0.02
18245,954.38,53755.8,0.74,0.02
18246,706.86,30600.6,0.77,0.02
18247,719.4,31579.7,0.77,0.02
18248,815.06,29684.7,0.56,0.03
18249,847.11,39783.5,0.7,0.02
18250,392.99,6706.16,0.55,0.06
18251,1136.52,68048.4,0.66,0.02
18252,369.22,6611.57,0.61,0.06
18253,543.31,17290.6,0.74,0.03
18254,799.07,37100.9,0.73,0.02
18255,760.75,33162.6,0.72,0.02
18256,1068.77,55667.1,0.61,0.02
18257,484.06,14552,0.78,0.03
18258,1830.72,202186,0.76,0.01
18259,465.81,13946.5,0.81,0.03
18260,1214.87,85287.2,0.73,0.01
18261,831.11,37390.8,0.68,0.02
18262,1609.22,138649,0.67,0.01
18263,1446.08,76143.1,0.46,0.02
18264,27.28,46.07,0.78,0.59
18265,2114.83,245756,0.69,0.01
18266,3363.4,563364,0.63,0.01
18267,2073.81,261509,0.76,0.01
18268,1488.37,109617,0.62,0.01
18269,1818.95,163280,0.62,0.01
18270,1996.46,46597.3,0.15,0.04
18271,709.92,17707.2,0.44,0.04
18272,550.36,11499.6,0.48,0.05
18273,546.51,10910.6,0.46,0.05
18274,130.4,380.82,0.28,0.34
18275,887.06,45787.9,0.73,0.02
18276,940.05,51266.8,0.73,0.02
18277,1352.31,109405,0.75,0.01
18278,1545.89,122295,0.64,0.01
18279,664.39,24183.1,0.69,0.03
18280,35,55.89,0.57,0.63
18281,1270.93,98570.3,0.77,0.01
18282,2279.79,260319,0.63,0.01
18283,1236.39,80225,0.66,0.02
18284,749.02,32537.7,0.73,0.02
18285,1273.24,72188.4,0.56,0.02
18286,153.3,740.88,0.4,0.21
18287,243.63,3690.52,0.78,0.07
18288,1010.3,47140.6,0.58,0.02
18289,3691.44,564448,0.52,0.01
18290,1583.11,157664,0.79,0.01
18291,2023.09,223443,0.69,0.01
18292,579.48,20154.8,0.75,0.03
18293,1366.5,112013,0.75,0.01
18294,1510.05,114839,0.63,0.01
18295,1179.05,55212.1,0.5,0.02
18296,856.85,42901.9,0.73,0.02
18297,915.17,53711.1,0.81,0.02
18298,1878.29,206214,0.73,0.01
18299,1276.17,102662,0.79,0.01
18300,1157.18,57840.3,0.54,0.02
18301,785.58,33329.5,0.68,0.02
18302,1496.87,132510,0.74,0.01
18303,1116.97,76819.1,0.77,0.01
18304,1995.18,181951,0.57,0.01
18305,3946.31,841606,0.68,0
18306,458.24,13032.5,0.78,0.04
18307,1478.69,118054,0.68,0.01
18308,796.17,36149.9,0.72,0.02
18309,1103.85,75524.5,0.78,0.01
18310,509.43,13993.2,0.68,0.04
18311,2989.2,385214,0.54,0.01
18312,2092.69,217031,0.62,0.01
18313,1357.98,105110,0.72,0.01
18314,1395.9,118030,0.76,0.01
18315,662.81,19198.7,0.55,0.03
18316,1643.34,10660.2,0.05,0.15
18317,254.75,1950.3,0.38,0.13
18318,405.5,3394.85,0.26,0.12
18319,1994.59,247152,0.78,0.01
18320,1298.95,101924,0.76,0.01
18321,1371.28,118032,0.79,0.01
18322,2339.5,337192,0.77,0.01
18323,1722.29,144398,0.61,0.01
18324,3014.23,467784,0.65,0.01
18325,1103.26,75991.1,0.78,0.01
18326,654.61,23031.1,0.68,0.03
18327,1718.29,142052,0.6,0.01
18328,2404.79,137358,0.3,0.02
18329,1212.75,88842.9,0.76,0.01
18330,551.01,6152.45,0.25,0.09
18331,228.2,2264.28,0.55,0.1
18332,3445.91,239100,0.25,0.01
18333,597.32,11978.1,0.42,0.05
18334,202.42,1915.44,0.59,0.11
18335,496.67,14017.9,0.71,0.04
18336,185.03,1719.41,0.63,0.11
18337,203.93,1970.33,0.6,0.1
18338,185.52,1726.2,0.63,0.11
18339,202.8,1925.82,0.59,0.11
18340,189.97,1865.43,0.65,0.1
18341,205.04,2013.55,0.6,0.1
18342,186.47,1776.85,0.64,0.1
18343,251.09,3763.89,0.75,0.07
18344,238.67,3329.34,0.73,0.07
18345,208.15,2128.38,0.62,0.1
18346,226.61,3144.15,0.77,0.07
18347,242.76,3460.78,0.74,0.07
18348,258.46,4064.63,0.76,0.06
18349,269.25,4477.9,0.78,0.06
18350,247.09,3761.96,0.77,0.07
18351,259.22,4174.27,0.78,0.06
18352,231.74,3095.44,0.72,0.07
18353,224.34,2937.91,0.73,0.08
18354,212.36,2497.82,0.7,0.09
18355,217.27,2573.55,0.68,0.08
18356,517.45,16490.3,0.77,0.03
18357,642.37,10828.9,0.33,0.06
18358,285.04,2482.28,0.38,0.11
18359,737.88,15630.5,0.36,0.05
18360,409.07,6964.39,0.52,0.06
18361,391.09,6544.32,0.54,0.06
18362,393.82,7765.82,0.63,0.05
18363,381.36,7788.6,0.67,0.05
18364,329.45,5104.33,0.59,0.06
18365,705.23,26764.9,0.68,0.03
18366,442.93,11308.8,0.72,0.04
18367,855.88,5035.96,0.09,0.17
18368,390.71,5926.16,0.49,0.07
18369,728.98,24690.1,0.58,0.03
18370,1590.47,152672,0.76,0.01
18371,1157.84,57759.8,0.54,0.02
18372,1679.94,163464,0.73,0.01
18373,75.63,174.36,0.38,0.43
18374,1116.51,77223.7,0.78,0.01
18375,1300.97,13261.6,0.1,0.1
18376,41.86,93.57,0.67,0.45
18377,1636.08,79941.6,0.38,0.02
18378,743.81,28591.4,0.65,0.03
18379,1135.52,78187.1,0.76,0.01
18380,588.35,2042.36,0.07,0.29
18381,1440.3,46087,0.28,0.03
18382,199.51,2098.37,0.66,0.1
18383,174.61,1166.76,0.48,0.15
18384,231.04,3314.52,0.78,0.07
18385,217.2,2948.02,0.78,0.07
18386,430.7,10758.5,0.73,0.04
18387,490.57,15255,0.8,0.03
18388,731.92,33632.5,0.79,0.02
18389,879.03,33583.8,0.55,0.03
18390,630.58,23823.4,0.75,0.03
18391,1556.67,146442,0.76,0.01
18392,599.72,19327.6,0.67,0.03
18393,757.28,36281.5,0.79,0.02
18394,439.12,10976.8,0.71,0.04
18395,515.89,17086.9,0.81,0.03
18396,931.69,49710.2,0.72,0.02
18397,569.87,19155.6,0.74,0.03
18398,388.51,9409.42,0.78,0.04
18399,290.68,5255.76,0.78,0.06
18400,2141.31,159408,0.44,0.01
18401,415.33,10087.8,0.73,0.04
18402,985.28,43894.4,0.57,0.02
18403,497.4,15410.5,0.78,0.03
18404,222.3,2315.86,0.59,0.1
18405,332.42,6916.69,0.79,0.05
18406,1575.54,72276.8,0.37,0.02
18407,543.81,14768.8,0.63,0.04
18408,676.86,16470.3,0.45,0.04
18409,200.21,2504.88,0.78,0.08
18410,107.69,462.52,0.5,0.23
18411,205.14,2727.43,0.81,0.08
18412,237.73,3287.03,0.73,0.07
18413,2740.99,294748,0.49,0.01
18414,823.67,33986.9,0.63,0.02
18415,769.84,35587.4,0.75,0.02
18416,431.4,9576.53,0.65,0.05
18417,1859.4,148464,0.54,0.01
18418,957.83,54218.5,0.74,0.02
18419,979.45,56053,0.73,0.02
18420,489.71,14517.7,0.76,0.03
18421,584.24,21083.4,0.78,0.03
18422,862.48,35863.6,0.61,0.02
18423,599.81,16566.1,0.58,0.04
18424,670.59,26545,0.74,0.03
18425,503.25,13592.5,0.67,0.04
18426,604.44,18429,0.63,0.03
18427,1965.54,192511,0.63,0.01
18428,2180.7,271589,0.72,0.01
18429,1404.92,81122.1,0.52,0.02
18430,1051.37,67987.5,0.77,0.02
18431,2179.71,67067.4,0.18,0.03
18432,1075.98,54900.1,0.6,0.02
18433,1067.6,66296.6,0.73,0.02
18434,3691.25,632009,0.58,0.01
18435,1164.77,76573.8,0.71,0.02
18436,1318.43,103945,0.75,0.01
18437,671.15,15608.7,0.44,0.04
18438,595.44,14423.6,0.51,0.04
18439,485.36,11673.7,0.62,0.04
18440,100.2,438.33,0.55,0.23
18441,132.59,526.33,0.38,0.25
18442,2437.52,211968,0.45,0.01
18443,1011.47,64686.6,0.79,0.02
18444,512.32,14884.6,0.71,0.03
18445,1729.95,95266.4,0.4,0.02
18446,817.4,22452.2,0.42,0.04
18447,1683.11,124894,0.55,0.01
18448,406.4,10355.6,0.79,0.04
18449,387.82,9267.65,0.77,0.04
18450,463.44,11444,0.67,0.04
18451,1528.26,134677,0.72,0.01
18452,1295.35,29392,0.22,0.04
18453,268.49,3045.32,0.53,0.09
18454,164.06,1658.7,0.77,0.1
18455,211.05,2676.61,0.75,0.08
18456,123.19,728.22,0.6,0.17
18457,194.92,2280.55,0.75,0.09
18458,212.19,2548.3,0.71,0.08
18459,2200.27,305968,0.79,0.01
18460,834.55,42903.4,0.77,0.02
18461,1164.25,85189.7,0.79,0.01
18462,649.09,20157,0.6,0.03
18463,2501,368459,0.74,0.01
18464,207.22,697.8,0.2,0.3
18465,127.71,462.45,0.36,0.28
18466,133.61,417.95,0.29,0.32
18467,1484,119143,0.68,0.01
18468,1325.28,74004.4,0.53,0.02
18469,595.27,22115.1,0.78,0.03
18470,1296.92,77321.2,0.58,0.02
18471,741.64,23659.5,0.54,0.03
18472,1300.77,93870.4,0.7,0.01
18473,1033.22,69908.3,0.82,0.01
18474,630.65,18148.5,0.57,0.03
18475,1428.58,115904,0.71,0.01
18476,905.55,51099.2,0.78,0.02
18477,894.07,52991.8,0.83,0.02
18478,912.85,39816.2,0.6,0.02
18479,1388.8,93067.8,0.61,0.01
18480,1413.26,110831,0.7,0.01
18481,1087.54,43116.3,0.46,0.03
18482,1988.1,163822,0.52,0.01
18483,256.82,3843.83,0.73,0.07
18484,684.52,22567.5,0.6,0.03
18485,987.58,60939.4,0.78,0.02
18486,1031.56,63689.9,0.75,0.02
18487,781.35,37632.7,0.77,0.02
18488,381.96,5121.69,0.44,0.07
18489,1132.38,60729.6,0.59,0.02
18490,1324.65,83747.9,0.6,0.02
18491,154.28,574.08,0.3,0.27
18492,945.29,53591.6,0.75,0.02
18493,1053.85,69940.4,0.79,0.02
18494,1095.17,74892.2,0.78,0.01
18495,1064.55,70487.2,0.78,0.02
18496,1303.67,89749,0.66,0.01
18497,1191.19,88380.8,0.78,0.01
18498,1305.22,84941.1,0.63,0.02
18499,186.6,1529.9,0.55,0.12
18500,105.86,408.11,0.46,0.26
18501,1196.04,50415.1,0.44,0.02
18502,317.95,3701.78,0.46,0.09
18503,686.53,17333.5,0.46,0.04
18504,347.62,5864.87,0.61,0.06
18505,777.2,17657.3,0.37,0.04
18506,401.44,8436.55,0.66,0.05
18507,123.05,359.38,0.3,0.34
18508,724.49,27716.2,0.66,0.03
18509,563.7,19712.4,0.78,0.03
18510,2085.31,269565,0.78,0.01
18511,1588.13,128390,0.64,0.01
18512,1343.01,109989,0.77,0.01
18513,1681.97,148475,0.66,0.01
18514,2719.16,246917,0.42,0.01
18515,1483.89,80630.1,0.46,0.02
18516,1407.86,110684,0.7,0.01
18517,985.76,55747.6,0.72,0.02
18518,847.74,33145.1,0.58,0.03
18519,542.7,17477.3,0.75,0.03
18520,1256.01,71435.6,0.57,0.02
18521,754.89,31567.4,0.7,0.02
18522,326.86,3826.13,0.45,0.09
18523,116.65,894.9,0.83,0.13
18524,680.72,15541.7,0.42,0.04
18525,1437.98,113846,0.69,0.01
18526,845.47,40337.6,0.71,0.02
18527,2389.96,243273,0.53,0.01
18528,1279.6,86852.3,0.67,0.01
18529,3132.02,277648,0.36,0.01
18530,1561.81,153138,0.79,0.01
18531,570.48,13900.1,0.54,0.04
18532,707.64,30469.7,0.76,0.02
18533,967.04,56257.6,0.76,0.02
18534,983.2,57545.2,0.75,0.02
18535,1327.99,103762,0.74,0.01
18536,1729.08,149200,0.63,0.01
18537,2341.54,317056,0.73,0.01
18538,996.35,8956.06,0.11,0.11
18539,1695.82,149030,0.65,0.01
18540,973.34,53346.4,0.71,0.02
18541,311.19,3262.84,0.42,0.1
18542,2084.04,143938,0.42,0.01
18543,623.14,5679.32,0.18,0.11
18544,243.31,3630.45,0.77,0.07
18545,2357.09,267870,0.61,0.01
18546,270.4,4314.19,0.74,0.06
18547,1688.31,175313,0.77,0.01
18548,4713.52,1180780,0.67,0
18549,893.21,13331.2,0.21,0.07
18550,2124.45,252943,0.7,0.01
18551,307.6,4534.8,0.6,0.07
18552,673.62,25569.5,0.71,0.03
18553,1528.83,125835,0.68,0.01
18554,299.38,4065.12,0.57,0.07
18555,28.71,48.13,0.73,0.6
18556,2136.46,92073.3,0.25,0.02
18557,3718.84,605628,0.55,0.01
18558,967.12,42748.6,0.57,0.02
18559,1946.01,222734,0.74,0.01
18560,1194.59,29084.4,0.26,0.04
18561,352.31,7472.12,0.76,0.05
18562,1472.35,115387,0.67,0.01
18563,1681.72,99805.7,0.44,0.02
18564,1754.83,164859,0.67,0.01
18565,1528.87,126278,0.68,0.01
18566,1149.97,56818.3,0.54,0.02
18567,471.38,6926.99,0.39,0.07
18568,368.85,7091.04,0.65,0.05
18569,2665.77,259205,0.46,0.01
18570,1902.81,150095,0.52,0.01
18571,971.71,35305.7,0.47,0.03
18572,6563.04,1678590,0.49,0
18573,811.02,41660.2,0.8,0.02
18574,3011.58,539249,0.75,0.01
18575,938.99,37292.8,0.53,0.03
18576,1390.27,114312,0.74,0.01
18577,744.83,33864.7,0.77,0.02
18578,792.92,39324.7,0.79,0.02
18579,1082.72,73120.3,0.78,0.01
18580,273.85,4595.86,0.77,0.06
18581,790.34,39545.6,0.8,0.02
18582,880.81,44763.2,0.72,0.02
18583,959.79,53982.1,0.74,0.02
18584,922.68,51505.3,0.76,0.02
18585,799.91,40399.1,0.79,0.02
18586,1599.86,120317,0.59,0.01
18587,794.74,40325.3,0.8,0.02
18588,728.29,33459.5,0.79,0.02
18589,2875.72,445163,0.68,0.01
18590,1969.38,232536,0.75,0.01
18591,1881.2,209558,0.74,0.01
18592,48.22,110.34,0.6,0.44
18593,899.61,26279.6,0.41,0.03
18594,1862.32,210277,0.76,0.01
18595,1095.49,71995.7,0.75,0.02
18596,900.39,43526.3,0.67,0.02
18597,954.12,47454.8,0.65,0.02
18598,1214.26,75621.4,0.64,0.02
18599,642.67,25772.9,0.78,0.02
18600,1130.18,67860.2,0.67,0.02
18601,1489.18,138655,0.79,0.01
18602,3972.71,533597,0.42,0.01
18603,7611.1,2885110,0.63,0
18604,81.94,201.65,0.38,0.41
18605,5618.84,1552140,0.62,0
18606,12610.1,5883180,0.46,0
18607,1430.42,93977.1,0.58,0.02
18608,1980.9,13841.6,0.04,0.14
18609,5069.85,864806,0.42,0.01
18610,80.79,196.94,0.38,0.41
18611,1172.07,73166.6,0.67,0.02
18612,1513.06,143071,0.78,0.01
18613,1662.98,141960,0.64,0.01
18614,1195.65,84606.2,0.74,0.01
18615,1226.2,82252.7,0.69,0.01
18616,1264.49,93936.9,0.74,0.01
18617,2132.11,264902,0.73,0.01
18618,1196.56,84727.3,0.74,0.01
18619,1138.39,80502.9,0.78,0.01
18620,991.66,66862.8,0.85,0.01
18621,1221.96,93049.4,0.78,0.01
18622,3295.85,348330,0.4,0.01
18623,123.52,276.78,0.23,0.45
18624,1280.28,94594.5,0.72,0.01
18625,545.11,12038.3,0.51,0.05
18626,2383.91,224946,0.5,0.01
18627,7581.87,1319460,0.29,0.01
18628,212.59,1840.77,0.51,0.12
18629,172.26,1307.18,0.55,0.13
18630,509.58,8673.8,0.42,0.06
18631,1040.53,51700.3,0.6,0.02
18632,1421.2,30253.5,0.19,0.05
18633,611.15,14215.6,0.48,0.04
18634,5472.15,1750470,0.73,0
18635,841.54,32152,0.57,0.03
18636,833.12,37829,0.68,0.02
18637,147.65,1080.11,0.62,0.14
18638,432.63,9211.44,0.62,0.05
18639,287.63,4119.91,0.63,0.07
18640,278.97,3677.55,0.59,0.08
18641,765.15,34747.5,0.75,0.02
18642,862.03,28460.3,0.48,0.03
18643,276.55,3584.86,0.59,0.08
18644,325.56,5733.07,0.68,0.06
18645,276.31,3620.4,0.6,0.08
18646,1201.54,62109.8,0.54,0.02
18647,640.63,19678.8,0.6,0.03
18648,5011.97,1235150,0.62,0
18649,10545.2,2880380,0.33,0
18650,2875.81,383577,0.58,0.01
18651,2418.88,224202,0.48,0.01
18652,1362.71,92088.2,0.62,0.01
18653,1806.42,136257,0.52,0.01
18654,1141.05,64521.5,0.62,0.02
18655,2956.75,371284,0.53,0.01
18656,2222.83,292491,0.74,0.01
18657,1002.7,59392.4,0.74,0.02
18658,999.54,61144.6,0.77,0.02
18659,199.73,1763.86,0.56,0.11
18660,845.63,41465.2,0.73,0.02
18661,933.6,21111.6,0.3,0.04
18662,688.28,29876,0.79,0.02
18663,489.94,11207,0.59,0.04
18664,2603.46,339720,0.63,0.01
18665,5695.85,1780390,0.69,0
18666,1812.68,187097,0.72,0.01
18667,7163.22,2053450,0.5,0
18668,6977.67,1360330,0.35,0.01
18669,1302.49,105629,0.78,0.01
18670,751.55,31905.5,0.71,0.02
18671,750.15,33825.2,0.75,0.02
18672,1430.7,128233,0.79,0.01
18673,1526.98,50745.8,0.27,0.03
18674,1133.93,70513.6,0.69,0.02
18675,2081.1,225511,0.65,0.01
18676,18007,11680200,0.45,0
18677,1457.38,111972,0.66,0.01
18678,1592.27,144306,0.71,0.01
18679,6359.74,2065350,0.64,0
18680,2631.5,400375,0.73,0.01
18681,1846.99,200679,0.74,0.01
18682,1508.88,101049,0.56,0.01
18683,1875.34,178248,0.64,0.01
18684,1852.81,197349,0.72,0.01
18685,3122.49,360194,0.46,0.01
18686,1236.49,30710.6,0.25,0.04
18687,362.83,4948.54,0.47,0.07
18688,371.17,4992.51,0.46,0.07
18689,404.35,5685.21,0.44,0.07
18690,420.37,5921.48,0.42,0.07
18691,1221.2,61969.3,0.52,0.02
18692,611.25,24714,0.83,0.02
18693,334.13,5322.32,0.6,0.06
18694,655.35,13151.3,0.38,0.05
18695,739.17,23374.1,0.54,0.03
18696,521.14,13169.6,0.61,0.04
18697,348.96,6191.83,0.64,0.06
18698,339.04,4684.62,0.51,0.07
18699,338.23,4623.38,0.51,0.07
18700,901.89,45753.4,0.71,0.02
18701,4013.02,819113,0.64,0
18702,61.03,183.81,0.62,0.33
18703,9412.5,2085780,0.3,0
18704,1851.75,215694,0.79,0.01
18705,1251,63181.6,0.51,0.02
18706,492.84,5660.6,0.29,0.09
18707,1833.45,146331,0.55,0.01
18708,3030.94,520163,0.71,0.01
18709,720.75,16908.7,0.41,0.04
18710,1699.18,147639,0.64,0.01
18711,1461.42,98674.4,0.58,0.01
18712,1504.84,131255,0.73,0.01
18713,1971.64,242273,0.78,0.01
18714,4798.85,1222980,0.67,0
18715,1654.34,106055,0.49,0.02
18716,195.25,1128.41,0.37,0.17
18717,803.57,23914.1,0.47,0.03
18718,1602.11,139085,0.68,0.01
18719,2021.1,227337,0.7,0.01
18720,2971.74,487104,0.69,0.01
18721,3055.14,516163,0.69,0.01
18722,1006.61,62156.2,0.77,0.02
18723,1052.41,45611.3,0.52,0.02
18724,625.35,21081.8,0.68,0.03
18725,1079.99,44980.9,0.48,0.02
18726,3820.47,846427,0.73,0
18727,4180.29,1039610,0.75,0
18728,2659.81,382542,0.68,0.01
18729,1292.24,99448.6,0.75,0.01
18730,464.58,9446.38,0.55,0.05
18731,394.06,4494.41,0.36,0.09
18732,318,2727.38,0.34,0.12
18733,5683.16,1795890,0.7,0
18734,3681.39,525760,0.49,0.01
18735,2980.85,375906,0.53,0.01
18736,3634.5,755073,0.72,0
18737,7325.31,2915910,0.68,0
18738,356.38,7433.21,0.74,0.05
18739,831.39,40876.3,0.74,0.02
18740,661.92,25602.5,0.73,0.03
18741,573.54,3128.71,0.12,0.18
18742,595.21,2664.77,0.09,0.22
18743,1256.1,77952.9,0.62,0.02
18744,724.23,31931.8,0.76,0.02
18745,107.02,532.89,0.58,0.2
18746,838.04,43544.6,0.78,0.02
18747,894.33,49984.1,0.78,0.02
18748,5590.36,852969,0.34,0.01
18749,1524.49,131636,0.71,0.01
18750,275.37,1105.68,0.18,0.25
18751,731.35,28783,0.68,0.03
18752,2296.53,193317,0.46,0.01
18753,821.52,19579.2,0.36,0.04
18754,1911.83,34524.7,0.12,0.06
18755,1916.65,79418.1,0.27,0.02
18756,2807.58,89712.9,0.14,0.03
18757,791.67,14289,0.29,0.06
18758,1211.59,66589.6,0.57,0.02
18759,2037.91,243058,0.74,0.01
18760,460.35,3045.06,0.18,0.15
18761,1115.99,76996.7,0.78,0.01
18762,749.79,26621.4,0.59,0.03
18763,2231.37,261918,0.66,0.01
18764,956.69,43813.5,0.6,0.02
18765,815.31,39693.3,0.75,0.02
18766,1469.36,105060,0.61,0.01
18767,2669.25,372519,0.66,0.01
18768,1283.73,104319,0.8,0.01
18769,10027.3,3033680,0.38,0
18770,1671.2,162320,0.73,0.01
18771,1501.88,83056.9,0.46,0.02
18772,5228.89,760874,0.35,0.01
18773,5260.26,1364220,0.62,0
18774,1972.87,221549,0.71,0.01
18775,2006.36,25290.3,0.08,0.08
18776,976.28,53980.6,0.71,0.02
18777,1471.37,110071,0.64,0.01
18778,1073.28,70132.6,0.76,0.02
18779,943.29,30010.1,0.42,0.03
18780,263.2,4298.55,0.78,0.06
18781,813.09,27722.1,0.53,0.03
18782,2282.94,323538,0.78,0.01
18783,2833.49,430014,0.67,0.01
18784,1347.98,111783,0.77,0.01
18785,1056.48,57732.3,0.65,0.02
18786,725.36,30914,0.74,0.02
18787,4289.63,675124,0.46,0.01
18788,1834.12,144223,0.54,0.01
18789,176.88,1246.96,0.5,0.14
18790,1492.57,92748.9,0.52,0.02
18791,3693.02,437504,0.4,0.01
18792,3363.08,284076,0.32,0.01
18793,486.9,7738.37,0.41,0.06
18794,1367.56,104403,0.7,0.01
18795,1394.3,96470.5,0.62,0.01
18796,2136.41,275757,0.76,0.01
18797,1608.56,123529,0.6,0.01
18798,2116.99,121763,0.34,0.02
18799,1671.71,121406,0.55,0.01
18800,715.22,23910.1,0.59,0.03
18801,1311.96,94966.3,0.69,0.01
18802,2407.03,324439,0.7,0.01
18803,2038.36,225869,0.68,0.01
18804,2305.67,193470,0.46,0.01
18805,2821.83,321033,0.51,0.01
18806,497.5,14862.8,0.75,0.03
18807,854.65,20052.2,0.34,0.04
18808,50.93,135.99,0.66,0.37
18809,817.62,21425.7,0.4,0.04
18810,830.59,22320.4,0.41,0.04
18811,627.41,23202.7,0.74,0.03
18812,862.49,22014.2,0.37,0.04
18813,858.73,22512.5,0.38,0.04
18814,684.34,28716.2,0.77,0.02
18815,2323.09,229019,0.53,0.01
18816,697.64,25485.3,0.66,0.03
18817,795.12,27968.8,0.56,0.03
18818,1055.23,24354,0.27,0.04
18819,105.39,466.13,0.53,0.23
18820,193.5,834.02,0.28,0.23
18821,151.41,771.24,0.42,0.2
18822,585.34,21409.2,0.78,0.03
18823,1083.68,62638.1,0.67,0.02
18824,1291,101694,0.77,0.01
18825,1067.85,70338.4,0.77,0.02
18826,1278.8,89074.2,0.68,0.01
18827,682.94,28908.8,0.78,0.02
18828,668.25,27505.9,0.77,0.02
18829,1042.46,64407,0.74,0.02
18830,592.97,19391.1,0.69,0.03
18831,1636.13,100394,0.47,0.02
18832,1147.68,66319,0.63,0.02
18833,1117.12,60280.3,0.61,0.02
18834,724.35,31241.3,0.75,0.02
18835,713.87,27192.8,0.67,0.03
18836,558.96,18761.7,0.75,0.03
18837,938.8,50236.9,0.72,0.02
18838,1153.55,84932.7,0.8,0.01
18839,1983.58,130151,0.42,0.02
18840,2036.24,227836,0.69,0.01
18841,2457.19,341521,0.71,0.01
18842,2453.96,289762,0.6,0.01
18843,4285.95,901545,0.62,0
18844,5041.04,1185250,0.59,0
18845,590.88,17299.2,0.62,0.03
18846,2942.52,324309,0.47,0.01
18847,1202.34,57875.8,0.5,0.02
18848,922.4,19110.4,0.28,0.05
18849,8630,2570320,0.43,0
18850,2623.98,319579,0.58,0.01
18851,42.74,81.42,0.56,0.52
18852,1434.18,109786,0.67,0.01
18853,1049.37,52038.5,0.59,0.02
18854,2581.27,199524,0.38,0.01
18855,4755.44,859230,0.48,0.01
18856,12527.9,3477270,0.28,0
18857,4395.32,643001,0.42,0.01
18858,3513.92,756389,0.77,0
18859,1354.5,87941.7,0.6,0.02
18860,162.86,1698.79,0.8,0.1
18861,990.18,58623.9,0.75,0.02
18862,8229.91,2467860,0.46,0
18863,1613.31,131154,0.63,0.01
18864,3238.14,64332.5,0.08,0.05
18865,2565.07,241197,0.46,0.01
18866,2468.04,290224,0.6,0.01
18867,974.06,38975.7,0.52,0.02
18868,1616.59,104715,0.5,0.02
18869,1038.67,29934,0.35,0.03
18870,40.44,94,0.72,0.43
18871,970.3,22740.2,0.3,0.04
18872,2406.99,228046,0.49,0.01
18873,129.73,351.24,0.26,0.37
18874,4511.14,714129,0.44,0.01
18875,2164.96,284008,0.76,0.01
18876,1465.05,113490,0.66,0.01
18877,1723.29,169542,0.72,0.01
18878,1782.38,153188,0.61,0.01
18879,1204.61,79301.8,0.69,0.02
18880,1342.77,102491,0.71,0.01
18881,2230.75,308571,0.78,0.01
18882,2231.76,308461,0.78,0.01
18883,1355.32,115816,0.79,0.01
18884,968.09,47488.1,0.64,0.02
18885,665.53,24011.6,0.68,0.03
18886,645.72,18964.9,0.57,0.03
18887,501.77,15716.6,0.78,0.03
18888,490.84,15131.3,0.79,0.03
18889,2641.17,425784,0.77,0.01
18890,1197.42,80404.4,0.7,0.01
18891,2964.04,354364,0.51,0.01
18892,733.8,25358.4,0.59,0.03
18893,3354.25,474098,0.53,0.01
18894,1782.94,130502,0.52,0.01
18895,1575.76,83101.8,0.42,0.02
18896,797.61,15370.5,0.3,0.05
18897,540.4,7034.36,0.3,0.08
18898,1748.13,189384,0.78,0.01
18899,1639.61,164811,0.77,0.01
18900,516.15,9338.37,0.44,0.06
18901,315.6,5547.88,0.7,0.06
18902,298.19,4606.24,0.65,0.06
18903,260.48,3948.89,0.73,0.07
18904,608.38,18337,0.62,0.03
18905,612.75,18631.4,0.62,0.03
18906,619.55,19318.9,0.63,0.03
18907,329.79,6795.95,0.78,0.05
18908,527.19,15023.1,0.68,0.04
18909,752.86,19451.6,0.43,0.04
18910,477.41,8065.81,0.44,0.06
18911,401.26,10034,0.78,0.04
18912,1783.25,134308,0.53,0.01
18913,1334.39,71330.4,0.5,0.02
18914,150.2,1474.92,0.82,0.1
18915,3911.64,926919,0.76,0
18916,581.34,15403.4,0.57,0.04
18917,586.85,15519,0.57,0.04
18918,5535.81,1189740,0.49,0
18919,401.94,8867.24,0.69,0.05
18920,186.06,2158.83,0.78,0.09
18921,941.36,31535.5,0.45,0.03
18922,3258.4,513429,0.61,0.01
18923,2524.34,371123,0.73,0.01
18924,1324.24,89272.4,0.64,0.01
18925,2862.51,512080,0.78,0.01
18926,2201.03,280909,0.73,0.01
18927,2401.98,283997,0.62,0.01
18928,186.28,1491.33,0.54,0.12
18929,375.49,8278.47,0.74,0.05
18930,1488.48,30827.8,0.17,0.05
18931,886.78,5180.15,0.08,0.17
18932,1485.57,117235,0.67,0.01
18933,587.76,12493.3,0.45,0.05
18934,959.6,24517.3,0.33,0.04
18935,195.29,1628.71,0.54,0.12
18936,1405.61,81252.1,0.52,0.02
18937,1323.65,103802,0.74,0.01
18938,77.38,224,0.47,0.35
18939,1180.71,85951.5,0.77,0.01
18940,1740.9,171554,0.71,0.01
18941,1013.77,63807.5,0.78,0.02
18942,1026.55,64715.6,0.77,0.02
18943,1401.57,117569,0.75,0.01
18944,1333.85,105487,0.74,0.01
18945,3209.21,463031,0.56,0.01
18946,1475.42,115379,0.67,0.01
18947,636.09,24534.3,0.76,0.03
18948,861.37,47170.8,0.8,0.02
18949,756.23,33110.7,0.73,0.02
18950,1231.75,83565,0.69,0.01
18951,1123.97,64567.7,0.64,0.02
18952,546.41,18289.5,0.77,0.03
18953,541.32,18135.4,0.78,0.03
18954,1191.67,66334.7,0.59,0.02
18955,937.61,31709.4,0.45,0.03
18956,372.07,6487.6,0.59,0.06
18957,522.42,9904.96,0.46,0.05
18958,519.15,9934.99,0.46,0.05
18959,535.94,17413.1,0.76,0.03
18960,955.43,43100.4,0.59,0.02
18961,1388.46,116782,0.76,0.01
18962,1521.77,143863,0.78,0.01
18963,1630.91,165516,0.78,0.01
18964,286.05,1710.9,0.26,0.17
18965,550.42,3649.15,0.15,0.15
18966,4191.44,1094150,0.78,0
18967,157.33,443.05,0.22,0.36
18968,153.64,1267.36,0.67,0.12
18969,63.81,163.56,0.5,0.39
18970,992.11,46640.1,0.6,0.02
18971,1031.48,49175.3,0.58,0.02
18972,1028.37,26292.1,0.31,0.04
18973,937.09,21385,0.31,0.04
18974,1939.91,180097,0.6,0.01
18975,919.36,54160.7,0.8,0.02
18976,95.81,391.63,0.54,0.24
18977,2551.65,305223,0.59,0.01
18978,233.09,886.34,0.2,0.26
18979,1035.37,50855.3,0.6,0.02
18980,36.36,74.15,0.7,0.49
18981,3097.4,464303,0.61,0.01
18982,37.76,80.14,0.71,0.47
18983,2279.25,65215.8,0.16,0.03
18984,967.87,53603.3,0.72,0.02
18985,1520.12,145572,0.79,0.01
18986,1962.51,94022,0.31,0.02
18987,858.3,46163.8,0.79,0.02
18988,2318.11,295451,0.69,0.01
18989,2199.73,270021,0.7,0.01
18990,2287.27,307240,0.74,0.01
18991,704.82,20859.7,0.53,0.03
18992,333.99,3561.71,0.4,0.09
18993,907.14,31629.8,0.48,0.03
18994,1065.86,45331.8,0.5,0.02
18995,3672.5,602595,0.56,0.01
18996,1111.61,73966.6,0.75,0.02
18997,728.87,32163.2,0.76,0.02
18998,746.8,35059.1,0.79,0.02
18999,1683.59,175416,0.78,0.01
19000,1120.09,71051.3,0.71,0.02
19001,1696.68,164249,0.72,0.01
19002,1922.23,179817,0.61,0.01
19003,887.46,45478,0.73,0.02
19004,1232.7,43895.7,0.36,0.03
19005,609.47,22036.5,0.75,0.03
19006,862.56,45603.4,0.77,0.02
19007,2771.38,74094.6,0.12,0.04
19008,721.67,28169,0.68,0.03
19009,650.65,22746.3,0.67,0.03
19010,443.49,13139.5,0.84,0.03
19011,2045.38,75172.1,0.23,0.03
19012,846.65,40658.6,0.71,0.02
19013,705,20025.7,0.51,0.04
19014,861.32,44125.5,0.75,0.02
19015,500.5,14978.8,0.75,0.03
19016,481.62,14521.6,0.79,0.03
19017,468.5,12991,0.74,0.04
19018,1090.34,74146.3,0.78,0.01
19019,519.59,16901.9,0.79,0.03
19020,669.81,28869.6,0.81,0.02
19021,303.91,4483.42,0.61,0.07
19022,615.91,20400.9,0.68,0.03
19023,678.81,27851.6,0.76,0.02
19024,731.88,24369.5,0.57,0.03
19025,510.39,10493.6,0.51,0.05
19026,267.28,3581.62,0.63,0.07
19027,593.94,17885.2,0.64,0.03
19028,467.33,12527,0.72,0.04
19029,637.57,25696.1,0.79,0.02
19030,863.01,23441.4,0.4,0.04
19031,675.01,24532.8,0.68,0.03
19032,379.18,8869.72,0.77,0.04
19033,646.76,26293,0.79,0.02
19034,193.44,2332.9,0.78,0.08
19035,137.74,1039.82,0.69,0.13
19036,157.73,1497.29,0.76,0.11
19037,375.03,7805.34,0.7,0.05
19038,1329.17,99565.3,0.71,0.01
19039,1496.33,135392,0.76,0.01
19040,617.81,23297.6,0.77,0.03
19041,958.89,55481,0.76,0.02
19042,644.48,24467.9,0.74,0.03
19043,677.58,29208.5,0.8,0.02
19044,939.3,49726.7,0.71,0.02
19045,648.18,24444.6,0.73,0.03
19046,1219.56,80051.3,0.68,0.02
19047,3787.66,731150,0.64,0.01
19048,1077.24,67691.9,0.73,0.02
19049,1263.38,37247.7,0.29,0.03
19050,460.77,13565,0.8,0.03
19051,1452.3,129354,0.77,0.01
19052,727.26,19003.4,0.45,0.04
19053,471.82,13789.9,0.78,0.03
19054,1626.47,100162,0.48,0.02
19055,894.86,41320.9,0.65,0.02
19056,628.5,15794.7,0.5,0.04
19057,685.57,29317.6,0.78,0.02
19058,763.67,36029.8,0.78,0.02
19059,688.77,29611.7,0.78,0.02
19060,281.33,4942.81,0.78,0.06
19061,246.4,3728.83,0.77,0.07
19062,252.03,3889.88,0.77,0.06
19063,1548.33,145822,0.76,0.01
19064,1371.39,90022,0.6,0.02
19065,3257.18,520700,0.62,0.01
19066,449.64,2374.14,0.15,0.19
19067,1064.29,66660.5,0.74,0.02
19068,979.7,55075.4,0.72,0.02
19069,1103.68,71464.8,0.74,0.02
19070,1551.03,103567,0.54,0.01
19071,1654.64,150209,0.69,0.01
19072,1638.11,146203,0.68,0.01
19073,2011.75,214685,0.67,0.01
19074,575.61,2787.78,0.11,0.21
19075,1389.4,82387.4,0.54,0.02
19076,921.53,54575.8,0.81,0.02
19077,964.83,57337.6,0.77,0.02
19078,920.55,44720.2,0.66,0.02
19079,509.8,15820.9,0.76,0.03
19080,777.07,34305.5,0.71,0.02
19081,775.46,32357.5,0.68,0.02
19082,328.3,5642.43,0.66,0.06
19083,32.94,67.2,0.78,0.49
19084,911.77,49847.8,0.75,0.02
19085,1218.57,88661.8,0.75,0.01
19086,1159.98,76452.8,0.71,0.02
19087,902.59,50022,0.77,0.02
19088,855.62,44531.3,0.76,0.02
19089,1448.03,135240,0.81,0.01
19090,1390.43,119954,0.78,0.01
19091,1263.93,95727.9,0.75,0.01
19092,830.3,37540.8,0.68,0.02
19093,2181.11,264150,0.7,0.01
19094,261.31,790.93,0.15,0.33
19095,1346.8,105377,0.73,0.01
19096,871.57,47432.5,0.78,0.02
19097,935.09,53347.4,0.77,0.02
19098,838.25,43579.7,0.78,0.02
19099,927.11,53547.8,0.78,0.02
19100,1607.19,160519,0.78,0.01
19101,3112.59,490196,0.64,0.01
19102,2996.12,414480,0.58,0.01
19103,4774,572586,0.32,0.01
19104,233.87,3319.4,0.76,0.07
19105,1325.24,40950.5,0.29,0.03
19106,304.35,4125.68,0.56,0.07
19107,365.37,5861.21,0.55,0.06
19108,1386.16,119000,0.78,0.01
19109,1333.59,79863.1,0.56,0.02
19110,1249.93,89761.5,0.72,0.01
19111,1698.53,143755,0.63,0.01
19112,812.07,32028.6,0.61,0.03
19113,1697.71,148055,0.65,0.01
19114,4626.16,1008850,0.59,0
19115,1232.89,96682.5,0.8,0.01
19116,1184.4,86780.8,0.78,0.01
19117,2644.8,392930,0.71,0.01
19118,1943.5,156449,0.52,0.01
19119,1229.64,86961.7,0.72,0.01
19120,3931.56,802526,0.65,0
19121,1317.62,104702,0.76,0.01
19122,1236.15,92442.8,0.76,0.01
19123,1579.82,146856,0.74,0.01
19124,2188.95,217413,0.57,0.01
19125,1111.74,78316.7,0.8,0.01
19126,1423.21,122485,0.76,0.01
19127,1634.04,147816,0.7,0.01
19128,1850.38,191402,0.7,0.01
19129,2387.59,354645,0.78,0.01
19130,1894.4,207186,0.73,0.01
19131,162.54,1321.68,0.63,0.12
19132,105.99,603.88,0.68,0.18
19133,120.22,793.03,0.69,0.15
19134,1337.83,97461.1,0.68,0.01
19135,1793.48,177728,0.69,0.01
19136,1425.88,107802,0.67,0.01
19137,273.24,1472.82,0.25,0.19
19138,382.1,3872.89,0.33,0.1
19139,363.52,7521.87,0.71,0.05
19140,4552.52,898136,0.54,0.01
19141,631.74,3109.3,0.1,0.2
19142,3649.65,136299,0.13,0.03
19143,4300.55,801458,0.54,0.01
19144,1728.25,147814,0.62,0.01
19145,817.52,38831.7,0.73,0.02
19146,1886.17,202388,0.71,0.01
19147,1616.72,161844,0.78,0.01
19148,1491.55,133997,0.76,0.01
19149,1303.55,100230,0.74,0.01
19150,1225.25,94296.3,0.79,0.01
19151,1585.22,156348,0.78,0.01
19152,1484.89,111073,0.63,0.01
19153,1685.35,170245,0.75,0.01
19154,1686.15,168570,0.74,0.01
19155,1989.89,220262,0.7,0.01
19156,1343.55,112840,0.79,0.01
19157,1962.84,245976,0.8,0.01
19158,2285.5,326849,0.79,0.01
19159,2761.04,20038.9,0.03,0.14
19160,3647.02,29507.4,0.03,0.12
19161,3724.78,738858,0.67,0.01
19162,2659.79,424758,0.75,0.01
19163,3304.47,663078,0.76,0
19164,2780.78,397494,0.65,0.01
19165,2340.04,263987,0.61,0.01
19166,2718.83,374074,0.64,0.01
19167,806.05,21754.3,0.42,0.04
19168,323.11,5886.88,0.71,0.05
19169,499.51,11271.4,0.57,0.04
19170,1174.17,72328,0.66,0.02
19171,559.85,5850.86,0.23,0.1
19172,1159.08,83963.8,0.78,0.01
19173,1315.8,98248.2,0.71,0.01
19174,1059.13,65499.3,0.73,0.02
19175,1114.42,77229.5,0.78,0.01
19176,1581.33,111404,0.56,0.01
19177,2273.71,78291.6,0.19,0.03
19178,2750.08,98885.8,0.16,0.03
19179,3267.3,144278,0.17,0.02
19180,493.55,12901.5,0.67,0.04
19181,1473.9,58612.6,0.34,0.03
19182,1681.86,168006,0.75,0.01
19183,1271.4,90446.4,0.7,0.01
19184,1216.83,50781.9,0.43,0.02
19185,140.22,998.62,0.64,0.14
19186,4007.43,353166,0.28,0.01
19187,1091.26,38397.3,0.4,0.03
19188,633.4,25269.3,0.79,0.03
19189,922.19,53498.6,0.79,0.02
19190,89.18,308.98,0.49,0.29
19191,934.45,12710.9,0.18,0.07
19192,367.16,8292.62,0.77,0.04
19193,852.77,36991.5,0.64,0.02
19194,774.73,24551.3,0.51,0.03
19195,1934.46,198507,0.67,0.01
19196,444.68,11949.4,0.76,0.04
19197,1339.04,61371.8,0.43,0.02
19198,633.43,24380.8,0.76,0.03
19199,129.87,604.63,0.45,0.21
19200,601.87,19460.6,0.67,0.03
19201,455.09,12957.3,0.79,0.04
19202,1129.83,11567.2,0.11,0.1
19203,4655.07,214529,0.12,0.02
19204,153.22,928.19,0.5,0.17
19205,88.98,418.59,0.66,0.21
19206,89.14,321.79,0.51,0.28
19207,675.83,13751,0.38,0.05
19208,970.31,28204.2,0.38,0.03
19209,223.06,2574.45,0.65,0.09
19210,331.06,6242.68,0.72,0.05
19211,356.54,7438.57,0.73,0.05
19212,268.85,2644.04,0.46,0.1
19213,272.06,1945.01,0.33,0.14
19214,380.97,8683.66,0.75,0.04
19215,390.83,9487.32,0.78,0.04
19216,614.61,8327.7,0.28,0.07
19217,711.31,21783.7,0.54,0.03
19218,146.58,1550.57,0.91,0.09
19219,461.42,8129.28,0.48,0.06
19220,230.48,2723.45,0.64,0.08
19221,278.95,4632.64,0.75,0.06
19222,318.53,6290.53,0.78,0.05
19223,283.74,4901.41,0.76,0.06
19224,221.28,2495.72,0.64,0.09
19225,1039.37,37470.8,0.44,0.03
19226,670.63,26079,0.73,0.03
19227,191.43,2202.23,0.75,0.09
19228,158.86,1573.64,0.78,0.1
19229,500.01,14539.7,0.73,0.03
19230,251.71,3911.51,0.78,0.06
19231,202.99,2228.65,0.68,0.09
19232,1733.3,184662,0.77,0.01
19233,1386.8,114308,0.75,0.01
19234,64.49,153.93,0.46,0.42
19235,1280.33,100636,0.77,0.01
19236,1747.36,186229,0.77,0.01
19237,1515.11,143036,0.78,0.01
19238,2546.3,240852,0.47,0.01
19239,1969.63,232568,0.75,0.01
19240,2243.39,175005,0.44,0.01
19241,240.03,3025.35,0.66,0.08
19242,638.51,20763,0.64,0.03
19243,376.91,6946,0.61,0.05
19244,1611.48,71761.8,0.35,0.02
19245,458.55,13015,0.78,0.04
19246,298.07,4739.16,0.67,0.06
19247,289.25,3637.69,0.55,0.08
19248,431.89,10427.9,0.7,0.04
19249,46.02,87.21,0.52,0.53
19250,328.08,5479.57,0.64,0.06
19251,4427.13,851280,0.55,0.01
19252,900.96,48697.5,0.75,0.02
19253,39.55,71.79,0.58,0.55
19254,1631.36,161351,0.76,0.01
19255,1634.81,157915,0.74,0.01
19256,1523.67,140412,0.76,0.01
19257,1667.88,160653,0.73,0.01
19258,196.6,962.46,0.31,0.2
19259,3204.42,537186,0.66,0.01
19260,991.38,19244.1,0.25,0.05
19261,1147.65,39790.6,0.38,0.03
19262,476.47,10908.9,0.6,0.04
19263,83.27,481.1,0.87,0.17
19264,357.21,6698.37,0.66,0.05
19265,454.24,11227.7,0.68,0.04
19266,182.03,1639.27,0.62,0.11
19267,181.14,2086.38,0.8,0.09
19268,221.44,2576.75,0.66,0.09
19269,251.05,3831.68,0.76,0.07
19270,330.53,5443.69,0.63,0.06
19271,157.91,1361.09,0.69,0.12
19272,545.41,11169,0.47,0.05
19273,275.79,4096.12,0.68,0.07
19274,251.22,3267.49,0.65,0.08
19275,91.15,422.94,0.64,0.22
19276,101.12,737.58,0.91,0.14
19277,238.07,3443.72,0.76,0.07
19278,447.74,9239.29,0.58,0.05
19279,329.38,3251.48,0.38,0.1
19280,72.76,361.6,0.86,0.2
19281,335.78,5456.5,0.61,0.06
19282,450.92,10456.9,0.65,0.04
19283,459.8,3401.48,0.2,0.14
19284,475.66,10415.2,0.58,0.05
19285,224.5,2515.92,0.63,0.09
19286,366.91,5135.47,0.48,0.07
19287,176.08,1567.02,0.63,0.11
19288,1228.88,18029.7,0.15,0.07
19289,215.19,2907.36,0.79,0.07
19290,241.2,3935.74,0.85,0.06
19291,264.37,4076.38,0.73,0.06
19292,225.48,2521.32,0.62,0.09
19293,1238.9,94351.6,0.77,0.01
19294,1682.79,169142,0.75,0.01
19295,1338.28,110983,0.78,0.01
19296,1082.65,74633.7,0.8,0.01
19297,1908.69,218028,0.75,0.01
19298,27.68,13.22,0.22,2.09
19299,1625.16,122293,0.58,0.01
19300,24.88,15.72,0.32,1.58
19301,235.21,1811.37,0.41,0.13
19302,997.26,57505.1,0.73,0.02
19303,352.73,2633.31,0.27,0.13
19304,1218.62,91509.3,0.77,0.01
19305,1122.88,62261.2,0.62,0.02
19306,1027.48,60562.7,0.72,0.02
19307,1098.16,76551.4,0.8,0.01
19308,1635.51,128803,0.6,0.01
19309,2062.08,226819,0.67,0.01
19310,323.47,6280.58,0.75,0.05
19311,671.85,26259.8,0.73,0.03
19312,508.34,9136.88,0.44,0.06
19313,1873.33,215582,0.77,0.01
19314,476.58,10941.5,0.61,0.04
19315,2801.21,290022,0.46,0.01
19316,2041.21,176480,0.53,0.01
19317,140.25,966.05,0.62,0.15
19318,901.94,50205.8,0.78,0.02
19319,1662.38,130816,0.59,0.01
19320,901.2,46057.9,0.71,0.02
19321,734.93,27558.9,0.64,0.03
19322,1224.69,92198.6,0.77,0.01
19323,730.6,31767.7,0.75,0.02
19324,953.05,48546.4,0.67,0.02
19325,1753.55,177353,0.72,0.01
19326,307.58,5792.77,0.77,0.05
19327,2631.23,424866,0.77,0.01
19328,696.69,17371,0.45,0.04
19329,2342.03,300887,0.69,0.01
19330,328.24,2174.51,0.25,0.15
19331,313.98,2231.98,0.28,0.14
19332,805.05,39461.9,0.76,0.02
19333,1814.8,163290,0.62,0.01
19334,2850.88,337550,0.52,0.01
19335,913.79,53853.6,0.81,0.02
19336,739.37,28268,0.65,0.03
19337,161.4,674.01,0.32,0.24
19338,2450.57,306940,0.64,0.01
19339,1784.22,166028,0.66,0.01
19340,206.76,447.26,0.13,0.46
19341,1472.13,133575,0.77,0.01
19342,152.24,989.91,0.54,0.15
19343,610.75,20113.3,0.68,0.03
19344,203.49,451.16,0.14,0.45
19345,400.19,10119.2,0.79,0.04
19346,408.95,10505.5,0.79,0.04
19347,757.6,35585.1,0.78,0.02
19348,1672.29,172835,0.78,0.01
19349,926.33,52912.9,0.77,0.02
19350,793.41,35737.2,0.71,0.02
19351,620.99,23836.2,0.78,0.03
19352,1609.23,124824,0.61,0.01
19353,1317.06,102599,0.74,0.01
19354,1342.07,90090,0.63,0.01
19355,219.66,3014.65,0.78,0.07
19356,346.71,6218.39,0.65,0.06
19357,232.36,3206.04,0.75,0.07
19358,238.19,3533.81,0.78,0.07
19359,2112.54,234554,0.66,0.01
19360,946.32,50148.2,0.7,0.02
19361,755.3,22864.5,0.5,0.03
19362,791.86,28048.6,0.56,0.03
19363,1089.8,72663.1,0.77,0.01
19364,401.78,3231.63,0.25,0.12
19365,452.23,12316.2,0.76,0.04
19366,560.34,15002.7,0.6,0.04
19367,470.57,4647.28,0.26,0.1
19368,341.16,3268.73,0.35,0.1
19369,128.5,1032.6,0.79,0.12
19370,191.75,903.88,0.31,0.21
19371,1654.67,118313,0.54,0.01
19372,582.62,20113.7,0.74,0.03
19373,773.88,33800.6,0.71,0.02
19374,1032.52,58545.5,0.69,0.02
19375,351.27,5911.75,0.6,0.06
19376,207.14,2406.07,0.7,0.09
19377,850.77,44372.1,0.77,0.02
19378,614.8,16369,0.54,0.04
19379,820.42,41039,0.77,0.02
19380,512.03,15853.6,0.76,0.03
19381,1597.73,157931,0.78,0.01
19382,714.56,29076,0.72,0.02
19383,3325.32,359383,0.41,0.01
19384,1238.94,36291.6,0.3,0.03
19385,2258.43,242584,0.6,0.01
19386,719.9,32226.7,0.78,0.02
19387,807.26,41281.8,0.8,0.02
19388,2195.37,287127,0.75,0.01
19389,1124.76,70952.7,0.7,0.02
19390,756.92,35412.3,0.78,0.02
19391,664.59,27422.4,0.78,0.02
19392,1171.04,84091.2,0.77,0.01
19393,615.55,21492.3,0.71,0.03
19394,1052.96,29797.1,0.34,0.04
19395,574.77,14174.2,0.54,0.04
19396,1969.25,161420,0.52,0.01
19397,839.4,45747,0.82,0.02
19398,1143.98,79312.4,0.76,0.01
19399,1184.67,77965.4,0.7,0.02
19400,2197.15,283005,0.74,0.01
19401,1029.78,52298.4,0.62,0.02
19402,1640.35,128417,0.6,0.01
19403,516.02,16928.8,0.8,0.03
19404,939.42,40778.6,0.58,0.02
19405,1606.57,54691.7,0.27,0.03
19406,2153.6,247734,0.67,0.01
19407,1794.94,157069,0.61,0.01
19408,2537.47,366491,0.71,0.01
19409,724.79,30141.4,0.72,0.02
19410,970.62,32109.2,0.43,0.03
19411,49.12,96.49,0.5,0.51
19412,1540.24,135301,0.72,0.01
19413,1379.4,86348.2,0.57,0.02
19414,1696.54,173110,0.76,0.01
19415,12.89,0.17,0.01,75.82
19416,3851.53,925060,0.78,0
19417,1672.38,150766,0.68,0.01
19418,1401.54,117978,0.75,0.01
19419,1808.75,204255,0.78,0.01
19420,1782.34,196920,0.78,0.01
19421,1580.05,144849,0.73,0.01
19422,1639.7,16618.9,0.08,0.1
19423,1269.97,85833.1,0.67,0.01
19424,719.65,28765.5,0.7,0.03
19425,785.64,37025,0.75,0.02
19426,1401.85,117669,0.75,0.01
19427,3187.57,627439,0.78,0.01
19428,1171.23,76408.9,0.7,0.02
19429,783.11,37738,0.77,0.02
19430,652.82,22915.4,0.68,0.03
19431,753.66,34174.6,0.76,0.02
19432,443.74,4041.39,0.26,0.11
19433,2893.19,518238,0.78,0.01
19434,2253.15,317751,0.79,0.01
19435,1558.57,141555,0.73,0.01
19436,3396.19,644614,0.7,0.01
19437,1017.94,34596.8,0.42,0.03
19438,42.26,88.69,0.62,0.48
19439,1060.45,39403.8,0.44,0.03
19440,93.48,426.56,0.61,0.22
19441,2451.38,249139,0.52,0.01
19442,317.19,2676.76,0.33,0.12
19443,214.2,751.74,0.21,0.28
19444,1555.85,147788,0.77,0.01
19445,1033.01,56013,0.66,0.02
19446,1638.73,163170,0.76,0.01
19447,261.57,1437.22,0.26,0.18
19448,2047.74,236443,0.71,0.01
19449,988.55,59749.4,0.77,0.02
19450,849.9,39736.6,0.69,0.02
19451,98.86,407.24,0.52,0.24
19452,570.08,20922.4,0.81,0.03
19453,710.25,30472.2,0.76,0.02
19454,349.93,6587.34,0.68,0.05
19455,319.24,4638.11,0.57,0.07
19456,1025.3,63555.1,0.76,0.02
19457,1557.13,110363,0.57,0.01
19458,43.62,87.59,0.58,0.5
19459,606.29,11784.7,0.4,0.05
19460,89.02,356.22,0.56,0.25
19461,638.96,12786.5,0.39,0.05
19462,335.02,2540.29,0.28,0.13
19463,792.06,36222.9,0.73,0.02
19464,810.39,41913.3,0.8,0.02
19465,50.3,124.93,0.62,0.4
19466,2001.38,187815,0.59,0.01
19467,2374.58,321809,0.72,0.01
19468,267.51,2482.13,0.44,0.11
19469,956.5,38421.1,0.53,0.02
19470,940.47,9299.85,0.13,0.1
19471,1109.13,58247,0.59,0.02
19472,1118.65,65813.1,0.66,0.02
19473,2143.5,284984,0.78,0.01
19474,923.45,46392.6,0.68,0.02
19475,5051.54,1170490,0.58,0
19476,295.6,1128.99,0.16,0.26
19477,504,14328.1,0.71,0.04
19478,1028.48,47290.9,0.56,0.02
19479,632.02,17342.7,0.55,0.04
19480,2760.7,450142,0.74,0.01
19481,1954.5,216447,0.71,0.01
19482,399.04,9424.14,0.74,0.04
19483,423.43,10692.1,0.75,0.04
19484,348.16,4957.42,0.51,0.07
19485,1191.09,80501.4,0.71,0.01
19486,3288.85,451519,0.52,0.01
19487,5114.01,718701,0.35,0.01
19488,926.6,51554.4,0.75,0.02
19489,353.75,7557.34,0.76,0.05
19490,1019.01,49074.2,0.59,0.02
19491,2172.71,190929,0.51,0.01
19492,1135.55,63171.9,0.62,0.02
19493,602.22,22340.3,0.77,0.03
19494,7407.71,1751350,0.4,0
19495,11036.8,3311990,0.34,0
19496,282.97,4265.73,0.67,0.07
19497,820.45,30123.1,0.56,0.03
19498,334.34,1967.94,0.22,0.17
19499,117.3,649.85,0.59,0.18
19500,381.77,8923.6,0.77,0.04
19501,465.16,12539.1,0.73,0.04
19502,235.21,3370.12,0.77,0.07
19503,241.18,3516.84,0.76,0.07
19504,298.33,4649.66,0.66,0.06
19505,209.59,3142.08,0.9,0.07
19506,3468.17,482970,0.5,0.01
19507,662.93,24647.4,0.7,0.03
19508,8034.95,3345910,0.65,0
19509,435.23,5923.38,0.39,0.07
19510,135.02,871.3,0.6,0.15
19511,98.39,468.67,0.61,0.21
19512,1947.7,132935,0.44,0.01
19513,520.31,7460.6,0.35,0.07
19514,500.87,8307.78,0.42,0.06
19515,849.17,44696.8,0.78,0.02
19516,765.71,36419.6,0.78,0.02
19517,3855.17,737463,0.62,0.01
19518,121.78,853.82,0.72,0.14
19519,875.71,47394.8,0.78,0.02
19520,666.31,23081.6,0.65,0.03
19521,719.32,30957.5,0.75,0.02
19522,1028.96,62274.5,0.74,0.02
19523,2145.02,240894,0.66,0.01
19524,6771.15,1411320,0.39,0
19525,630.03,24622.7,0.78,0.03
19526,454.37,12164.5,0.74,0.04
19527,912.94,53960.7,0.81,0.02
19528,199.97,2390.1,0.75,0.08
19529,313.6,4652.85,0.59,0.07
19530,2265.34,246486,0.6,0.01
19531,377.73,8847.39,0.78,0.04
19532,1373.84,111718,0.74,0.01
19533,438.03,11564.6,0.76,0.04
19534,753.07,28999.4,0.64,0.03
19535,509.4,15513.2,0.75,0.03
19536,552.47,18860.2,0.78,0.03
19537,592.3,21904.3,0.78,0.03
19538,869.36,42640.2,0.71,0.02
19539,481.82,13880.2,0.75,0.03
19540,657.86,27249,0.79,0.02
19541,1017.95,63708.5,0.77,0.02
19542,610.52,19422.7,0.65,0.03
19543,802.71,40081.3,0.78,0.02
19544,1927,193411,0.65,0.01
19545,135.99,1141.78,0.78,0.12
19546,926.51,44410.9,0.65,0.02
19547,864.58,17274.4,0.29,0.05
19548,1754.72,60597.7,0.25,0.03
19549,613.32,15543.7,0.52,0.04
19550,4115.6,1021690,0.76,0
19551,156.13,958.11,0.49,0.16
19552,435.99,11245.7,0.74,0.04
19553,325.07,6763.2,0.8,0.05
19554,979.04,47088.4,0.62,0.02
19555,754.63,10629.3,0.23,0.07
19556,620.79,15236.2,0.5,0.04
19557,414.65,7329.67,0.54,0.06
19558,314.57,4752.15,0.6,0.07
19559,536.18,17954.8,0.78,0.03
19560,375.78,7919.14,0.7,0.05
19561,449.14,12342.3,0.77,0.04
19562,171.63,1791.92,0.76,0.1
19563,433.64,10545.6,0.7,0.04
19564,245.33,3360.18,0.7,0.07
19565,180.08,1805.73,0.7,0.1
19566,1213.97,26746.1,0.23,0.05
19567,13490,5845440,0.4,0
19568,519.19,16018.2,0.75,0.03
19569,1386.54,120006,0.78,0.01
19570,1182.38,76799.8,0.69,0.02
19571,39.77,78.1,0.62,0.51
19572,934.49,54069.7,0.78,0.02
19573,997.89,61099.2,0.77,0.02
19574,2550.39,169017,0.33,0.02
19575,525.15,17187.5,0.78,0.03
19576,1349.07,82309.7,0.57,0.02
19577,2758.66,421650,0.7,0.01
19578,252.64,1709.02,0.34,0.15
19579,2221.2,225745,0.57,0.01
19580,598.9,21406.5,0.75,0.03
19581,1030.45,61253.9,0.72,0.02
19582,4748.67,479053,0.27,0.01
19583,1067.98,42210.7,0.46,0.03
19584,269.25,3721.96,0.64,0.07
19585,267.05,3607.38,0.64,0.07
19586,258.32,3316.51,0.62,0.08
19587,260.15,3604.01,0.67,0.07
19588,502.25,7228.07,0.36,0.07
19589,586.33,15818.8,0.58,0.04
19590,849.7,42589.3,0.74,0.02
19591,722.44,26505.7,0.64,0.03
19592,764.34,31712.6,0.68,0.02
19593,2345.09,226535,0.52,0.01
19594,3820.87,731999,0.63,0.01
19595,761.16,9926.14,0.22,0.08
19596,2721.77,196544,0.33,0.01
19597,208.88,1308.18,0.38,0.16
19598,2379.96,266690,0.59,0.01
19599,2221.4,244246,0.62,0.01
19600,2027.93,166956,0.51,0.01
19601,2928.59,531297,0.78,0.01
19602,1650.82,161776,0.75,0.01
19603,1324.67,71989.9,0.52,0.02
19604,736.02,33324.2,0.77,0.02
19605,778.78,36665.3,0.76,0.02
19606,619.32,22614.6,0.74,0.03
19607,785.03,30967.2,0.63,0.03
19608,3015.85,275678,0.38,0.01
19609,1440.86,119746,0.72,0.01
19610,3183.51,110482,0.14,0.03
19611,4999.16,1058350,0.53,0
19612,976.88,34031.4,0.45,0.03
19613,1264.8,90083.4,0.71,0.01
19614,1400.54,100468,0.64,0.01
19615,602.51,23577.5,0.82,0.03
19616,2192.43,243141,0.64,0.01
19617,1028.3,64673.4,0.77,0.02
19618,1354.97,105712,0.72,0.01
19619,805.91,41132.9,0.8,0.02
19620,1115.11,78099.4,0.79,0.01
19621,924.37,51921.6,0.76,0.02
19622,922.25,42116.3,0.62,0.02
19623,1404.81,123574,0.79,0.01
19624,1209.61,62949.6,0.54,0.02
19625,1109.47,74874.3,0.76,0.01
19626,1769.03,151189,0.61,0.01
19627,954.88,46476.6,0.64,0.02
19628,804.61,37650.4,0.73,0.02
19629,949.41,40068.7,0.56,0.02
19630,1056.28,56274.7,0.63,0.02
19631,459.29,10461,0.62,0.04
19632,474.76,10328.5,0.58,0.05
19633,1243.85,96670.6,0.78,0.01
19634,1558.38,150867,0.78,0.01
19635,3148.83,551238,0.7,0.01
19636,354.51,3033.22,0.3,0.12
19637,324.5,2442.65,0.29,0.13
19638,99.73,429.32,0.54,0.23
19639,4927.25,688221,0.36,0.01
19640,1598.29,159157,0.78,0.01
19641,1731.77,172383,0.72,0.01
19642,1728.89,185342,0.78,0.01
19643,1339.6,99941.6,0.7,0.01
19644,1034.68,65836.6,0.77,0.02
19645,1122.23,78330.5,0.78,0.01
19646,1487.52,109703,0.62,0.01
19647,410.68,6368.62,0.47,0.06
19648,1820.08,124567,0.47,0.01
19649,956.49,52672.5,0.72,0.02
19650,1167.18,85548.9,0.79,0.01
19651,1067.89,68873.2,0.76,0.02
19652,120.4,607.32,0.53,0.2
19653,1317.1,68567.5,0.5,0.02
19654,55.69,233.96,0.95,0.24
19655,912.92,47826.7,0.72,0.02
19656,968.25,53537.2,0.72,0.02
19657,1695.7,179900,0.79,0.01
19658,1814.88,208940,0.8,0.01
19659,1810.19,200188,0.77,0.01
19660,1229.17,70706.6,0.59,0.02
19661,688.79,22549.2,0.6,0.03
19662,2846.51,390011,0.6,0.01
19663,603.01,19575.9,0.68,0.03
19664,1899.02,138942,0.48,0.01
19665,1985.53,219664,0.7,0.01
19666,859.14,45439.2,0.77,0.02
19667,1050.93,38424.8,0.44,0.03
19668,1064.22,65962.2,0.73,0.02
19669,1421.79,117909,0.73,0.01
19670,5484.67,1156390,0.48,0
19671,424.55,10362.5,0.72,0.04
19672,11591.4,2504890,0.23,0
19673,636.59,23759.4,0.74,0.03
19674,694.67,27991.2,0.73,0.02
19675,450.7,12083.5,0.75,0.04
19676,133.36,543.89,0.38,0.25
19677,480.04,13478.2,0.73,0.04
19678,51.43,127.02,0.6,0.4
19679,840.4,40847.9,0.73,0.02
19680,648.88,16806.1,0.5,0.04
19681,1794.99,198513,0.77,0.01
19682,1393.12,89535.7,0.58,0.02
19683,4080.09,196246,0.15,0.02
19684,676.45,29458.5,0.81,0.02
19685,2025.51,37853.7,0.12,0.05
19686,3959.35,295338,0.24,0.01
19687,3004.76,274284,0.38,0.01
19688,2129.62,242907,0.67,0.01
19689,4701.31,34994.6,0.02,0.13
19690,175.76,594.11,0.24,0.3
19691,889.3,45995.2,0.73,0.02
19692,6790.46,992117,0.27,0.01
19693,280.07,962.21,0.15,0.29
19694,173.39,444.92,0.19,0.39
19695,3020.62,223725,0.31,0.01
19696,514.17,4769.38,0.23,0.11
19697,392.03,4481.75,0.37,0.09
19698,389.71,4726.63,0.39,0.08
19699,304.51,5370.99,0.73,0.06
19700,330.11,5710.17,0.66,0.06
19701,1171.5,80486.4,0.74,0.01
19702,976.63,58653.2,0.77,0.02
19703,986.4,33545.5,0.43,0.03
19704,956.19,55656,0.76,0.02
19705,529.22,17131.6,0.77,0.03
19706,697.66,30450.9,0.79,0.02
19707,597.71,21384.4,0.75,0.03
19708,1221.45,81953.3,0.69,0.01
19709,1117.71,72815.9,0.73,0.02
19710,574.72,19911.9,0.76,0.03
19711,448.47,12658.9,0.79,0.04
19712,106.89,401.24,0.44,0.27
19713,224.83,744.27,0.18,0.3
19714,85.64,302.99,0.52,0.28
19715,1035.45,65520.6,0.77,0.02
19716,1031.31,65485.9,0.77,0.02
19717,1079.41,37576.6,0.41,0.03
19718,1062.93,47794.1,0.53,0.02
19719,1201.11,9837.64,0.09,0.12
19720,477.33,13976.7,0.77,0.03
19721,1282.96,96703.6,0.74,0.01
19722,810.9,40139.3,0.77,0.02
19723,706.44,30396.9,0.77,0.02
19724,322.27,6229.89,0.75,0.05
19725,345.67,6746.53,0.71,0.05
19726,370.23,7927.78,0.73,0.05
19727,312.92,5919.81,0.76,0.05
19728,1996.16,245344,0.77,0.01
19729,76,218.05,0.47,0.35
19730,1940.64,235506,0.79,0.01
19731,1506.98,119708,0.66,0.01
19732,657.83,24114.3,0.7,0.03
19733,693.62,24942.6,0.65,0.03
19734,359.15,7861.52,0.77,0.05
19735,884.07,47208.1,0.76,0.02
19736,537.22,7776.92,0.34,0.07
19737,303.26,3970.06,0.54,0.08
19738,1217.43,90096.6,0.76,0.01
19739,977.36,57615.1,0.76,0.02
19740,562.95,18560.2,0.74,0.03
19741,491.85,13957.3,0.72,0.04
19742,747.59,34922,0.78,0.02
19743,845.92,30194.7,0.53,0.03
19744,392.24,9287.65,0.76,0.04
19745,347.08,7514.01,0.78,0.05
19746,688.64,24482.6,0.65,0.03
19747,1905.19,200151,0.69,0.01
19748,510.76,15350.9,0.74,0.03
19749,437.15,11829.8,0.78,0.04
19750,914.46,41956.8,0.63,0.02
19751,479.88,7839.07,0.43,0.06
19752,925.84,27338.8,0.4,0.03
19753,462.39,12868.9,0.76,0.04
19754,1032.28,9892.93,0.12,0.1
19755,348.39,7446.83,0.77,0.05
19756,398.73,9558.53,0.76,0.04
19757,350.36,7683.33,0.79,0.05
19758,994.8,48738.2,0.62,0.02
19759,919.72,50108.4,0.74,0.02
19760,1347.99,55087.1,0.38,0.02
19761,4128.45,367829,0.27,0.01
19762,298.27,4026.77,0.57,0.07
19763,388.76,9371.91,0.78,0.04
19764,739.61,34339.5,0.79,0.02
19765,538.72,16685.3,0.72,0.03
19766,1121.72,69704.5,0.7,0.02
19767,716.93,27203,0.66,0.03
19768,88.08,360.13,0.58,0.24
19769,5029,1014850,0.5,0
19770,2406.18,183284,0.4,0.01
19771,938.59,40538,0.58,0.02
19772,2075.75,177106,0.52,0.01
19773,873.93,35725.7,0.59,0.02
19774,388.13,9347.43,0.78,0.04
19775,475.41,12961.5,0.72,0.04
19776,917.9,46073.5,0.69,0.02
19777,665.9,25843.4,0.73,0.03
19778,651.21,23016.3,0.68,0.03
19779,1169.16,62776.9,0.58,0.02
19780,393.52,9075.27,0.74,0.04
19781,1461.46,122294,0.72,0.01
19782,953.48,47221,0.65,0.02
19783,276.36,4647.11,0.76,0.06
19784,271.66,4410.66,0.75,0.06
19785,439.21,11484.7,0.75,0.04
19786,3503.38,607679,0.62,0.01
19787,537.37,14456.3,0.63,0.04
19788,542.75,10623.1,0.45,0.05
19789,89.05,388.99,0.62,0.23
19790,7542.72,1494820,0.33,0.01
19791,613.39,15217,0.51,0.04
19792,769.4,36357.8,0.77,0.02
19793,1213.39,89710,0.77,0.01
19794,1179.18,59424,0.54,0.02
19795,921.28,47721.5,0.71,0.02
19796,1439.37,126289,0.77,0.01
19797,979.01,45623.8,0.6,0.02
19798,449.74,12543.9,0.78,0.04
19799,973,58111.1,0.77,0.02
19800,1148.4,84019.8,0.8,0.01
19801,3600.72,543820,0.53,0.01
19802,1285.86,101386,0.77,0.01
19803,1174.09,81369.9,0.74,0.01
19804,1959.13,223914,0.73,0.01
19805,1105.72,4196.3,0.04,0.26
19806,46.26,97.8,0.57,0.47
19807,242.5,850.88,0.18,0.28
19808,12715.9,2397750,0.19,0.01
19809,599.87,19585.8,0.68,0.03
19810,921.65,47533.5,0.7,0.02
19811,514.94,8087.41,0.38,0.06
19812,1263.33,75807,0.6,0.02
19813,4748.76,519138,0.29,0.01
19814,918.14,37822,0.56,0.02
19815,5400.38,1395060,0.6,0
19816,356.77,4956.54,0.49,0.07
19817,646.1,25313.6,0.76,0.03
19818,1421.96,123208,0.77,0.01
19819,1261.04,99870.4,0.79,0.01
19820,321.16,2078.99,0.25,0.15
19821,727,29795.2,0.71,0.02
19822,720.19,32627.8,0.79,0.02
19823,1484.33,62823.1,0.36,0.02
19824,2483.93,326340,0.66,0.01
19825,3212.19,512028,0.62,0.01
19826,330.78,6666.18,0.77,0.05
19827,4402.06,696016,0.45,0.01
19828,413.28,10023.6,0.74,0.04
19829,1105.92,57818.4,0.59,0.02
19830,1040.79,45340,0.53,0.02
19831,872.74,28276.4,0.47,0.03
19832,1126.04,59014.9,0.58,0.02
19833,439.5,10288.1,0.67,0.04
19834,265.1,4377.31,0.78,0.06
19835,373.76,8393.88,0.75,0.04
19836,259.07,3462.51,0.65,0.07
19837,237.76,2804.66,0.62,0.08
19838,220.62,2391.23,0.62,0.09
19839,147.57,1326.74,0.77,0.11
19840,95.68,555.37,0.76,0.17
19841,137.76,779.4,0.52,0.18
19842,144.81,1256.29,0.75,0.12
19843,128.77,916.28,0.69,0.14
19844,211.66,1527.62,0.43,0.14
19845,91.08,467.14,0.71,0.19
19846,612.04,9192.48,0.31,0.07
19847,2077.02,197275,0.57,0.01
19848,3266.71,174589,0.21,0.02
19849,2987.61,155057,0.22,0.02
19850,889.5,18098.9,0.29,0.05
19851,2238.99,256587,0.64,0.01
19852,799.56,40110.2,0.79,0.02
19853,2307.2,281920,0.67,0.01
19854,2161.92,138831,0.37,0.02
19855,1128.71,76023.5,0.75,0.01
19856,2138.51,157342,0.43,0.01
19857,1099.19,73987.8,0.77,0.01
19858,1167.99,81173.2,0.75,0.01
19859,4040.11,892779,0.69,0
19860,871.73,45104.9,0.75,0.02
19861,1357.82,93319,0.64,0.01
19862,864.72,36185.2,0.61,0.02
19863,1505.12,137031,0.76,0.01
19864,1899.07,178057,0.62,0.01
19865,3109.49,581990,0.76,0.01
19866,866.39,47193.8,0.79,0.02
19867,7724.26,1815240,0.38,0
19868,1200.56,92759.9,0.81,0.01
19869,508.3,14576.2,0.71,0.03
19870,310.54,813.98,0.11,0.38
19871,1213.44,89744.6,0.77,0.01
19872,1245.52,96670.3,0.78,0.01
19873,507.35,12664.4,0.62,0.04
19874,487.33,12429.9,0.66,0.04
19875,2198.37,285264,0.74,0.01
19876,1120.27,42538.2,0.43,0.03
19877,978.61,57947.9,0.76,0.02
19878,576.38,18243.4,0.69,0.03
19879,8493.64,2343750,0.41,0
19880,497.35,9490.48,0.48,0.05
19881,442.74,10511,0.67,0.04
19882,214.7,1997.39,0.54,0.11
19883,1670.3,174229,0.78,0.01
19884,720.42,21561.6,0.52,0.03
19885,429.99,10887.9,0.74,0.04
19886,1334.17,76943,0.54,0.02
19887,733.41,23066.6,0.54,0.03
19888,588.28,18888.5,0.69,0.03
19889,601.88,15724.7,0.55,0.04
19890,980.95,60524.1,0.79,0.02
19891,632.85,24846.9,0.78,0.03
19892,539.35,17682.9,0.76,0.03
19893,976.28,50654.3,0.67,0.02
19894,875.08,45455.2,0.75,0.02
19895,1103.05,75110.6,0.78,0.01
19896,882.33,36580.5,0.59,0.02
19897,778.27,28032.5,0.58,0.03
19898,2442.36,303218,0.64,0.01
19899,4198.55,666123,0.47,0.01
19900,46.35,111.77,0.65,0.41
19901,533.13,17443.4,0.77,0.03
19902,425.88,11856.2,0.82,0.04
19903,866.69,31523.8,0.53,0.03
19904,4922.83,1069140,0.55,0
19905,488.64,7858.75,0.41,0.06
19906,358.76,7961.07,0.78,0.05
19907,1178.38,67474.4,0.61,0.02
19908,705.64,9472.11,0.24,0.07
19909,1077.46,67349.6,0.73,0.02
19910,1285.89,106812,0.81,0.01
19911,344.47,7309.76,0.77,0.05
19912,335.27,5371.64,0.6,0.06
19913,739.46,33421.3,0.77,0.02
19914,974.82,45703.9,0.6,0.02
19915,1865.79,96539.6,0.35,0.02
19916,1040.11,54529.9,0.63,0.02
19917,74.42,291.94,0.66,0.25
19918,1311.63,48149.2,0.35,0.03
19919,1263.29,65067.7,0.51,0.02
19920,414.02,9409.87,0.69,0.04
19921,579.85,16813.4,0.63,0.03
19922,86.5,395.27,0.66,0.22
19923,471.35,9082.21,0.51,0.05
19924,595.45,19199.7,0.68,0.03
19925,89.59,312.95,0.49,0.29
19926,73.91,281.03,0.65,0.26
19927,39.6,89.67,0.72,0.44
19928,670.11,20695.8,0.58,0.03
19929,472.43,11707.6,0.66,0.04
19930,1149.85,65328,0.62,0.02
19931,2706.52,380047,0.65,0.01
19932,795.65,39495.5,0.78,0.02
19933,748.98,34779.2,0.78,0.02
19934,3160.3,254546,0.32,0.01
19935,1235.06,87422.2,0.72,0.01
19936,548.52,17938.7,0.75,0.03
19937,3167.16,605366,0.76,0.01
19938,899.5,32739.5,0.51,0.03
19939,391.85,7462.68,0.61,0.05
19940,258.51,4171.73,0.78,0.06
19941,477.08,11858.3,0.65,0.04
19942,35.99,71.17,0.69,0.51
19943,3425.03,723678,0.77,0
19944,2241.75,207401,0.52,0.01
19945,435.69,10158.7,0.67,0.04
19946,1168.31,24804.1,0.23,0.05
19947,3163.66,314939,0.4,0.01
19948,2964.1,476987,0.68,0.01
19949,1003.14,58471.1,0.73,0.02
19950,5402.12,1472200,0.63,0
19951,2092.46,211382,0.61,0.01
19952,1260.45,86245.5,0.68,0.01
19953,386.99,6536.44,0.55,0.06
19954,853.89,22708.1,0.39,0.04
19955,451.68,10597,0.65,0.04
19956,1664.13,132292,0.6,0.01
19957,469.74,7894.08,0.45,0.06
19958,481.23,8815.64,0.48,0.05
19959,274.82,2283.91,0.38,0.12
19960,901.54,51556.9,0.8,0.02
19961,3434.43,586040,0.62,0.01
19962,828.2,40236.2,0.74,0.02
19963,224.42,1028.79,0.26,0.22
19964,1384.55,114448,0.75,0.01
19965,1405.16,114495,0.73,0.01
19966,405.62,3200.04,0.24,0.13
19967,285.52,2108.49,0.32,0.14
19968,5298.72,714402,0.32,0.01
19969,2791.36,225268,0.36,0.01
19970,1882.35,114442,0.41,0.02
19971,1860.23,165587,0.6,0.01
19972,607.24,22900.6,0.78,0.03
19973,74.11,348.28,0.8,0.21
19974,503.81,4288.98,0.21,0.12
19975,497.11,14675.5,0.75,0.03
19976,440.54,12011.8,0.78,0.04
19977,446.89,10596.7,0.67,0.04
19978,411.55,9151.6,0.68,0.04
19979,728.57,36167.4,0.86,0.02
19980,654.29,22182.7,0.65,0.03
19981,620.46,20642.9,0.67,0.03
19982,1263.87,97588.1,0.77,0.01
19983,573.83,4728.79,0.18,0.12
19984,1297.2,102305,0.76,0.01
19985,2023.21,248520,0.76,0.01
19986,550.19,3569.55,0.15,0.15
19987,68.9,289.73,0.77,0.24
19988,1182.87,10436.9,0.09,0.11
19989,1402.47,112282,0.72,0.01
19990,1499.16,11287.2,0.06,0.13
19991,8126.9,1572280,0.3,0.01
19992,245.94,3130.66,0.65,0.08
19993,409.55,9062.77,0.68,0.05
19994,375.12,8671.88,0.77,0.04
19995,253.56,3502.17,0.68,0.07
19996,245.71,3221.08,0.67,0.08
19997,320.04,5648.83,0.69,0.06
19998,487.69,14646.8,0.77,0.03
19999,277.21,4818.92,0.79,0.06
20000,267.38,4439.38,0.78,0.06
20001,215.65,2599.66,0.7,0.08
20002,214.42,2517.21,0.69,0.09
20003,381.11,9068.81,0.78,0.04
20004,261.97,3767.18,0.69,0.07
20005,220.12,2767.35,0.72,0.08
20006,215.56,2612.19,0.71,0.08
20007,479.97,5833.8,0.32,0.08
20008,304.28,4885.85,0.66,0.06
20009,5703.48,1544730,0.6,0
20010,79.26,277.68,0.56,0.29
20011,117.91,377.93,0.34,0.31
20012,311.15,5027.11,0.65,0.06
20013,1169.46,70407.2,0.65,0.02
20014,182.11,1755.81,0.66,0.1
20015,198.75,2075.81,0.66,0.1
20016,872.77,12915.7,0.21,0.07
20017,865.49,16365.3,0.27,0.05
20018,939.12,50587.4,0.72,0.02
20019,921.26,46386.8,0.69,0.02
20020,1263.75,100360,0.79,0.01
20021,1231.74,94825.6,0.79,0.01
20022,1179.09,83804.3,0.76,0.01
20023,9.51,1.54,0.21,6.18
20024,1029.45,64789.3,0.77,0.02
20025,3116.88,480498,0.62,0.01
20026,1355.52,109567,0.75,0.01
20027,8.9,0.18,0.03,49.44
20028,1018.97,62538.1,0.76,0.02
20029,1682.33,125492,0.56,0.01
20030,15.93,3.09,0.15,5.16
20031,1740.83,188762,0.78,0.01
20032,340.58,2871.37,0.31,0.12
20033,469.94,9989.71,0.57,0.05
20034,510.05,13489.6,0.65,0.04
20035,1073.62,11671.9,0.13,0.09
20036,405.13,4752.5,0.36,0.09
20037,3120.1,383121,0.49,0.01
20038,3409.9,344908,0.37,0.01
20039,282.58,4823.8,0.76,0.06
20040,353.31,7288.29,0.73,0.05
20041,592.16,16653.2,0.6,0.04
20042,275.24,4708.26,0.78,0.06
20043,418.7,10954.1,0.78,0.04
20044,470.64,13645.5,0.77,0.03
20045,1369.84,29319.9,0.2,0.05
20046,451.69,7272.71,0.45,0.06
20047,434.71,11794.4,0.78,0.04
20048,532.45,16586.8,0.73,0.03
20049,426.3,9491.63,0.66,0.04
20050,448.38,10158.6,0.63,0.04
20051,759.93,35149.9,0.76,0.02
20052,354.05,7191.94,0.72,0.05
20053,824.27,42105.7,0.78,0.02
20054,320.6,6347.19,0.78,0.05
20055,666.53,25075.2,0.71,0.03
20056,734.01,32670.4,0.76,0.02
20057,276.87,4757.49,0.78,0.06
20058,377.34,7900.61,0.7,0.05
20059,616.43,21606.5,0.71,0.03
20060,283.15,4703.7,0.74,0.06
20061,282.74,4717.43,0.74,0.06
20062,303.45,5587.14,0.76,0.05
20063,234.85,3034.41,0.69,0.08
20064,238.6,3053.84,0.67,0.08
20065,461.15,12584.9,0.74,0.04
20066,395.26,9293.29,0.75,0.04
20067,433.71,9525.23,0.64,0.05
20068,261.08,4342.09,0.8,0.06
20069,153,1107.23,0.59,0.14
20070,641.76,16330.3,0.5,0.04
20071,291.42,5255.55,0.78,0.06
20072,280.64,4875.11,0.78,0.06
20073,335.65,5661.28,0.63,0.06
20074,316.17,5226,0.66,0.06
20075,294.4,4687.41,0.68,0.06
20076,438.18,10963.3,0.72,0.04
20077,294.99,5421.48,0.78,0.05
20078,427.67,7317.98,0.5,0.06
20079,249.49,3593.69,0.73,0.07
20080,7001.08,2594000,0.66,0
20081,3153.95,514114,0.65,0.01
20082,1150.6,50879.3,0.48,0.02
20083,21.57,21.01,0.57,1.03
20084,1665.61,167931,0.76,0.01
20085,285.92,2107.27,0.32,0.14
20086,19190.3,7516940,0.26,0
20087,2549.97,335406,0.65,0.01
20088,1132.72,77859.9,0.76,0.01
20089,1154.73,81708.6,0.77,0.01
20090,714.59,32231.9,0.79,0.02
20091,601.84,22410.5,0.78,0.03
20092,9808.3,1933510,0.25,0.01
20093,1885.09,211399,0.75,0.01
20094,1432.18,127995,0.78,0.01
20095,1276.98,99067.3,0.76,0.01
20096,1138.12,76673.9,0.74,0.01
20097,1581.32,85893.7,0.43,0.02
20098,1687.09,174587,0.77,0.01
20099,1408.77,120589,0.76,0.01
20100,1427.7,128492,0.79,0.01
20101,2338.52,325989,0.75,0.01
20102,3436.67,393772,0.42,0.01
20103,701.73,29490.3,0.75,0.02
20104,1099.9,78464.9,0.81,0.01
20105,1684.01,113852,0.5,0.01
20106,475.44,13701.4,0.76,0.03
20107,487.19,14764.5,0.78,0.03
20108,1187.78,88879.6,0.79,0.01
20109,940.42,53535.6,0.76,0.02
20110,1561.39,148687,0.77,0.01
20111,2354.25,323583,0.73,0.01
20112,4028.71,452142,0.35,0.01
20113,86.14,233.86,0.4,0.37
20114,1731.64,114304,0.48,0.02
20115,1178.16,80193.8,0.73,0.01
20116,1147.87,81822.7,0.78,0.01
20117,1492.23,137091,0.77,0.01
20118,1035.93,61759.4,0.72,0.02
20119,881.05,45472.6,0.74,0.02
20120,1784.35,175087,0.69,0.01
20121,131.34,379.69,0.28,0.35
20122,3997.6,768763,0.6,0.01
20123,171.22,865.99,0.37,0.2
20124,261.66,882.54,0.16,0.3
20125,883.45,7342.88,0.12,0.12
20126,1204.12,79255.3,0.69,0.02
20127,667.82,8560.54,0.24,0.08
20128,1210.49,80736.6,0.69,0.01
20129,650.58,23993,0.71,0.03
20130,741.49,33895.7,0.77,0.02
20131,673.23,27796.1,0.77,0.02
20132,596.39,22631.6,0.8,0.03
20133,1013.68,57558.3,0.7,0.02
20134,735.64,30229.3,0.7,0.02
20135,1265.89,71416.1,0.56,0.02
20136,7791.26,987292,0.2,0.01
20137,608.11,20489.8,0.7,0.03
20138,256.24,796.73,0.15,0.32
20139,2038.45,253505,0.77,0.01
20140,718.79,2115.77,0.05,0.34
20141,786.77,2570.56,0.05,0.31
20142,780.4,12383.6,0.26,0.06
20143,676,22691.2,0.62,0.03
20144,585.86,21545.5,0.79,0.03
20145,302.23,5636.31,0.78,0.05
20146,1171.57,56567.2,0.52,0.02
20147,1120.63,72823.4,0.73,0.02
20148,773,11712.1,0.25,0.07
20149,542.99,16155,0.69,0.03
20150,451.21,7365.75,0.45,0.06
20151,446.87,6456.08,0.41,0.07
20152,551.4,13900.2,0.57,0.04
20153,491.89,7212.54,0.37,0.07
20154,493.58,7122.89,0.37,0.07
20155,495.41,7055.89,0.36,0.07
20156,504.03,8777.48,0.43,0.06
20157,482.04,9235.65,0.5,0.05
20158,2263.07,263548,0.65,0.01
20159,162.05,553.61,0.26,0.29
20160,3666.5,433766,0.41,0.01
20161,3358.8,395952,0.44,0.01
20162,262.55,2280.09,0.42,0.12
20163,895.21,34403,0.54,0.03
20164,5730.66,845893,0.32,0.01
20165,1101.71,61704.3,0.64,0.02
20166,1163.84,84573.3,0.78,0.01
20167,976.39,55754,0.73,0.02
20168,904.3,40435.7,0.62,0.02
20169,1141.96,53265.2,0.51,0.02
20170,387.61,9127.36,0.76,0.04
20171,409.82,10490.9,0.78,0.04
20172,1524.49,145076,0.78,0.01
20173,451.03,11972.4,0.74,0.04
20174,485.74,14152.9,0.75,0.03
20175,412.13,8499.49,0.63,0.05
20176,594.14,19829.8,0.71,0.03
20177,897.92,26945.1,0.42,0.03
20178,320.1,6330.31,0.78,0.05
20179,323.86,6464.06,0.77,0.05
20180,263.81,3735.31,0.67,0.07
20181,258.79,3610.83,0.68,0.07
20182,551.7,18735,0.77,0.03
20183,802.67,31221.4,0.61,0.03
20184,184.58,1777.65,0.66,0.1
20185,529.01,15464.9,0.69,0.03
20186,1239.4,34292.9,0.28,0.04
20187,3882.09,357894,0.3,0.01
20188,434.7,9781.25,0.65,0.04
20189,549.33,18006,0.75,0.03
20190,903.91,51443,0.79,0.02
20191,573.63,19030.8,0.73,0.03
20192,539.73,14979.6,0.65,0.04
20193,337.25,7127.91,0.79,0.05
20194,361.03,7812.14,0.75,0.05
20195,518.09,11914.9,0.56,0.04
20196,553.2,15751.8,0.65,0.04
20197,1070.9,72403.8,0.79,0.01
20198,396.52,5839.23,0.47,0.07
20199,907.17,50393.4,0.77,0.02
20200,177.47,1870.68,0.75,0.09
20201,850.96,17981.1,0.31,0.05
20202,1474.31,127568,0.74,0.01
20203,4559.89,1123860,0.68,0
20204,669.3,24095.9,0.68,0.03
20205,727.95,30449.4,0.72,0.02
20206,852.58,44763.3,0.77,0.02
20207,3408.91,285896,0.31,0.01
20208,1493.85,119983,0.68,0.01
20209,10.11,0.01,0,1011
20210,8137.25,2577100,0.49,0
20211,4015.08,769963,0.6,0.01
20212,794.85,36889.4,0.73,0.02
20213,9144.25,1763880,0.26,0.01
20214,1612.98,92878.5,0.45,0.02
20215,974.23,43560,0.58,0.02
20216,4361.62,875663,0.58,0
20217,116.76,423.76,0.39,0.28
20218,30.76,41.81,0.55,0.74
20219,5989.27,1228660,0.43,0
20220,2053.14,116405,0.35,0.02
20221,3187.51,314669,0.39,0.01
20222,1179.97,58296.7,0.53,0.02
20223,2304.33,291059,0.69,0.01
20224,986.89,60411,0.78,0.02
20225,871.13,48023.3,0.79,0.02
20226,1373.4,89382.8,0.6,0.02
20227,1436.93,106919,0.65,0.01
20228,296.15,3551.83,0.51,0.08
20229,1415.2,114799,0.72,0.01
20230,247.93,2663.68,0.54,0.09
20231,259.55,3132.59,0.58,0.08
20232,283.94,4467.51,0.7,0.06
20233,1224.04,36611.8,0.31,0.03
20234,257.7,3833.57,0.73,0.07
20235,352.74,6640.74,0.67,0.05
20236,745.39,34394,0.78,0.02
20237,436.67,10967.3,0.72,0.04
20238,297.01,5502.64,0.78,0.05
20239,483.65,14494.5,0.78,0.03
20240,344.54,4981.38,0.53,0.07
20241,361.16,5875.3,0.57,0.06
20242,842.41,31475.4,0.56,0.03
20243,819.73,26762,0.5,0.03
20244,203.6,2355.16,0.71,0.09
20245,253.96,3798.19,0.74,0.07
20246,1905.3,213926,0.74,0.01
20247,2329.63,244952,0.57,0.01
20248,9030.07,1209600,0.19,0.01
20249,279.38,3706.01,0.6,0.08
20250,282.34,3599.79,0.57,0.08
20251,856.85,42557.1,0.73,0.02
20252,483.46,14781.9,0.79,0.03
20253,374.26,6603.56,0.59,0.06
20254,454.7,13117.9,0.8,0.03
20255,734.28,30442.4,0.71,0.02
20256,1667.98,148428,0.67,0.01
20257,899.57,36682.9,0.57,0.02
20258,316.05,6009.73,0.76,0.05
20259,765.22,26312.7,0.56,0.03
20260,200.57,1866.41,0.58,0.11
20261,1728.94,186120,0.78,0.01
20262,1581.35,137668,0.69,0.01
20263,2711.11,326634,0.56,0.01
20264,625.85,24328.6,0.78,0.03
20265,647.44,23873.2,0.72,0.03
20266,531.54,17024.5,0.76,0.03
20267,164.12,1606.62,0.75,0.1
20268,2142.96,244616,0.67,0.01
20269,294.88,4662.16,0.67,0.06
20270,288.45,4596,0.69,0.06
20271,418.95,10931.7,0.78,0.04
20272,429.48,11455.1,0.78,0.04
20273,288.48,3860.66,0.58,0.07
20274,538.25,17310.6,0.75,0.03
20275,379.92,8994.33,0.78,0.04
20276,163.1,1615.42,0.76,0.1
20277,344.93,6193.9,0.65,0.06
20278,402.04,9536.05,0.74,0.04
20279,260.52,4136.05,0.77,0.06
20280,199.5,2068.68,0.65,0.1
20281,266.17,4235.61,0.75,0.06
20282,191.96,2299.4,0.78,0.08
20283,236.56,3349.72,0.75,0.07
20284,252.49,3825.02,0.75,0.07
20285,280.37,4902.27,0.78,0.06
20286,1726.24,182493,0.77,0.01
20287,1346.65,95262.8,0.66,0.01
20288,1249.47,97544.3,0.78,0.01
20289,315.28,6272.57,0.79,0.05
20290,352.3,7724.85,0.78,0.05
20291,241.46,3202.87,0.69,0.08
20292,375.76,9015.64,0.8,0.04
20293,740.77,31350.8,0.72,0.02
20294,254.98,4031.35,0.78,0.06
20295,342.39,7152.52,0.77,0.05
20296,257.43,3828.95,0.73,0.07
20297,301.48,5359.11,0.74,0.06
20298,487.76,14751.1,0.78,0.03
20299,449.01,12488.4,0.78,0.04
20300,2209.81,300915,0.77,0.01
20301,383.6,3568.79,0.3,0.11
20302,1170.07,70404.8,0.65,0.02
20303,1371.3,110625,0.74,0.01
20304,1508.41,141302,0.78,0.01
20305,411.26,5889.97,0.44,0.07
20306,412.96,5947.43,0.44,0.07
20307,707.79,30454.2,0.76,0.02
20308,4865.27,1100840,0.58,0
20309,1487.25,144478,0.82,0.01
20310,1254.87,98897.3,0.79,0.01
20311,1230.78,93395.7,0.77,0.01
20312,1099.68,64994.5,0.68,0.02
20313,1907.63,195006,0.67,0.01
20314,1538.56,96914.6,0.51,0.02
20315,644.53,24217.9,0.73,0.03
20316,512.36,15793.5,0.76,0.03
20317,3303.13,546083,0.63,0.01
20318,1118.33,64585.4,0.65,0.02
20319,3444.27,673688,0.71,0.01
20320,2922.01,409581,0.6,0.01
20321,2627.59,225539,0.41,0.01
20322,1446.26,130919,0.79,0.01
20323,1177.32,85820.4,0.78,0.01
20324,1419.26,121465,0.76,0.01
20325,1362.52,116167,0.79,0.01
20326,1101.38,59203.3,0.61,0.02
20327,1912.64,178864,0.61,0.01
20328,298.94,5519.62,0.78,0.05
20329,556.79,16350.3,0.66,0.03
20330,362.58,8099.57,0.77,0.04
20331,345.03,7391.66,0.78,0.05
20332,559.17,10248.5,0.41,0.05
20333,356.45,7698.14,0.76,0.05
20334,865.2,30312,0.51,0.03
20335,680.39,21004,0.57,0.03
20336,435.74,8979.84,0.59,0.05
20337,488.7,14222.7,0.75,0.03
20338,317.24,5645.67,0.7,0.06
20339,1319.16,99472.5,0.72,0.01
20340,7228.83,1711770,0.41,0
20341,568.81,18665.3,0.72,0.03
20342,249.55,3826,0.77,0.07
20343,370.96,8248.34,0.75,0.04
20344,418.12,9121.91,0.66,0.05
20345,474.2,13378.9,0.75,0.04
20346,407.45,10277.6,0.78,0.04
20347,24189.9,12450100,0.27,0
20348,1271.88,94637.9,0.73,0.01
20349,1042.77,58966.2,0.68,0.02
20350,297.89,3416.35,0.48,0.09
20351,350.99,6852.02,0.7,0.05
20352,1154.45,83902.6,0.79,0.01
20353,740.49,12993.6,0.3,0.06
20354,840.68,29662.9,0.53,0.03
20355,700.07,7244.76,0.19,0.1
20356,823.1,20725,0.38,0.04
20357,809.21,17426.7,0.33,0.05
20358,1388.28,123918,0.81,0.01
20359,511.46,12491.2,0.6,0.04
20360,594.01,21308.8,0.76,0.03
20361,958.1,52999.4,0.73,0.02
20362,444.44,11943.9,0.76,0.04
20363,542.54,14267.7,0.61,0.04
20364,319.94,5850.53,0.72,0.05
20365,457.75,12284.1,0.74,0.04
20366,689.37,19793.5,0.52,0.03
20367,502.69,15820.1,0.79,0.03
20368,456.14,13028.7,0.79,0.04
20369,360.61,6919.16,0.67,0.05
20370,725.36,25075.3,0.6,0.03
20371,327.02,6327.08,0.74,0.05
20372,464.98,10658.1,0.62,0.04
20373,332.02,6392.27,0.73,0.05
20374,453.11,9965.69,0.61,0.05
20375,724.96,12600.7,0.3,0.06
20376,2525.91,295809,0.58,0.01
20377,2340.73,207233,0.48,0.01
20378,535.53,17714.3,0.78,0.03
20379,730.01,30869.6,0.73,0.02
20380,1360.13,103961,0.71,0.01
20381,351.62,5753.71,0.58,0.06
20382,1933.26,156713,0.53,0.01
20383,533.88,15268.9,0.67,0.03
20384,222.92,2991.35,0.76,0.07
20385,322.05,4495.69,0.54,0.07
20386,451.84,7201.3,0.44,0.06
20387,153.55,1450.1,0.77,0.11
20388,3781.86,697603,0.61,0.01
20389,1317.2,95862.8,0.69,0.01
20390,701.71,29690.6,0.76,0.02
20391,832.45,44454.7,0.81,0.02
20392,1326.65,74415.9,0.53,0.02
20393,581.67,14307.7,0.53,0.04
20394,3312.84,322924,0.37,0.01
20395,449.55,9510.99,0.59,0.05
20396,362.85,5388.76,0.51,0.07
20397,443.03,8970.33,0.57,0.05
20398,763.44,33355.8,0.72,0.02
20399,520.91,13294,0.62,0.04
20400,564.02,18222.2,0.72,0.03
20401,609.99,19812.4,0.67,0.03
20402,441.45,10347.2,0.67,0.04
20403,416.9,7848.42,0.57,0.05
20404,511.16,8054.52,0.39,0.06
20405,533.83,10962.7,0.48,0.05
20406,418.67,8043.2,0.58,0.05
20407,639.9,24815.4,0.76,0.03
20408,739.69,33822.2,0.78,0.02
20409,770.64,37394.9,0.79,0.02
20410,360.05,7645.16,0.74,0.05
20411,276.57,2768.89,0.45,0.1
20412,416.47,10648,0.77,0.04
20413,792.1,39358.6,0.79,0.02
20414,537.88,15830.5,0.69,0.03
20415,520.41,14978.9,0.69,0.03
20416,506.39,15594,0.76,0.03
20417,409.37,9056.93,0.68,0.05
20418,355.87,7869.8,0.78,0.05
20419,338.73,6785.94,0.74,0.05
20420,370.33,7715.85,0.71,0.05
20421,517.24,15700.7,0.74,0.03
20422,777.01,33230.2,0.69,0.02
20423,678.32,20573.8,0.56,0.03
20424,448.42,6251.15,0.39,0.07
20425,441.2,6730.1,0.43,0.07
20426,622.13,23723.8,0.77,0.03
20427,1354.02,89584.4,0.61,0.02
20428,1995.49,209608,0.66,0.01
20429,29895.8,14170600,0.2,0
20430,893.02,46188.9,0.73,0.02
20431,264.01,2832.42,0.51,0.09
20432,560.77,19859.7,0.79,0.03
20433,480.42,9426.23,0.51,0.05
20434,136.63,577.45,0.39,0.24
20435,620.25,20512.6,0.67,0.03
20436,1793.98,195690,0.76,0.01
20437,1319.36,101586,0.73,0.01
20438,2672.4,405819,0.71,0.01
20439,1471.54,132509,0.77,0.01
20440,802.57,36142.1,0.7,0.02
20441,873.25,45369.5,0.75,0.02
20442,671.37,24390.1,0.68,0.03
20443,616.14,17435.4,0.58,0.04
20444,2922.41,266206,0.39,0.01
20445,3035.47,564571,0.77,0.01
20446,971.59,46450.5,0.62,0.02
20447,2433.46,270080,0.57,0.01
20448,445.91,11952.9,0.76,0.04
20449,252.76,3204.91,0.63,0.08
20450,321.16,6353.29,0.77,0.05
20451,269.76,3649.51,0.63,0.07
20452,370.95,8596.77,0.78,0.04
20453,1022.63,58309.1,0.7,0.02
20454,732.24,33220.9,0.78,0.02
20455,745.21,27371.4,0.62,0.03
20456,478.2,14178.7,0.78,0.03
20457,338.54,5769.06,0.63,0.06
20458,563.99,20109,0.79,0.03
20459,538.01,15319,0.66,0.04
20460,701.54,12826.8,0.33,0.05
20461,872.76,37395.5,0.62,0.02
20462,547.78,13097,0.55,0.04
20463,1710.93,146813,0.63,0.01
20464,624.88,23928.3,0.77,0.03
20465,401.74,9560.99,0.74,0.04
20466,445.63,2649.97,0.17,0.17
20467,397.77,1852.29,0.15,0.21
20468,208.21,1000.43,0.29,0.21
20469,540.6,18467.2,0.79,0.03
20470,577.96,20544.2,0.77,0.03
20471,43.44,127.55,0.85,0.34
20472,450.59,12931.7,0.8,0.03
20473,473.14,14171.8,0.8,0.03
20474,55.21,147.12,0.61,0.38
20475,838.77,37778.2,0.67,0.02
20476,805.18,28428,0.55,0.03
20477,388.5,9248.18,0.77,0.04
20478,334.81,6968.68,0.78,0.05
20479,525.51,16654,0.76,0.03
20480,442.17,12108.7,0.78,0.04
20481,419.19,10451.4,0.75,0.04
20482,918.12,52024.3,0.78,0.02
20483,559.29,18753.8,0.75,0.03
20484,400.04,9826.36,0.77,0.04
20485,2027.95,248463,0.76,0.01
20486,5589.32,1119260,0.45,0
20487,321.58,4782.85,0.58,0.07
20488,865.29,34819.2,0.58,0.02
20489,299.71,4054.26,0.57,0.07
20490,292.83,4108.76,0.6,0.07
20491,348.93,7373.28,0.76,0.05
20492,431.45,7507.92,0.51,0.06
20493,1684.78,111326,0.49,0.02
20494,738.41,25676.2,0.59,0.03
20495,349.5,5803.82,0.6,0.06
20496,318.26,6300.64,0.78,0.05
20497,357.18,7931.71,0.78,0.05
20498,370.95,6203.07,0.57,0.06
20499,371.58,8281.27,0.75,0.04
20500,239.91,3258.98,0.71,0.07
20501,320.33,6496.65,0.8,0.05
20502,277.16,4716.5,0.77,0.06
20503,347.9,7128.12,0.74,0.05
20504,406.97,9252.46,0.7,0.04
20505,226.19,2987.82,0.73,0.08
20506,203.15,2312.17,0.7,0.09
20507,492.21,13867.5,0.72,0.04
20508,259.76,2978.28,0.55,0.09
20509,401.38,10084.2,0.79,0.04
20510,545.72,17642,0.74,0.03
20511,333.52,5261.49,0.59,0.06
20512,327.8,4217.67,0.49,0.08
20513,413.07,9087.07,0.67,0.05
20514,422.22,8695.73,0.61,0.05
20515,408.26,5390.97,0.41,0.08
20516,557.53,19429.2,0.79,0.03
20517,853.94,33539.7,0.58,0.03
20518,606.61,22808,0.78,0.03
20519,749.34,24981.9,0.56,0.03
20520,602.96,18130.6,0.63,0.03
20521,324.32,5729.17,0.68,0.06
20522,288.64,3751.04,0.57,0.08
20523,435.84,9652.15,0.64,0.05
20524,270.85,4503.35,0.77,0.06
20525,320.05,6174.36,0.76,0.05
20526,544.68,13863.9,0.59,0.04
20527,396.17,8480.7,0.68,0.05
20528,345.33,5598.87,0.59,0.06
20529,2534.87,235220,0.46,0.01
20530,312.51,5743.85,0.74,0.05
20531,626.03,23854.6,0.76,0.03
20532,435.56,7935,0.53,0.05
20533,667.02,27186.5,0.77,0.02
20534,713.12,26026,0.64,0.03
20535,2971.65,318452,0.45,0.01
20536,2111.93,210553,0.59,0.01
20537,930.59,44845.5,0.65,0.02
20538,2834.62,336903,0.53,0.01
20539,2834.5,336089,0.53,0.01
20540,3360.56,627858,0.7,0.01
20541,3024.44,349698,0.48,0.01
20542,203.01,2143.87,0.65,0.09
20543,122.51,904.69,0.76,0.14
20544,2154.75,227208,0.61,0.01
20545,1236.94,94987.6,0.78,0.01
20546,104.58,371.93,0.43,0.28
20547,222.08,2950.47,0.75,0.08
20548,304.11,5136.33,0.7,0.06
20549,490.34,8025.92,0.42,0.06
20550,287.19,4412.05,0.67,0.07
20551,186.03,1930.01,0.7,0.1
20552,6339.42,1521440,0.48,0
20553,347.42,7297.86,0.76,0.05
20554,375.13,7255.72,0.65,0.05
20555,241.85,3511.09,0.75,0.07
20556,1874.91,171992,0.61,0.01
20557,469.68,12464.9,0.71,0.04
20558,541.74,17220.3,0.74,0.03
20559,722.14,32053.8,0.77,0.02
20560,301.73,4619.65,0.64,0.07
20561,458.59,13056.9,0.78,0.04
20562,579.54,19159,0.72,0.03
20563,544.96,12195.1,0.52,0.04
20564,1370.31,74123.1,0.5,0.02
20565,1930.35,214132,0.72,0.01
20566,628.16,23366.1,0.74,0.03
20567,633.64,24615.3,0.77,0.03
20568,44.24,121.81,0.78,0.36
20569,612.55,21965.5,0.74,0.03
20570,1153.34,53312.3,0.5,0.02
20571,1182.24,58420.2,0.52,0.02
20572,1280,95887.7,0.74,0.01
20573,1058.73,69791.6,0.78,0.02
20574,554.31,18931,0.77,0.03
20575,568.9,19757.7,0.77,0.03
20576,600.78,20724.8,0.72,0.03
20577,1912.33,225347,0.77,0.01
20578,1810.58,120346,0.46,0.02
20579,2145.41,204740,0.56,0.01
20580,630.19,22917.2,0.72,0.03
20581,697.32,29183.1,0.75,0.02
20582,305.11,5695.41,0.77,0.05
20583,494.31,13995.7,0.72,0.04
20584,825.96,39521.5,0.73,0.02
20585,266.02,3568.15,0.63,0.07
20586,3159.07,391228,0.49,0.01
20587,1564.66,153995,0.79,0.01
20588,620.48,21794.7,0.71,0.03
20589,401.06,9907.03,0.77,0.04
20590,421.34,6776.41,0.48,0.06
20591,19207.4,7932830,0.27,0
20592,568.76,19945.4,0.77,0.03
20593,493.93,14558,0.75,0.03
20594,1993.94,193861,0.61,0.01
20595,496.22,12507.5,0.64,0.04
20596,291.6,5197.22,0.77,0.06
20597,413.63,9258.89,0.68,0.04
20598,314.72,6059.49,0.77,0.05
20599,224.71,2928.46,0.73,0.08
20600,187.45,1942.45,0.69,0.1
20601,933.9,52843.8,0.76,0.02
20602,416.4,9245.12,0.67,0.05
20603,373.89,7844.31,0.7,0.05
20604,407.83,8846.32,0.67,0.05
20605,399.3,8724.82,0.69,0.05
20606,376.32,8041.13,0.71,0.05
20607,873.55,45567.7,0.75,0.02
20608,764.96,34449.4,0.74,0.02
20609,1177.44,85115.4,0.77,0.01
20610,569.99,15098,0.58,0.04
20611,1351.21,50372.9,0.35,0.03
20612,307.51,5705.64,0.76,0.05
20613,428.41,10232,0.7,0.04
20614,378.69,7704.45,0.67,0.05
20615,1105.34,71882.6,0.74,0.02
20616,326.07,6457.55,0.76,0.05
20617,310.7,5897.63,0.77,0.05
20618,1723.67,183251,0.77,0.01
20619,660.57,25163.1,0.72,0.03
20620,727.15,17131.3,0.41,0.04
20621,489.37,14775.7,0.77,0.03
20622,884.89,44320.9,0.71,0.02
20623,2180.23,213869,0.57,0.01
20624,1367.22,79285.1,0.53,0.02
20625,4356.96,1119210,0.74,0
20626,1069.14,55480.8,0.61,0.02
20627,4465.7,988056,0.62,0
20628,3439.3,508920,0.54,0.01
20629,683.85,17195.7,0.46,0.04
20630,481.69,13283.6,0.72,0.04
20631,514.84,16192.1,0.77,0.03
20632,416.42,10764.3,0.78,0.04
20633,644.43,26383.2,0.8,0.02
20634,464.52,12291.7,0.72,0.04
20635,2132.62,239094,0.66,0.01
20636,1647.64,160903,0.74,0.01
20637,963.02,51271,0.69,0.02
20638,812.8,36247,0.69,0.02
20639,2036.76,259282,0.79,0.01
20640,1332.51,71425.7,0.51,0.02
20641,498.26,9449.64,0.48,0.05
20642,560.22,17204,0.69,0.03
20643,559.51,14018.6,0.56,0.04
20644,560.59,19594.9,0.78,0.03
20645,762.11,35176.2,0.76,0.02
20646,2460.35,293619,0.61,0.01
20647,829.61,29425.7,0.54,0.03
20648,1145.43,81264.7,0.78,0.01
20649,559,19693.3,0.79,0.03
20650,346.5,5841.56,0.61,0.06
20651,534.46,17052.6,0.75,0.03
20652,406.66,10413,0.79,0.04
20653,498.21,15762,0.8,0.03
20654,407.1,9899.36,0.75,0.04
20655,455.89,13034.8,0.79,0.03
20656,367.74,8410.68,0.78,0.04
20657,238.57,2910.4,0.64,0.08
20658,3990.03,860207,0.68,0
20659,1441.82,128116,0.77,0.01
20660,456.98,12989.5,0.78,0.04
20661,574.54,20433.9,0.78,0.03
20662,7369.17,2194050,0.51,0
20663,3572.54,511598,0.5,0.01
20664,614.31,22472,0.75,0.03
20665,6413.12,1865810,0.57,0
20666,323.54,6329.53,0.76,0.05
20667,367.58,6701.45,0.62,0.05
20668,428.98,5693.14,0.39,0.08
20669,1141.91,79526.8,0.77,0.01
20670,679.3,23833.2,0.65,0.03
20671,605.85,18412.5,0.63,0.03
20672,542.29,13744.4,0.59,0.04
20673,605.63,21039.4,0.72,0.03
20674,523.31,14535.3,0.67,0.04
20675,525.81,13017.2,0.59,0.04
20676,900.61,41322.5,0.64,0.02
20677,683.34,12241.4,0.33,0.06
20678,470.67,13666.5,0.77,0.03
20679,499.42,14425.9,0.73,0.03
20680,687.52,20734.4,0.55,0.03
20681,1532.36,143598,0.77,0.01
20682,274.11,4526.27,0.76,0.06
20683,746.98,30035.9,0.68,0.02
20684,3779.52,751532,0.66,0.01
20685,395.7,9584.09,0.77,0.04
20686,1169.46,67525.7,0.62,0.02
20687,604.64,18576.6,0.64,0.03
20688,344.53,7311.96,0.77,0.05
20689,4496.36,1153890,0.72,0
20690,671.55,22232.8,0.62,0.03
20691,1160.86,83648.3,0.78,0.01
20692,913.15,42700,0.64,0.02
20693,7102.14,2135540,0.53,0
20694,460.01,7931.68,0.47,0.06
20695,739.3,15839.1,0.36,0.05
20696,366.27,5136.5,0.48,0.07
20697,1235.36,62920.9,0.52,0.02
20698,317.54,6283.95,0.78,0.05
20699,604.92,20179.5,0.69,0.03
20700,1079.51,72955.8,0.79,0.01
20701,505.32,15480.1,0.76,0.03
20702,337.07,6802.56,0.75,0.05
20703,1669.29,155411,0.7,0.01
20704,2804.69,477490,0.76,0.01
20705,3211.4,611895,0.75,0.01
20706,3232.84,439241,0.53,0.01
20707,1412.49,89733.9,0.56,0.02
20708,722.33,19891.6,0.48,0.04
20709,412.61,10138.1,0.75,0.04
20710,373.59,7615.63,0.69,0.05
20711,347.99,7640.51,0.79,0.05
20712,1692.07,177280,0.78,0.01
20713,396.43,9555.5,0.76,0.04
20714,367.79,7344.96,0.68,0.05
20715,1128.83,58135.7,0.57,0.02
20716,536.63,12170.5,0.53,0.04
20717,666.42,27564.8,0.78,0.02
20718,829.32,37718.2,0.69,0.02
20719,570.09,20115.7,0.78,0.03
20720,528.6,16835.2,0.76,0.03
20721,395.66,9048.88,0.73,0.04
20722,514.64,16047.9,0.76,0.03
20723,373.9,8720.78,0.78,0.04
20724,1778.17,190086,0.76,0.01
20725,1347.18,105400,0.73,0.01
20726,11438.1,4892450,0.47,0
20727,1008.48,41475.7,0.51,0.02
20728,578.18,10363.7,0.39,0.06
20729,982.66,32952.5,0.43,0.03
20730,802.84,28632.9,0.56,0.03
20731,844.89,34502.6,0.61,0.02
20732,1701.65,111051,0.48,0.02
20733,1593.5,81628.9,0.4,0.02
20734,623.6,13540.9,0.44,0.05
20735,1998.75,162823,0.51,0.01
20736,1247.13,56338.5,0.45,0.02
20737,1262.34,67430.4,0.53,0.02
20738,6666.14,1412580,0.4,0
20739,629.64,23759.5,0.75,0.03
20740,1259.36,61826.9,0.49,0.02
20741,915.12,37487.8,0.56,0.02
20742,907.54,36826,0.56,0.02
20743,810.03,21726,0.42,0.04
20744,682.67,23123.9,0.62,0.03
20745,716.79,31460.2,0.77,0.02
20746,2098.92,249725,0.71,0.01
20747,789.12,34784.2,0.7,0.02
20748,583.14,8261.24,0.31,0.07
20749,583.23,8270.74,0.31,0.07
20750,585.45,8498.41,0.31,0.07
20751,617.16,12552.6,0.41,0.05
20752,575.89,7120.97,0.27,0.08
20753,621.41,13766.2,0.45,0.05
20754,4525.06,286426,0.18,0.02
20755,478.73,10599.3,0.58,0.05
20756,437.3,11089.3,0.73,0.04
20757,3791.28,756296,0.66,0.01
20758,562.87,10647.5,0.42,0.05
20759,1835.82,196715,0.73,0.01
20760,1314.75,102892,0.75,0.01
20761,1183.43,84620.3,0.76,0.01
20762,1561.91,127658,0.66,0.01
20763,14356.5,8810100,0.54,0
20764,1368.17,74086.3,0.5,0.02
20765,299.09,5297.43,0.74,0.06
20766,354.39,7941.96,0.79,0.04
20767,295.94,5266.9,0.76,0.06
20768,292.95,4428.34,0.65,0.07
20769,673.09,21805,0.6,0.03
20770,1942.2,185686,0.62,0.01
20771,486.49,11478.4,0.61,0.04
20772,945.62,25682.4,0.36,0.04
20773,470.96,10751.8,0.61,0.04
20774,414.83,6065.59,0.44,0.07
20775,485.23,14239.5,0.76,0.03
20776,396.3,8616.34,0.69,0.05
20777,436.3,8764.3,0.58,0.05
20778,303.02,5439.47,0.74,0.06
20779,464.89,10407,0.6,0.04
20780,462.24,9838.89,0.58,0.05
20781,457.01,9786.15,0.59,0.05
20782,398.78,5679.21,0.45,0.07
20783,711.53,31080.5,0.77,0.02
20784,631.16,20069.4,0.63,0.03
20785,634.54,18201.1,0.57,0.03
20786,468.66,13508.1,0.77,0.03
20787,513.46,16204.8,0.77,0.03
20788,1184.72,86780.6,0.78,0.01
20789,497.76,14215.2,0.72,0.04
20790,510.55,15133.2,0.73,0.03
20791,1152.66,70118.9,0.66,0.02
20792,756.75,35843.5,0.79,0.02
20793,310.03,5948.18,0.78,0.05
20794,419.78,10994.5,0.78,0.04
20795,379.62,9180,0.8,0.04
20796,1232.4,72255.8,0.6,0.02
20797,1541.8,78900.2,0.42,0.02
20798,1906.19,89436.5,0.31,0.02
20799,1583.3,67068.9,0.34,0.02
20800,1006.55,47614.8,0.59,0.02
20801,438.19,9530.2,0.62,0.05
20802,335.95,5539.45,0.62,0.06
20803,1484.69,141769,0.81,0.01
20804,107.25,758.03,0.83,0.14
20805,1028.71,51020.2,0.61,0.02
20806,1477.02,129512,0.75,0.01
20807,200.05,2325.91,0.73,0.09
20808,391.63,5850,0.48,0.07
20809,449.13,10269.3,0.64,0.04
20810,447.69,8967.4,0.56,0.05
20811,325.25,6269.11,0.74,0.05
20812,304.06,5265.73,0.72,0.06
20813,442.45,12156,0.78,0.04
20814,639.38,20296.3,0.62,0.03
20815,641.39,10278.2,0.31,0.06
20816,350.81,7885.23,0.8,0.04
20817,313.15,5705.28,0.73,0.05
20818,1090.82,73806.1,0.78,0.01
20819,560.53,8783.64,0.35,0.06
20820,651.89,24595.5,0.73,0.03
20821,360.77,6137.6,0.59,0.06
20822,320.69,2613.1,0.32,0.12
20823,431.07,10302.1,0.7,0.04
20824,939.44,54178.3,0.77,0.02
20825,774.29,28604.4,0.6,0.03
20826,886.19,45491.6,0.73,0.02
20827,708.25,25752.5,0.64,0.03
20828,731.52,30392.9,0.71,0.02
20829,7659.59,2585180,0.55,0
20830,395.87,6851.67,0.55,0.06
20831,295.12,4929.95,0.71,0.06
20832,448.3,10330.4,0.65,0.04
20833,470.49,11095.8,0.63,0.04
20834,499.89,11102.5,0.56,0.05
20835,371.65,8556.26,0.78,0.04
20836,424.2,11013,0.77,0.04
20837,470.13,13583.7,0.77,0.03
20838,575.88,19939.3,0.76,0.03
20839,498.42,15367.3,0.78,0.03
20840,310.86,5989.72,0.78,0.05
20841,619.44,19611.4,0.64,0.03
20842,632.98,24186.8,0.76,0.03
20843,313.99,5843.45,0.74,0.05
20844,393.42,9833.44,0.8,0.04
20845,7216.93,684592,0.17,0.01
20846,1081.74,63321.4,0.68,0.02
20847,800.17,15027.6,0.29,0.05
20848,1811.11,172086,0.66,0.01
20849,1436.39,128985,0.79,0.01
20850,2504.58,326010,0.65,0.01
20851,665.58,17585.1,0.5,0.04
20852,1304.06,83416.5,0.62,0.02
20853,541.23,14625.9,0.63,0.04
20854,1415.72,49403,0.31,0.03
20855,2635.38,210282,0.38,0.01
20856,356.3,7609.29,0.75,0.05
20857,865.92,29765.1,0.5,0.03
20858,2664.48,350306,0.62,0.01
20859,495.04,13614.9,0.7,0.04
20860,873.53,46873,0.77,0.02
20861,159.96,2017.47,0.99,0.08
20862,425.42,11860.8,0.82,0.04
20863,236.22,3123.17,0.7,0.08
20864,172.74,1805.38,0.76,0.1
20865,536.03,10381.6,0.45,0.05
20866,319.05,6780.2,0.84,0.05
20867,332.54,6497.28,0.74,0.05
20868,738.39,35929.1,0.83,0.02
20869,1037.93,44904.7,0.52,0.02
20870,73.86,262.65,0.6,0.28
20871,360.42,7832.06,0.76,0.05
20872,291.35,4236.53,0.63,0.07
20873,327.43,6063.26,0.71,0.05
20874,425.89,11311.9,0.78,0.04
20875,410.4,10421,0.78,0.04
20876,7820.09,1460490,0.3,0.01
20877,1739.72,189149,0.78,0.01
20878,378.82,8849.22,0.77,0.04
20879,405.24,10124.1,0.77,0.04
20880,349.4,7381.58,0.76,0.05
20881,379.34,8163.54,0.71,0.05
20882,357.11,7659.62,0.75,0.05
20883,2521.64,137007,0.27,0.02
20884,2434.56,278769,0.59,0.01
20885,1688.2,164569,0.73,0.01
20886,1586.33,112120,0.56,0.01
20887,1387.23,52966.2,0.35,0.03
20888,526.77,15090.1,0.68,0.03
20889,477.6,12603.7,0.69,0.04
20890,5628.91,778476,0.31,0.01
20891,2364.69,217748,0.49,0.01
20892,448.36,12543.6,0.78,0.04
20893,354.27,6863.19,0.69,0.05
20894,403.71,9747,0.75,0.04
20895,418.53,10706.8,0.77,0.04
20896,415.28,10477.2,0.76,0.04
20897,383.16,8614.62,0.74,0.04
20898,1639.87,33301.2,0.16,0.05
20899,343.93,6530.54,0.69,0.05
20900,310.97,5567.66,0.72,0.06
20901,638.57,22019.7,0.68,0.03
20902,593.94,17352,0.62,0.03
20903,612.31,19073.8,0.64,0.03
20904,608.97,18827.5,0.64,0.03
20905,577.24,15442.9,0.58,0.04
20906,492.08,5845.83,0.3,0.08
20907,3412.34,331643,0.36,0.01
20908,2963.02,276241,0.4,0.01
20909,1464.74,21150.8,0.12,0.07
20910,1791.7,21342.6,0.08,0.08
20911,1095.86,21726.6,0.23,0.05
20912,1658.07,167624,0.77,0.01
20913,2726.79,317724,0.54,0.01
20914,977.78,58349.1,0.77,0.02
20915,713.31,19778.2,0.49,0.04
20916,718.69,20652.3,0.5,0.03
20917,1034.39,34692.3,0.41,0.03
20918,1005.47,28946.2,0.36,0.03
20919,577.79,20845.8,0.78,0.03
20920,2791.09,286887,0.46,0.01
20921,95.68,574.69,0.79,0.17
20922,860.95,8770.57,0.15,0.1
20923,1431.32,18198.7,0.11,0.08
20924,1488.42,18613.4,0.11,0.08
20925,471.62,8473.13,0.48,0.06
20926,9067.31,2927300,0.45,0
20927,862.67,40172.1,0.68,0.02
20928,865.42,32861.4,0.55,0.03
20929,416.29,10511.1,0.76,0.04
20930,453.07,9889.53,0.61,0.05
20931,572.47,19924.9,0.76,0.03
20932,160.23,44.92,0.02,3.57
20933,611.37,19591,0.66,0.03
20934,562.39,12321.2,0.49,0.05
20935,424.02,6678.52,0.47,0.06
20936,419.16,5651.04,0.4,0.07
20937,591.2,15774.5,0.57,0.04
20938,455.77,10485.2,0.63,0.04
20939,436.21,9258.21,0.61,0.05
20940,423.04,8956.13,0.63,0.05
20941,828.65,42570,0.78,0.02
20942,736.19,33411.8,0.77,0.02
20943,1319.95,33357.7,0.24,0.04
20944,466.54,11841.3,0.68,0.04
20945,390.95,6216.48,0.51,0.06
20946,648.34,18872.1,0.56,0.03
20947,482.49,12067.6,0.65,0.04
20948,494.44,12125,0.62,0.04
20949,442.2,7651.04,0.49,0.06
20950,487.12,11535.1,0.61,0.04
20951,657.89,17626.4,0.51,0.04
20952,274.79,4683.57,0.78,0.06
20953,806.83,25670.8,0.5,0.03
20954,339.22,6596.27,0.72,0.05
20955,683.83,13147,0.35,0.05
20956,329.19,5380.31,0.62,0.06
20957,1299.53,55362.3,0.41,0.02
20958,671.77,13730.7,0.38,0.05
20959,608.82,15849,0.54,0.04
20960,552.2,13970.3,0.58,0.04
20961,524.77,14219,0.65,0.04
20962,451.82,9585.17,0.59,0.05
20963,20136.4,9818590,0.3,0
20964,452.36,12787.2,0.78,0.04
20965,495.2,7098.95,0.36,0.07
20966,496.66,14626.7,0.74,0.03
20967,1206.26,83947.5,0.72,0.01
20968,1447.44,112944,0.68,0.01
20969,506.86,11328.2,0.55,0.04
20970,670.87,13349.9,0.37,0.05
20971,902.36,46424.6,0.72,0.02
20972,40.45,85.03,0.65,0.48
20973,314.2,6202.47,0.79,0.05
20974,309.77,5788.05,0.76,0.05
20975,484.51,13534.3,0.72,0.04
20976,707.45,17148.3,0.43,0.04
20977,679.25,14169,0.39,0.05
20978,533.41,16767.1,0.74,0.03
20979,359.77,5930.29,0.58,0.06
20980,362.06,4873.89,0.47,0.07
20981,358.03,6707.25,0.66,0.05
20982,465.47,10896.2,0.63,0.04
20983,455.3,9757.52,0.59,0.05
20984,1231.65,81574.4,0.68,0.02
20985,2494.85,343856,0.69,0.01
20986,737.9,24289,0.56,0.03
20987,386.33,5865.28,0.49,0.07
20988,394.83,6103.43,0.49,0.06
20989,382.7,5139.09,0.44,0.07
20990,1259.9,23262.8,0.18,0.05
20991,496.25,12602.2,0.64,0.04
20992,364.25,8081.19,0.77,0.05
20993,470.34,10594.6,0.6,0.04
20994,385.04,7605.35,0.64,0.05
20995,424.98,6238.64,0.43,0.07
20996,314.05,4851.17,0.62,0.06
20997,465.81,9710.41,0.56,0.05
20998,366.43,6987.03,0.65,0.05
20999,430.34,7024.31,0.48,0.06
21000,328.97,3535.82,0.41,0.09
21001,4889.15,945312,0.5,0.01
21002,1064.57,70443.2,0.78,0.02
21003,1083.37,48719.3,0.52,0.02
21004,576.38,14882.6,0.56,0.04
21005,550.1,9099.64,0.38,0.06
21006,842.91,37232.3,0.66,0.02
21007,329.81,6189.33,0.71,0.05
21008,852.69,41774.9,0.72,0.02
21009,678.43,26882.6,0.73,0.03
21010,600.73,12503.4,0.44,0.05
21011,921.43,51508.1,0.76,0.02
21012,1327.97,90122.5,0.64,0.01
21013,497.58,13448.4,0.68,0.04
21014,850.14,43215.7,0.75,0.02
21015,517.72,15008.3,0.7,0.03
21016,440.25,8406.42,0.54,0.05
21017,6867.36,2135800,0.57,0
21018,8.67,0.37,0.06,23.43
21019,196.92,2250.11,0.73,0.09
21020,83.91,428.87,0.77,0.2
21021,688.29,19281.3,0.51,0.04
21022,1029.97,46379.5,0.55,0.02
21023,10939.3,4014140,0.42,0
21024,4041.74,659166,0.51,0.01
21025,2670.4,426763,0.75,0.01
21026,1264.84,86481.5,0.68,0.01
21027,607.88,16066.2,0.55,0.04
21028,15948,3248850,0.16,0
21029,683.77,18774.3,0.5,0.04
21030,931.92,23827.1,0.34,0.04
21031,594.17,20596,0.73,0.03
21032,2153.04,254732,0.69,0.01
21033,1164.82,82253,0.76,0.01
21034,907.6,37912.2,0.58,0.02
21035,2885.26,212316,0.32,0.01
21036,693.26,29227.2,0.76,0.02
21037,451.11,12863.4,0.79,0.04
21038,821.29,31082.9,0.58,0.03
21039,257.78,3215.48,0.61,0.08
21040,3746.49,490863,0.44,0.01
21041,745.28,29019.4,0.66,0.03
21042,2909.84,321330,0.48,0.01
21043,920.56,52577.9,0.78,0.02
21044,1311.08,102072,0.75,0.01
21045,927.64,36211.6,0.53,0.03
21046,618.49,20264,0.67,0.03
21047,529.92,18275.2,0.82,0.03
21048,1160.29,43489.6,0.41,0.03
21049,652.29,18067.6,0.53,0.04
21050,314.32,6083.68,0.77,0.05
21051,326.66,6759.83,0.8,0.05
21052,765.97,31793.9,0.68,0.02
21053,569.67,15724,0.61,0.04
21054,928.45,49632.1,0.72,0.02
21055,636.47,24836.3,0.77,0.03
21056,555.52,20258.1,0.82,0.03
21057,149.8,1331.09,0.75,0.11
21058,563.34,15536,0.61,0.04
21059,702.49,21575.6,0.55,0.03
21060,167.14,1780.1,0.8,0.09
21061,569.48,15997.7,0.62,0.04
21062,556.11,17059.2,0.69,0.03
21063,148.54,1238.93,0.71,0.12
21064,473.03,13168.9,0.74,0.04
21065,730.45,25428.7,0.6,0.03
21066,157.97,1512.25,0.76,0.1
21067,650.46,21171.4,0.63,0.03
21068,568.86,15196.6,0.59,0.04
21069,467.93,13129.6,0.75,0.04
21070,698.88,23353.7,0.6,0.03
21071,311.33,5883.64,0.76,0.05
21072,1388.57,141725,0.92,0.01
21073,436.36,10282.4,0.68,0.04
21074,411.61,7164.89,0.53,0.06
21075,4128.46,971755,0.72,0
21076,38.78,70.85,0.59,0.55
21077,452.05,7403.55,0.46,0.06
21078,5068.98,924209,0.45,0.01
21079,352.44,7750.2,0.78,0.05
21080,876.38,38794,0.63,0.02
21081,2985.3,543350,0.77,0.01
21082,4916.3,819406,0.43,0.01
21083,1707.92,154233,0.66,0.01
21084,2405.22,235332,0.51,0.01
21085,730.57,24756.7,0.58,0.03
21086,1339.83,97249.1,0.68,0.01
21087,194.48,2355.06,0.78,0.08
21088,6808.07,2105620,0.57,0
21089,1101.73,63168.3,0.65,0.02
21090,1092.81,37133.8,0.39,0.03
21091,704.12,12447.5,0.32,0.06
21092,627.71,22502.8,0.72,0.03
21093,776.89,22583.9,0.47,0.03
21094,755.95,18084.7,0.4,0.04
21095,605.75,16932,0.58,0.04
21096,771.42,36033.1,0.76,0.02
21097,1460.65,99883.1,0.59,0.01
21098,2749.39,389508,0.65,0.01
21099,42.71,91.3,0.63,0.47
21100,1249.07,69304,0.56,0.02
21101,921.64,52839.7,0.78,0.02
21102,1275.8,93107.1,0.72,0.01
21103,1753.12,176160,0.72,0.01
21104,1158.43,77595.8,0.73,0.01
21105,1173.83,84990,0.77,0.01
21106,1089.6,69313.6,0.73,0.02
21107,907.88,50354.5,0.77,0.02
21108,2718.44,367642,0.62,0.01
21109,1070.85,54564.4,0.6,0.02
21110,497.19,12882,0.65,0.04
21111,854.14,37007.5,0.64,0.02
21112,4415.54,893166,0.58,0
21113,1648.15,127528,0.59,0.01
21114,2169.75,276936,0.74,0.01
21115,644.43,11696.7,0.35,0.06
21116,1293.68,106045,0.8,0.01
21117,1199.08,69741.4,0.61,0.02
21118,1152.38,47542.4,0.45,0.02
21119,2523.06,297109,0.59,0.01
21120,5234.39,1359750,0.62,0
21121,3029.48,452875,0.62,0.01
21122,3133.44,429745,0.55,0.01
21123,828.32,42092,0.77,0.02
21124,634.77,23725.1,0.74,0.03
21125,3170.7,496349,0.62,0.01
21126,963.37,53796.6,0.73,0.02
21127,3956.63,975243,0.78,0
21128,3609.6,710844,0.69,0.01
21129,1358.06,119675,0.81,0.01
21130,2168.15,199218,0.53,0.01
21131,2980.76,431534,0.61,0.01
21132,1235.84,83402.3,0.69,0.01
21133,2990.6,38592.4,0.05,0.08
21134,1774.14,82487.5,0.33,0.02
21135,1536.18,17800.5,0.09,0.09
21136,321.79,2401.1,0.29,0.13
21137,3246.97,654839,0.78,0
21138,4009.2,762389,0.6,0.01
21139,433.95,7918.1,0.53,0.05
21140,803.7,25290.1,0.49,0.03
21141,394.22,9326.89,0.75,0.04
21142,429.49,7191.82,0.49,0.06
21143,436.82,7881.39,0.52,0.06
21144,427.61,6970.11,0.48,0.06
21145,307.85,4634.9,0.61,0.07
21146,409.6,6893.87,0.52,0.06
21147,330.97,5253.7,0.6,0.06
21148,256.78,3679.76,0.7,0.07
21149,367.06,5816.6,0.54,0.06
21150,386.71,6418.1,0.54,0.06
21151,659.91,12046.5,0.35,0.05
21152,259.07,3774.22,0.71,0.07
21153,655.76,11610,0.34,0.06
21154,257.66,3661.06,0.69,0.07
21155,443.14,8219.62,0.53,0.05
21156,308.15,4565.23,0.6,0.07
21157,567.43,6570.62,0.26,0.09
21158,369.29,6105.05,0.56,0.06
21159,386.02,6393.5,0.54,0.06
21160,380.29,5953.77,0.52,0.06
21161,437.67,11019.5,0.72,0.04
21162,454.63,11441.4,0.7,0.04
21163,395.65,7078.59,0.57,0.06
21164,369.9,5989.45,0.55,0.06
21165,260.37,3743.27,0.69,0.07
21166,361.87,5390.37,0.52,0.07
21167,376.33,5652.02,0.5,0.07
21168,659.56,12746.4,0.37,0.05
21169,255.93,3602.38,0.69,0.07
21170,664.12,13171.5,0.38,0.05
21171,265.78,3987.31,0.71,0.07
21172,384.34,4658.76,0.4,0.08
21173,304.78,3703.85,0.5,0.08
21174,235.38,2800.57,0.63,0.08
21175,1006.36,61587.3,0.76,0.02
21176,815.26,41073.9,0.78,0.02
21177,1742.07,176360,0.73,0.01
21178,1927.15,223896,0.76,0.01
21179,1519.29,19807.3,0.11,0.08
21180,752.04,3736.3,0.08,0.2
21181,2178.61,250642,0.66,0.01
21182,2439.12,346528,0.73,0.01
21183,2813.62,474356,0.75,0.01
21184,2157.39,267158,0.72,0.01
21185,1590.81,155012,0.77,0.01
21186,833.6,26893.6,0.49,0.03
21187,664.53,27460.3,0.78,0.02
21188,719.08,31868.4,0.77,0.02
21189,1179.27,43210,0.39,0.03
21190,707.94,20864.1,0.52,0.03
21191,737.82,28057.9,0.65,0.03
21192,3605.32,492835,0.48,0.01
21193,721.76,21942.4,0.53,0.03
21194,726.99,32967.7,0.78,0.02
21195,385.77,5383.37,0.45,0.07
21196,2006.99,98038.9,0.31,0.02
21197,1049.18,67590.9,0.77,0.02
21198,980.38,43142.3,0.56,0.02
21199,904.79,30175.6,0.46,0.03
21200,2215.98,207272,0.53,0.01
21201,913.89,33492.4,0.5,0.03
21202,887.13,23647.5,0.38,0.04
21203,813.43,27080.7,0.51,0.03
21204,975.94,40252.2,0.53,0.02
21205,4464.88,1229350,0.77,0
21206,3599.18,355818,0.34,0.01
21207,1568.88,131501,0.67,0.01
21208,3159.13,310625,0.39,0.01
21209,327.76,1644.1,0.19,0.2
21210,5379.08,1230860,0.53,0
21211,6768.01,1497810,0.41,0
21212,775.05,35994.8,0.75,0.02
21213,539.43,15931.5,0.69,0.03
21214,698.25,25808.3,0.66,0.03
21215,262.42,4403.32,0.8,0.06
21216,253.05,2585.69,0.51,0.1
21217,440.71,11893.5,0.77,0.04
21218,421.59,10182.8,0.72,0.04
21219,610.39,21216.2,0.72,0.03
21220,468.58,9107.71,0.52,0.05
21221,304.31,3248.76,0.44,0.09
21222,552.89,14674.2,0.6,0.04
21223,378.1,5445.57,0.48,0.07
21224,392.48,6715.64,0.55,0.06
21225,617.21,23529.3,0.78,0.03
21226,441.22,10220.5,0.66,0.04
21227,383.19,5920.47,0.51,0.06
21228,365.74,4362.14,0.41,0.08
21229,348.27,3065.18,0.32,0.11
21230,2940.36,249058,0.36,0.01
21231,59.27,176.1,0.63,0.34
21232,1503.65,122910,0.68,0.01
21233,1213.65,75656.2,0.65,0.02
21234,269.97,848.85,0.15,0.32
21235,1970.64,235662,0.76,0.01
21236,2518.35,217304,0.43,0.01
21237,3834.73,748566,0.64,0.01
21238,1505.11,132137,0.73,0.01
21239,2455.96,220633,0.46,0.01
21240,293.74,3330.67,0.48,0.09
21241,290.54,3190.16,0.47,0.09
21242,386.42,7420.22,0.62,0.05
21243,23.45,1.15,0.03,20.39
21244,4481.51,1158690,0.72,0
21245,44.32,2.54,0.02,17.45
21246,3390.22,638875,0.7,0.01
21247,5038.67,1113690,0.55,0
21248,10353.9,4418880,0.52,0
21249,110.58,293.65,0.3,0.38
21250,5854.67,1309450,0.48,0
21251,533.53,16031,0.71,0.03
21252,2636.98,166112,0.3,0.02
21253,790.54,18007.4,0.36,0.04
21254,154.44,490.11,0.26,0.32
21255,3884.54,565837,0.47,0.01
21256,1296.18,106679,0.8,0.01
21257,2014.72,140116,0.43,0.01
21258,421.87,10687.6,0.75,0.04
21259,505.04,15919.3,0.78,0.03
21260,85.9,249.5,0.42,0.34
21261,1896.58,126561,0.44,0.01
21262,801.16,41060,0.8,0.02
21263,1424.83,127672,0.79,0.01
21264,745.47,15360.8,0.35,0.05
21265,1446.32,117538,0.71,0.01
21266,1176.44,85921.6,0.78,0.01
21267,1429.15,111340,0.68,0.01
21268,1509.49,140357,0.77,0.01
21269,1431.84,110441,0.68,0.01
21270,1185.16,87719.6,0.78,0.01
21271,1303.33,101300,0.75,0.01
21272,2113.55,130137,0.37,0.02
21273,2609.36,273618,0.5,0.01
21274,1500.42,128157,0.72,0.01
21275,1567.09,149603,0.77,0.01
21276,5312.75,1362820,0.61,0
21277,2070.82,172804,0.51,0.01
21278,1131.83,72741.6,0.71,0.02
21279,1029.67,50639.1,0.6,0.02
21280,3246.12,433069,0.52,0.01
21281,540.02,12570.8,0.54,0.04
21282,1564.71,151750,0.78,0.01
21283,1005.26,63232.1,0.79,0.02
21284,2886.11,435934,0.66,0.01
21285,1287.02,94733.1,0.72,0.01
21286,541.28,18221.1,0.78,0.03
21287,428.59,9595.31,0.66,0.04
21288,714.31,26088.7,0.64,0.03
21289,1147.1,74268.8,0.71,0.02
21290,1996.57,239617,0.75,0.01
21291,1633.08,167428,0.79,0.01
21292,2059.58,251388,0.74,0.01
21293,1754.1,175612,0.72,0.01
21294,1174.7,82273.5,0.75,0.01
21295,335.01,6359.62,0.71,0.05
21296,2010.53,251328,0.78,0.01
21297,1567.47,141966,0.73,0.01
21298,1598.89,96054,0.47,0.02
21299,1024.23,55694.6,0.67,0.02
21300,847.44,44507,0.78,0.02
21301,2482.33,270458,0.55,0.01
21302,1223.93,58390.4,0.49,0.02
21303,1650.42,152977,0.71,0.01
21304,516.1,16914.7,0.8,0.03
21305,1325.58,105694,0.76,0.01
21306,1678.45,177050,0.79,0.01
21307,1956.59,238847,0.78,0.01
21308,1555.92,132368,0.69,0.01
21309,236.52,2607.18,0.59,0.09
21310,278.94,3940.72,0.64,0.07
21311,299.87,4961.76,0.69,0.06
21312,200.47,2499.66,0.78,0.08
21313,264.13,4184.38,0.75,0.06
21314,301.42,5315.93,0.73,0.06
21315,241.98,3097.95,0.66,0.08
21316,234.98,3311.12,0.75,0.07
21317,418.43,7262.58,0.52,0.06
21318,212.39,2654.01,0.74,0.08
21319,216.26,2751.88,0.74,0.08
21320,294.3,4419.15,0.64,0.07
21321,187.93,1876.44,0.67,0.1
21322,191.11,1902.56,0.65,0.1
21323,298.6,3381.37,0.48,0.09
21324,125.46,892.41,0.71,0.14
21325,109.1,709.1,0.75,0.15
21326,1385.95,42035.6,0.27,0.03
21327,3007.97,337685,0.47,0.01
21328,46.43,107.61,0.63,0.43
21329,8309.06,3995810,0.73,0
21330,1282.47,98412.9,0.75,0.01
21331,1320.87,104994,0.76,0.01
21332,1281.93,96648.6,0.74,0.01
21333,1346.56,109860,0.76,0.01
21334,1360.3,112502,0.76,0.01
21335,1301.38,104767,0.78,0.01
21336,1674.73,147211,0.66,0.01
21337,5651.52,848085,0.33,0.01
21338,1499.45,135496,0.76,0.01
21339,628.14,13156.4,0.42,0.05
21340,265.65,4015.9,0.71,0.07
21341,854.79,37185.8,0.64,0.02
21342,3242.47,455037,0.54,0.01
21343,4119.69,795309,0.59,0.01
21344,3832.49,328174,0.28,0.01
21345,500.67,10401.9,0.52,0.05
21346,1929.06,210830,0.71,0.01
21347,1067.12,58790.2,0.65,0.02
21348,76.19,178.6,0.39,0.43
21349,451.6,10105.2,0.62,0.04
21350,2287.67,242645,0.58,0.01
21351,2095.65,155646,0.45,0.01
21352,1891.1,124671,0.44,0.02
21353,183.97,1394.56,0.52,0.13
21354,1022.24,63082.2,0.76,0.02
21355,1355.51,48654.4,0.33,0.03
21356,6012.93,2207070,0.77,0
21357,5426.57,1269840,0.54,0
21358,85.23,179.91,0.31,0.47
21359,92.85,241.56,0.35,0.38
21360,3054.15,331444,0.45,0.01
21361,65.83,192.91,0.56,0.34
21362,1293.2,68160.5,0.51,0.02
21363,204.92,1406.18,0.42,0.15
21364,4622.44,928887,0.55,0
21365,1648.12,138565,0.64,0.01
21366,1362.36,103170,0.7,0.01
21367,2924.96,328900,0.48,0.01
21368,548.11,3677.49,0.15,0.15
21369,2728.79,222461,0.38,0.01
21370,315.27,3016.61,0.38,0.1
21371,220.07,2162.53,0.56,0.1
21372,7972.96,3251450,0.64,0
21373,1353.91,105670,0.72,0.01
21374,396.48,4586.25,0.37,0.09
21375,1440.03,114200,0.69,0.01
21376,1197.54,74796,0.66,0.02
21377,2084.15,129673,0.37,0.02
21378,508.06,15783.3,0.77,0.03
21379,513.67,9437.68,0.45,0.05
21380,273.96,1255.54,0.21,0.22
21381,1281.7,100993,0.77,0.01
21382,1622.08,164148,0.78,0.01
21383,1456.53,128820,0.76,0.01
21384,1916.92,89019.5,0.3,0.02
21385,7462,2714040,0.61,0
21386,2183.27,209239,0.55,0.01
21387,1573.92,151422,0.77,0.01
21388,8018.25,1364570,0.27,0.01
21389,1161.11,84870.5,0.79,0.01
21390,1166.67,85347.1,0.79,0.01
21391,595.87,13681.9,0.48,0.04
21392,1938.45,113554,0.38,0.02
21393,1328.79,109283,0.78,0.01
21394,1315.56,107845,0.78,0.01
21395,1214.65,90724.1,0.77,0.01
21396,1989.33,226236,0.72,0.01
21397,2413.62,337086,0.73,0.01
21398,2086.53,210383,0.61,0.01
21399,4490.39,990072,0.62,0
21400,540.06,14055.3,0.61,0.04
21401,1349.73,87042.8,0.6,0.02
21402,5876,779191,0.28,0.01
21403,727.42,28204.4,0.67,0.03
21404,691.29,29858.4,0.78,0.02
21405,488.27,14946.6,0.79,0.03
21406,453.84,12826.4,0.78,0.04
21407,723.54,28318.5,0.68,0.03
21408,695.95,26592.7,0.69,0.03
21409,2174.1,242373,0.64,0.01
21410,11846.2,5754190,0.52,0
21411,261.98,3772.31,0.69,0.07
21412,325.64,4188.92,0.5,0.08
21413,342.16,2219.2,0.24,0.15
21414,356.31,5610.29,0.56,0.06
21415,2447.38,105809,0.22,0.02
21416,160.02,570.62,0.28,0.28
21417,758.43,3440.51,0.08,0.22
21418,291.42,2481.71,0.37,0.12
21419,202.23,1704.08,0.52,0.12
21420,1379.63,107649,0.71,0.01
21421,1979.14,238071,0.76,0.01
21422,1505.21,137473,0.76,0.01
21423,1278.99,96116.7,0.74,0.01
21424,1213.48,80852,0.69,0.02
21425,6852.58,2327320,0.62,0
21426,1342.04,112352,0.78,0.01
21427,1358.05,114234,0.78,0.01
21428,1369.21,115467,0.77,0.01
21429,13.82,0.15,0.01,92.13
21430,1339.38,111581,0.78,0.01
21431,1359.24,115313,0.78,0.01
21432,21.05,2.18,0.06,9.66
21433,1537.78,147894,0.79,0.01
21434,1518.88,140845,0.77,0.01
21435,1475.26,135421,0.78,0.01
21436,1422.06,126450,0.79,0.01
21437,1513.03,142145,0.78,0.01
21438,1439.15,129224,0.78,0.01
21439,1654.86,166800,0.77,0.01
21440,1631.43,161876,0.76,0.01
21441,1756.34,187275,0.76,0.01
21442,1475.94,116413,0.67,0.01
21443,1326.9,109141,0.78,0.01
21444,1352.41,114031,0.78,0.01
21445,1937.11,180443,0.6,0.01
21446,1995.73,192663,0.61,0.01
21447,1386.41,122204,0.8,0.01
21448,1310.7,108281,0.79,0.01
21449,1335.93,113269,0.8,0.01
21450,3856.04,459458,0.39,0.01
21451,1408.96,123239,0.78,0.01
21452,18396.1,9027820,0.34,0
21453,511.64,5594.72,0.27,0.09
21454,15208.3,2312450,0.13,0.01
21455,800.91,40965.4,0.8,0.02
21456,1804.45,153134,0.59,0.01
21457,1354.38,107553,0.74,0.01
21458,1179.15,41549.9,0.38,0.03
21459,306.38,5311.16,0.71,0.06
21460,3978.2,291700,0.23,0.01
21461,197.8,2582.02,0.83,0.08
21462,310.3,5219.14,0.68,0.06
21463,288.96,3817.16,0.57,0.08
21464,1498.27,126242,0.71,0.01
21465,10269.7,2474620,0.29,0
21466,6612.31,1311350,0.38,0.01
21467,837.08,2863.2,0.05,0.29
21468,6799.88,858873,0.23,0.01
21469,221.6,3134.95,0.8,0.07
21470,909.22,4971.58,0.08,0.18
21471,262.04,3570.26,0.65,0.07
21472,155.37,1266.97,0.66,0.12
21473,13733.6,4029380,0.27,0
21474,1508.05,76679.5,0.42,0.02
21475,3868.21,765576,0.64,0.01
21476,585.3,2616.02,0.1,0.22
21477,1250.03,87621,0.7,0.01
21478,2492.03,308599,0.62,0.01
21479,492.19,12681.6,0.66,0.04
21480,524.54,12647.5,0.58,0.04
21481,370.96,6866.06,0.63,0.05
21482,1959.01,130331,0.43,0.02
21483,616.63,23060.9,0.76,0.03
21484,485.24,13421.7,0.72,0.04
21485,844.2,24267,0.43,0.03
21486,1091.21,49837.2,0.53,0.02
21487,1273.53,69732.9,0.54,0.02
21488,462.84,11215.6,0.66,0.04
21489,10604,3840280,0.43,0
21490,967.13,58497.9,0.79,0.02
21491,681.83,22190.2,0.6,0.03
21492,368.75,2260.92,0.21,0.16
21493,618.46,2789,0.09,0.22
21494,8827.85,3136530,0.51,0
21495,1174.02,72782.4,0.66,0.02
21496,475.62,10974.1,0.61,0.04
21497,168.66,497.71,0.22,0.34
21498,4565.95,970076,0.58,0
21499,2638.57,175754,0.32,0.02
21500,1536.56,136102,0.72,0.01
21501,2078.31,159637,0.46,0.01
21502,1367.91,110648,0.74,0.01
21503,272.66,1342.42,0.23,0.2
21504,27.34,46.75,0.79,0.58
21505,14433.5,4067390,0.25,0
21506,1036.67,46476.8,0.54,0.02
21507,3387.64,170486,0.19,0.02
21508,1227.03,36450.9,0.3,0.03
21509,1172.92,84632.3,0.77,0.01
21510,1426.68,126758,0.78,0.01
21511,2150.03,288613,0.78,0.01
21512,2669.12,214602,0.38,0.01
21513,1271.6,97370.8,0.76,0.01
21514,1291.26,104944,0.79,0.01
21515,1708.72,162887,0.7,0.01
21516,1922.83,144370,0.49,0.01
21517,1470.52,101547,0.59,0.01
21518,1338.16,105450,0.74,0.01
21519,1372.71,115119,0.77,0.01
21520,1139.07,76715.3,0.74,0.01
21521,4430.75,1232250,0.79,0
21522,317.16,2733.1,0.34,0.12
21523,1144.03,80573.2,0.77,0.01
21524,1076.95,71655.4,0.78,0.02
21525,1287.34,104223,0.79,0.01
21526,1208.01,89309.3,0.77,0.01
21527,1545.51,119368,0.63,0.01
21528,2718.44,324801,0.55,0.01
21529,302.76,4350.4,0.6,0.07
21530,640.71,12532.4,0.38,0.05
21531,253.04,3912.49,0.77,0.06
21532,260.04,4175.23,0.78,0.06
21533,397.83,10261.7,0.81,0.04
21534,381.06,8438.57,0.73,0.05
21535,186.08,1842.99,0.67,0.1
21536,182.19,2026.92,0.77,0.09
21537,357.3,7908.28,0.78,0.05
21538,86.49,238.36,0.4,0.36
21539,3412.39,435540,0.47,0.01
21540,1557.54,145238,0.75,0.01
21541,282.7,3014.54,0.47,0.09
21542,118.22,489.07,0.44,0.24
21543,1316.01,108261,0.79,0.01
21544,906.22,44562.6,0.68,0.02
21545,1556.45,79395.2,0.41,0.02
21546,2172.48,163314,0.43,0.01
21547,432.06,6273.98,0.42,0.07
21548,1407.68,17703.9,0.11,0.08
21549,677.53,5781.33,0.16,0.12
21550,1295.13,106280,0.8,0.01
21551,1390.14,117453,0.76,0.01
21552,1036.31,66138.2,0.77,0.02
21553,1553.14,144397,0.75,0.01
21554,1110.86,75613.7,0.77,0.01
21555,306.08,4001.83,0.54,0.08
21556,1050.34,43427.4,0.49,0.02
21557,1743.43,133613,0.55,0.01
21558,795.44,39428.7,0.78,0.02
21559,855.66,42623.8,0.73,0.02
21560,881.03,44763.8,0.72,0.02
21561,1205.17,87177.2,0.75,0.01
21562,772.73,33755.4,0.71,0.02
21563,700.84,28517.2,0.73,0.02
21564,2491.11,220129,0.45,0.01
21565,3133.97,133901,0.17,0.02
21566,745.6,11755.4,0.27,0.06
21567,468.74,12232,0.7,0.04
21568,715.45,29204.8,0.72,0.02
21569,1362.97,94602.4,0.64,0.01
21570,279.04,1949.4,0.31,0.14
21571,2110.4,226758,0.64,0.01
21572,1439.6,103440,0.63,0.01
21573,2097.98,235554,0.67,0.01
21574,1474.62,64228.7,0.37,0.02
21575,1797.2,156828,0.61,0.01
21576,4582.02,803431,0.48,0.01
21577,2295.32,100159,0.24,0.02
21578,1496.41,71263,0.4,0.02
21579,888.55,48952.7,0.78,0.02
21580,2829.12,387843,0.61,0.01
21581,950.35,51822.9,0.72,0.02
21582,1954.75,161880,0.53,0.01
21583,3045.21,410684,0.56,0.01
21584,426.73,5928.12,0.41,0.07
21585,2036.45,210531,0.64,0.01
21586,935.65,54021.4,0.78,0.02
21587,960.2,57494.7,0.78,0.02
21588,1463.64,91210.8,0.53,0.02
21589,1092.86,72046.4,0.76,0.02
21590,8956.29,1659400,0.26,0.01
21591,947.6,57902.4,0.81,0.02
21592,3285.48,536752,0.62,0.01
21593,940.75,10817.7,0.15,0.09
21594,2086.23,246781,0.71,0.01
21595,1077.03,75760.6,0.82,0.01
21596,5596.36,1560720,0.63,0
21597,8957.27,2281730,0.36,0
21598,1665.36,165672,0.75,0.01
21599,1366.46,74555.8,0.5,0.02
21600,5304.97,1567670,0.7,0
21601,387.31,5454.64,0.46,0.07
21602,263.69,2702.98,0.49,0.1
21603,336.27,5105.56,0.57,0.07
21604,176.82,1764.81,0.71,0.1
21605,414.1,9801.26,0.72,0.04
21606,1618.36,121985,0.58,0.01
21607,2260.44,211874,0.52,0.01
21608,1201.47,87611.5,0.76,0.01
21609,932.81,53327.4,0.77,0.02
21610,3459.31,667299,0.7,0.01
21611,6954.96,823601,0.21,0.01
21612,236.89,2657.86,0.59,0.09
21613,211.78,2564.17,0.72,0.08
21614,391.1,6609.78,0.54,0.06
21615,140.79,1211.59,0.77,0.12
21616,195.23,2320.05,0.76,0.08
21617,1751.13,161865,0.66,0.01
21618,1997.41,222408,0.7,0.01
21619,1494.29,139069,0.78,0.01
21620,1399.76,120842,0.77,0.01
21621,4502.06,1093450,0.68,0
21622,1269.04,100244,0.78,0.01
21623,1261.13,97920.1,0.77,0.01
21624,2589.86,307177,0.58,0.01
21625,883.56,45245.1,0.73,0.02
21626,1387,123557,0.81,0.01
21627,2636.78,399407,0.72,0.01
21628,1590.17,132519,0.66,0.01
21629,3769.17,716120,0.63,0.01
21630,1227.97,93779.9,0.78,0.01
21631,997.37,61030.9,0.77,0.02
21632,6137.09,2129280,0.71,0
21633,1595.76,123455,0.61,0.01
21634,1056.33,49864.2,0.56,0.02
21635,1772.27,189020,0.76,0.01
21636,1219.54,63723,0.54,0.02
21637,1424.02,111206,0.69,0.01
21638,2767.76,326392,0.54,0.01
21639,1171.14,67875.6,0.62,0.02
21640,3084.9,585085,0.77,0.01
21641,1104.04,76702.9,0.79,0.01
21642,974.38,57192.5,0.76,0.02
21643,954.35,58340.6,0.8,0.02
21644,909.89,49983.8,0.76,0.02
21645,2892.25,385956,0.58,0.01
21646,1391.73,113376,0.74,0.01
21647,285.52,3857,0.59,0.07
21648,299.58,4568.1,0.64,0.07
21649,371.12,8384.45,0.76,0.04
21650,269.82,2865.73,0.49,0.09
21651,420.14,9760.04,0.69,0.04
21652,171.88,1848.29,0.79,0.09
21653,2170.47,237058,0.63,0.01
21654,4859.96,399838,0.21,0.01
21655,306.22,5348.73,0.72,0.06
21656,215.05,2612.41,0.71,0.08
21657,217.09,2677.96,0.71,0.08
21658,211.59,2476.75,0.69,0.09
21659,226.55,3000.72,0.73,0.08
21660,287.06,3059.12,0.47,0.09
21661,159.33,1504.75,0.74,0.11
21662,1605.99,61057.5,0.3,0.03
21663,594.13,21923.9,0.78,0.03
21664,875.3,29709,0.49,0.03
21665,3361.03,741579,0.82,0
21666,1141.75,81844.1,0.79,0.01
21667,1271.88,97295.4,0.76,0.01
21668,1878.59,220706,0.79,0.01
21669,1210.14,88730.3,0.76,0.01
21670,3150.22,339007,0.43,0.01
21671,1587.67,145141,0.72,0.01
21672,1498.1,121927,0.68,0.01
21673,1308.87,106926,0.78,0.01
21674,1594.03,53048.1,0.26,0.03
21675,960.33,22385.2,0.3,0.04
21676,3319.46,393438,0.45,0.01
21677,253.99,3535.2,0.69,0.07
21678,314.78,5030.11,0.64,0.06
21679,258.91,3686.86,0.69,0.07
21680,310.84,4766.44,0.62,0.07
21681,309.18,4751.72,0.62,0.07
21682,193.96,1522.27,0.51,0.13
21683,520.5,8997.18,0.42,0.06
21684,274.74,3900.07,0.65,0.07
21685,151.09,1451.24,0.8,0.1
21686,96.07,470.18,0.64,0.2
21687,235.9,3009.68,0.68,0.08
21688,249.13,3242.68,0.66,0.08
21689,207.3,1381.93,0.4,0.15
21690,250.82,3700.84,0.74,0.07
21691,246.41,3514.57,0.73,0.07
21692,189.84,2229.47,0.78,0.09
21693,814.79,17154.9,0.32,0.05
21694,1287.08,35636.8,0.27,0.04
21695,1342.94,111395,0.78,0.01
21696,1157.08,70286.9,0.66,0.02
21697,516.25,16603.8,0.78,0.03
21698,468.76,12865.1,0.74,0.04
21699,216.34,2503.87,0.67,0.09
21700,214.92,2528.31,0.69,0.09
21701,522.82,16849.7,0.77,0.03
21702,3452.6,544890,0.57,0.01
21703,1699.83,123047,0.53,0.01
21704,1075.32,72532.9,0.79,0.01
21705,1433.93,121430,0.74,0.01
21706,993.09,60241.2,0.77,0.02
21707,1832.22,214324,0.8,0.01
21708,2543.73,353899,0.69,0.01
21709,1330.37,113017,0.8,0.01
21710,713.18,28921.8,0.71,0.02
21711,1952.25,203331,0.67,0.01
21712,2161.17,289408,0.78,0.01
21713,1359.09,86747.6,0.59,0.02
21714,2112.77,270650,0.76,0.01
21715,852.08,43869.4,0.76,0.02
21716,1477.99,111361,0.64,0.01
21717,1022.11,63593.2,0.76,0.02
21718,895.27,47560.6,0.75,0.02
21719,1018.45,64551.3,0.78,0.02
21720,1620.27,134599,0.64,0.01
21721,1007.57,58559.5,0.72,0.02
21722,2804.08,460880,0.74,0.01
21723,1721.11,169685,0.72,0.01
21724,2207.11,302472,0.78,0.01
21725,2127.97,278242,0.77,0.01
21726,1702.17,58701.6,0.25,0.03
21727,1226.58,88221.9,0.74,0.01
21728,1066.22,71248.3,0.79,0.01
21729,891.57,48695.3,0.77,0.02
21730,1164.89,85541.6,0.79,0.01
21731,945.11,57270,0.81,0.02
21732,780.07,36222.8,0.75,0.02
21733,1017.49,65358.3,0.79,0.02
21734,966.36,55991.4,0.75,0.02
21735,1954.91,235887,0.78,0.01
21736,1908.57,224391,0.77,0.01
21737,1060.38,67610.9,0.76,0.02
21738,1135.84,79596,0.77,0.01
21739,1586.5,127304,0.64,0.01
21740,2128.95,282500,0.78,0.01
21741,1519.74,140939,0.77,0.01
21742,1124.06,76998.7,0.77,0.01
21743,1068.39,70724.3,0.78,0.02
21744,1479.35,132356,0.76,0.01
21745,1021.44,65224.3,0.79,0.02
21746,967.71,54957.6,0.74,0.02
21747,291.01,1721.47,0.26,0.17
21748,319.34,1813.93,0.22,0.18
21749,707.68,32068.3,0.8,0.02
21750,464.38,12393.8,0.72,0.04
21751,379.41,8620.7,0.75,0.04
21752,903.2,26737.4,0.41,0.03
21753,720.04,27760.8,0.67,0.03
21754,199.48,2105.46,0.66,0.09
21755,834.93,42232.1,0.76,0.02
21756,811.61,42172,0.8,0.02
21757,701.63,30161.6,0.77,0.02
21758,621.64,18296.2,0.59,0.03
21759,306.4,5725.54,0.77,0.05
21760,448.01,11539.8,0.72,0.04
21761,412.34,9528.29,0.7,0.04
21762,676.8,19323.5,0.53,0.04
21763,632.59,24472,0.77,0.03
21764,374.43,8318.02,0.75,0.05
21765,240.02,2824.7,0.62,0.08
21766,254.81,3081.2,0.6,0.08
21767,1200.54,79400.3,0.69,0.02
21768,1592.36,137914,0.68,0.01
21769,125.15,432.7,0.35,0.29
21770,256.04,4098.75,0.79,0.06
21771,1149.65,81107.8,0.77,0.01
21772,1062.85,64937.2,0.72,0.02
21773,1897.16,173094,0.6,0.01
21774,1099.38,67034.6,0.7,0.02
21775,917.1,46042.7,0.69,0.02
21776,1193.48,79740.4,0.7,0.01
21777,1329.17,109898,0.78,0.01
21778,1285.3,95583.5,0.73,0.01
21779,1500.9,142151,0.79,0.01
21780,1369.34,106377,0.71,0.01
21781,1135.32,72409.9,0.71,0.02
21782,443.63,9793.6,0.63,0.05
21783,476.52,9715.86,0.54,0.05
21784,911.06,51954.5,0.79,0.02
21785,752.88,34281.9,0.76,0.02
21786,654.52,23289.8,0.68,0.03
21787,659.43,23821.3,0.69,0.03
21788,573.56,14598.3,0.56,0.04
21789,946.38,56206.9,0.79,0.02
21790,610.03,16046.1,0.54,0.04
21791,987.61,60584.1,0.78,0.02
21792,681.29,24771.6,0.67,0.03
21793,677.51,24796.5,0.68,0.03
21794,1002.82,62468.5,0.78,0.02
21795,4235.36,812574,0.57,0.01
21796,597.05,11194.7,0.39,0.05
21797,759.48,33497.6,0.73,0.02
21798,747.57,32634.1,0.73,0.02
21799,433.84,9556.74,0.64,0.05
21800,2647.21,389136,0.7,0.01
21801,515.06,15835.3,0.75,0.03
21802,423.84,9492.19,0.66,0.04
21803,298.92,5580.24,0.78,0.05
21804,408.78,8169.55,0.61,0.05
21805,367.38,8007.21,0.75,0.05
21806,430.15,11184.8,0.76,0.04
21807,431.84,8690.81,0.59,0.05
21808,356.96,8142.85,0.8,0.04
21809,330.93,4985.74,0.57,0.07
21810,520.15,12810.1,0.59,0.04
21811,336.36,4970.41,0.55,0.07
21812,671.71,25280.6,0.7,0.03
21813,250.42,3830.88,0.77,0.07
21814,558.36,11977.1,0.48,0.05
21815,848.97,42801.8,0.75,0.02
21816,614.74,14033.4,0.47,0.04
21817,334.4,6766.48,0.76,0.05
21818,365.02,8402.13,0.79,0.04
21819,273.32,3508.47,0.59,0.08
21820,340.32,7252.62,0.79,0.05
21821,500.7,12340.2,0.62,0.04
21822,790.08,38768.1,0.78,0.02
21823,428.91,4844.12,0.33,0.09
21824,1182.2,61136.4,0.55,0.02
21825,991.55,45497.4,0.58,0.02
21826,4212.19,729374,0.52,0.01
21827,4105.93,661295,0.49,0.01
21828,403.95,10077.8,0.78,0.04
21829,266.49,4330.27,0.77,0.06
21830,267.74,4375.62,0.77,0.06
21831,321.02,6431.57,0.78,0.05
21832,353.89,7797.51,0.78,0.05
21833,240.62,3600.44,0.78,0.07
21834,327.02,6665.16,0.78,0.05
21835,331.94,6857.78,0.78,0.05
21836,368.02,8521.63,0.79,0.04
21837,360.94,8107.91,0.78,0.04
21838,304.35,5652.5,0.77,0.05
21839,306.19,5711.55,0.77,0.05
21840,241.46,3625.44,0.78,0.07
21841,294.96,5348.25,0.77,0.06
21842,316.48,5727.42,0.72,0.06
21843,251.31,3912.01,0.78,0.06
21844,249.81,3872.14,0.78,0.06
21845,250.7,3884.24,0.78,0.06
21846,321.66,5911.3,0.72,0.05
21847,325.49,5985.34,0.71,0.05
21848,248.74,3825.62,0.78,0.07
21849,396.8,9715.74,0.78,0.04
21850,310.2,5921.42,0.77,0.05
21851,243.72,3679.49,0.78,0.07
21852,301.95,5611.76,0.77,0.05
21853,307.64,5788.04,0.77,0.05
21854,308.16,5792.13,0.77,0.05
21855,306.36,5761.31,0.77,0.05
21856,307.55,5759.13,0.76,0.05
21857,428.58,11342.4,0.78,0.04
21858,402.77,9925.11,0.77,0.04
21859,245.7,3741.69,0.78,0.07
21860,2961.85,92372.8,0.13,0.03
21861,108.19,494.82,0.53,0.22
21862,1722.49,142048,0.6,0.01
21863,793.44,19897.7,0.4,0.04
21864,5195.36,565167,0.26,0.01
21865,107.63,259.4,0.28,0.41
21866,881.63,38256.6,0.62,0.02
21867,297.21,2631.5,0.37,0.11
21868,2781.92,391749,0.64,0.01
21869,409.86,10408.3,0.78,0.04
21870,4471.77,604896,0.38,0.01
21871,343.33,5175.16,0.55,0.07
21872,1786.04,164687,0.65,0.01
21873,2110.9,242160,0.68,0.01
21874,7784.1,3082800,0.64,0
21875,6138.01,2085050,0.7,0
21876,1688.16,146868,0.65,0.01
21877,2688.16,440625,0.77,0.01
21878,1709.55,117722,0.51,0.01
21879,1661.82,134038,0.61,0.01
21880,3340.91,278471,0.31,0.01
21881,4982.32,1110040,0.56,0
21882,151.09,661.3,0.36,0.23
21883,686.89,30046,0.8,0.02
21884,6247.52,1608530,0.52,0
21885,782.09,33203.2,0.68,0.02
21886,20229.1,12914600,0.4,0
21887,4564.92,979193,0.59,0
21888,3115.1,236563,0.31,0.01
21889,65.27,191.12,0.56,0.34
21890,2915.68,349663,0.52,0.01
21891,8747.25,2860090,0.47,0
21892,1096.69,68963.5,0.72,0.02
21893,1150.6,80734,0.77,0.01
21894,1001.49,57320.5,0.72,0.02
21895,1160.68,75358.7,0.7,0.02
21896,3713.38,513234,0.47,0.01
21897,2431.5,194939,0.41,0.01
21898,2165.75,265500,0.71,0.01
21899,271.63,1915.48,0.33,0.14
21900,468.07,2994.66,0.17,0.16
21901,748.31,5421.32,0.12,0.14
21902,2313.12,288315,0.68,0.01
21903,646.74,25973.9,0.78,0.02
21904,951.18,54342.4,0.75,0.02
21905,830.08,41641.4,0.76,0.02
21906,918.42,50810.8,0.76,0.02
21907,7846.15,2956120,0.6,0
21908,3649.93,627300,0.59,0.01
21909,7990.07,3658930,0.72,0
21910,681.8,24393.5,0.66,0.03
21911,1746.37,56215.5,0.23,0.03
21912,3530.96,608585,0.61,0.01
21913,2226.24,252179,0.64,0.01
21914,1380.59,113602,0.75,0.01
21915,2329.75,314176,0.73,0.01
21916,3012.21,465900,0.64,0.01
21917,2320.91,262267,0.61,0.01
21918,2790.96,341327,0.55,0.01
21919,6588.9,1234770,0.36,0.01
21920,1376.35,108816,0.72,0.01
21921,24597.5,13707300,0.28,0
21922,4326.68,968078,0.65,0
21923,1808.89,159350,0.61,0.01
21924,1525.68,141318,0.76,0.01
21925,4596.95,953436,0.57,0
21926,672.54,22990.3,0.64,0.03
21927,561.07,16883.4,0.67,0.03
21928,966.43,57394.7,0.77,0.02
21929,163.43,856.27,0.4,0.19
21930,5848.79,2121970,0.78,0
21931,953.03,55181,0.76,0.02
21932,655.71,9058.26,0.26,0.07
21933,1068.23,15135.4,0.17,0.07
21934,1153.09,32988.3,0.31,0.03
21935,6877.08,2096560,0.56,0
21936,236.84,892.1,0.2,0.27
21937,2077.3,226250,0.66,0.01
21938,1844.42,194441,0.72,0.01
21939,977.5,59770.3,0.79,0.02
21940,143.24,953.58,0.58,0.15
21941,373.27,7201.13,0.65,0.05
21942,1353.87,105968,0.73,0.01
21943,1663.13,164818,0.75,0.01
21944,1742.4,187005,0.77,0.01
21945,2166.61,100781,0.27,0.02
21946,1215.5,91122,0.77,0.01
21947,1191.22,78602.3,0.7,0.02
21948,1988.28,212754,0.68,0.01
21949,815.98,4700.13,0.09,0.17
21950,135.16,578.03,0.4,0.23
21951,1782.27,189486,0.75,0.01
21952,756.07,2150.14,0.05,0.35
21953,5356.02,1184320,0.52,0
21954,1667.29,137586,0.62,0.01
21955,5950.05,1104700,0.39,0.01
21956,2326.53,295106,0.68,0.01
21957,1334.15,113157,0.8,0.01
21958,797.37,26409.1,0.52,0.03
21959,6193.71,1617910,0.53,0
21960,598.17,13871.7,0.49,0.04
21961,897.33,33225.7,0.52,0.03
21962,6297.85,1135340,0.36,0.01
21963,1262.35,53368,0.42,0.02
21964,6693.29,2206050,0.62,0
21965,4943.46,1288050,0.66,0
21966,4421.66,738226,0.47,0.01
21967,2864.29,491974,0.75,0.01
21968,711.62,30745.7,0.76,0.02
21969,756.41,35820,0.79,0.02
21970,806.66,35921.4,0.69,0.02
21971,703.22,30795.6,0.78,0.02
21972,1292.9,88519.1,0.67,0.01
21973,1438.31,127594,0.77,0.01
21974,727.79,33057.3,0.78,0.02
21975,1648.98,162964,0.75,0.01
21976,5265.33,792684,0.36,0.01
21977,5621.22,949588,0.38,0.01
21978,1538.65,130962,0.69,0.01
21979,1118.3,56282.5,0.57,0.02
21980,2354.05,245875,0.56,0.01
21981,56.01,147.18,0.59,0.38
21982,3251.74,644001,0.76,0.01
21983,1095.95,75575.6,0.79,0.01
21984,1200.55,88949.2,0.78,0.01
21985,4246.89,903165,0.63,0
21986,846.29,38158.9,0.67,0.02
21987,1338.42,74635,0.52,0.02
21988,1470.71,58048.8,0.34,0.03
21989,182.56,1203.15,0.45,0.15
21990,1175.97,76241.8,0.69,0.02
21991,3644.8,722773,0.68,0.01
21992,720.1,30739.4,0.74,0.02
21993,2205.56,252367,0.65,0.01
21994,2578.73,370727,0.7,0.01
21995,7595.71,3322990,0.72,0
21996,1489.47,137612,0.78,0.01
21997,1459.3,117796,0.69,0.01
21998,2349.34,332279,0.76,0.01
21999,3761.85,141333,0.13,0.03
22000,1915.2,229170,0.78,0.01
22001,836.61,8371.12,0.15,0.1
22002,752.06,31182.5,0.69,0.02
22003,6147.6,1703730,0.57,0
22004,2937.22,333864,0.49,0.01
22005,636.55,25179.9,0.78,0.03
22006,613.54,23460.5,0.78,0.03
22007,1284.19,103183,0.79,0.01
22008,343.48,1339.98,0.14,0.26
22009,318.66,1189.88,0.15,0.27
22010,1989.84,208393,0.66,0.01
22011,1509.53,136134,0.75,0.01
22012,1066.31,70421.2,0.78,0.02
22013,1443.65,126359,0.76,0.01
22014,1449.07,125433,0.75,0.01
22015,6164.06,1139090,0.38,0.01
22016,90.08,227.62,0.35,0.4
22017,404.73,1705.34,0.13,0.24
22018,1146.35,81806.5,0.78,0.01
22019,1165.86,84767.6,0.78,0.01
22020,1741.08,176677,0.73,0.01
22021,31.88,61.43,0.76,0.52
22022,4313.4,946688,0.64,0
22023,2421.08,293662,0.63,0.01
22024,6074.13,1287950,0.44,0
22025,647.48,22459.4,0.67,0.03
22026,540.68,15580.1,0.67,0.03
22027,3762.11,684799,0.61,0.01
22028,4136.12,579848,0.43,0.01
22029,3209.23,504880,0.62,0.01
22030,1770.43,191448,0.77,0.01
22031,1677.22,131278,0.59,0.01
22032,8963.27,2037340,0.32,0
22033,2172.75,257554,0.69,0.01
22034,1821.3,206609,0.78,0.01
22035,4325.72,852477,0.57,0.01
22036,1777.63,120048,0.48,0.01
22037,3043.35,319683,0.43,0.01
22038,1519.86,128325,0.7,0.01
22039,3571.93,375517,0.37,0.01
22040,4569.5,1218290,0.73,0
22041,3460.17,567446,0.6,0.01
22042,1686.85,55740.5,0.25,0.03
22043,263.19,809.06,0.15,0.33
22044,1356.27,80992.4,0.55,0.02
22045,1001.18,63252.6,0.79,0.02
22046,865.95,42143.8,0.71,0.02
22047,2054.71,201287,0.6,0.01
22048,1080,75102.5,0.81,0.01
22049,1330.92,106350,0.75,0.01
22050,1174.23,83441.6,0.76,0.01
22051,1777.26,170473,0.68,0.01
22052,3821.1,921634,0.79,0
22053,1134.6,78194.4,0.76,0.01
22054,1199.15,83638.8,0.73,0.01
22055,1726.96,168994,0.71,0.01
22056,2183.22,270547,0.71,0.01
22057,1720.44,186982,0.79,0.01
22058,1559.03,143708,0.74,0.01
22059,337.63,3796.23,0.42,0.09
22060,2494.48,265456,0.54,0.01
22061,2557.58,308673,0.59,0.01
22062,1957.02,227057,0.74,0.01
22063,2024.34,252599,0.77,0.01
22064,3839.91,450718,0.38,0.01
22065,3870.94,514574,0.43,0.01
22066,2073.5,261577,0.76,0.01
22067,1679.32,168720,0.75,0.01
22068,1845.25,182918,0.67,0.01
22069,1524.06,89541.8,0.48,0.02
22070,1207.48,84683.2,0.73,0.01
22071,1500.39,126746,0.71,0.01
22072,3415.19,688611,0.74,0
22073,1899.94,164349,0.57,0.01
22074,3634.64,797216,0.76,0
22075,3794.09,780761,0.68,0
22076,5011.93,680703,0.34,0.01
22077,4876.07,453019,0.24,0.01
22078,1552.84,147197,0.77,0.01
22079,1403.06,117336,0.75,0.01
22080,1313.15,101907,0.74,0.01
22081,1381.3,117718,0.77,0.01
22082,1545.83,147204,0.77,0.01
22083,1451.96,122906,0.73,0.01
22084,1129.74,67920.8,0.67,0.02
22085,638.91,7133.51,0.22,0.09
22086,880.77,44552.6,0.72,0.02
22087,1059.14,66234.2,0.74,0.02
22088,800.41,39812.5,0.78,0.02
22089,950.94,54997,0.76,0.02
22090,1371.17,108782,0.73,0.01
22091,1835.19,205589,0.77,0.01
22092,1585.79,154357,0.77,0.01
22093,3842.09,502214,0.43,0.01
22094,3787.38,443074,0.39,0.01
22095,1149.34,73292.2,0.7,0.02
22096,1148.86,67984.7,0.65,0.02
22097,1149.38,68161.7,0.65,0.02
22098,638.7,25193.8,0.78,0.03
22099,736.15,32151.8,0.75,0.02
22100,1458.34,131544,0.78,0.01
22101,1133.46,63252.5,0.62,0.02
22102,1123.44,61552.1,0.61,0.02
22103,1202.62,77914.1,0.68,0.02
22104,1188.26,72827.5,0.65,0.02
22105,1137.07,66701,0.65,0.02
22106,1074,55553.9,0.6,0.02
22107,3616.53,795595,0.76,0
22108,2633.2,318714,0.58,0.01
22109,1430.65,127793,0.78,0.01
22110,1639.42,168547,0.79,0.01
22111,4010.27,656564,0.51,0.01
22112,231.21,3533.14,0.83,0.07
22113,3807.33,31439,0.03,0.12
22114,2104.7,16803.7,0.05,0.13
22115,102.03,324.16,0.39,0.31
22116,1763.08,171192,0.69,0.01
22117,1506.84,130707,0.72,0.01
22118,1088.85,73165.2,0.78,0.01
22119,1001.59,62571.7,0.78,0.02
22120,2183.29,228525,0.6,0.01
22121,1469.48,117134,0.68,0.01
22122,1607.83,151473,0.74,0.01
22123,1777.89,178021,0.71,0.01
22124,1528.89,145315,0.78,0.01
22125,1526.53,144681,0.78,0.01
22126,1115,49038.4,0.5,0.02
22127,985.74,45302.2,0.59,0.02
22128,87.65,314.22,0.51,0.28
22129,1643.61,167170,0.78,0.01
22130,1483.31,83279.7,0.48,0.02
22131,1529.14,109099,0.59,0.01
22132,2963.13,442210,0.63,0.01
22133,3578.84,476723,0.47,0.01
22134,1699.43,180737,0.79,0.01
22135,2148.89,130217,0.35,0.02
22136,1136.31,81066,0.79,0.01
22137,2329.09,15381.8,0.04,0.15
22138,1160.48,61934.4,0.58,0.02
22139,1392.08,114597,0.74,0.01
22140,1849.33,219445,0.81,0.01
22141,1875.78,220872,0.79,0.01
22142,1750.01,190865,0.78,0.01
22143,1648.71,169427,0.78,0.01
22144,2516.95,297009,0.59,0.01
22145,1422.35,123739,0.77,0.01
22146,1907.5,238200,0.82,0.01
22147,667.65,27223.9,0.77,0.02
22148,899.88,51919,0.81,0.02
22149,909.43,44283.3,0.67,0.02
22150,1194.3,50144.2,0.44,0.02
22151,988.76,51495.8,0.66,0.02
22152,808.84,38934.2,0.75,0.02
22153,1397.16,118788,0.76,0.01
22154,1489.33,136238,0.77,0.01
22155,1286.52,86888.4,0.66,0.01
22156,1639.28,131547,0.61,0.01
22157,1129.79,78441,0.77,0.01
22158,1063,70530.6,0.78,0.02
22159,1764.29,176769,0.71,0.01
22160,1832.84,215680,0.81,0.01
22161,2839.37,371481,0.58,0.01
22162,1407.74,120455,0.76,0.01
22163,1844.5,201682,0.74,0.01
22164,1499.61,139766,0.78,0.01
22165,1413.7,124352,0.78,0.01
22166,1410.01,123893,0.78,0.01
22167,1432.01,127213,0.78,0.01
22168,1385.49,111857,0.73,0.01
22169,1648.05,158433,0.73,0.01
22170,1475.87,111256,0.64,0.01
22171,540.3,18052.8,0.78,0.03
22172,628.18,23499.3,0.75,0.03
22173,646.24,24551.1,0.74,0.03
22174,1357.51,112336,0.77,0.01
22175,1137.72,62814.4,0.61,0.02
22176,1140.62,63455.4,0.61,0.02
22177,1220.3,79970,0.67,0.02
22178,1239.36,83594.4,0.68,0.01
22179,1235.41,83233.2,0.68,0.01
22180,1221.26,80034.7,0.67,0.02
22181,1141.61,63538.9,0.61,0.02
22182,1140.42,63225.9,0.61,0.02
22183,2044.94,253456,0.76,0.01
22184,1216.83,79593.7,0.68,0.02
22185,1442.86,127050,0.77,0.01
22186,1195.6,75104.9,0.66,0.02
22187,1265.43,90036.8,0.71,0.01
22188,1279.32,92335,0.71,0.01
22189,1224.87,77684.8,0.65,0.02
22190,684.71,26930.3,0.72,0.03
22191,1647.33,144079,0.67,0.01
22192,4489.62,608642,0.38,0.01
22193,2519.31,334483,0.66,0.01
22194,2255.53,193594,0.48,0.01
22195,341.67,7856.32,0.85,0.04
22196,492.61,6818.54,0.35,0.07
22197,1614.17,163627,0.79,0.01
22198,1896.45,230431,0.8,0.01
22199,1797.43,200526,0.78,0.01
22200,1252.07,25295.7,0.2,0.05
22201,287.8,2759.8,0.42,0.1
22202,359.92,1608.56,0.16,0.22
22203,2232.31,201764,0.51,0.01
22204,2917.57,187195,0.28,0.02
22205,1904.72,119868,0.41,0.02
22206,2319.65,193610,0.45,0.01
22207,1955.62,110583,0.36,0.02
22208,1820.68,197577,0.75,0.01
22209,2877.63,447990,0.68,0.01
22210,6884.21,1748430,0.46,0
22211,534.03,17435.7,0.77,0.03
22212,2175.34,275826,0.73,0.01
22213,11746.7,7248190,0.66,0
22214,1043.3,67101.9,0.77,0.02
22215,233.8,1728.86,0.4,0.14
22216,2978.67,212090,0.3,0.01
22217,990.38,60336.9,0.77,0.02
22218,881.42,45770.4,0.74,0.02
22219,1823.23,216112,0.82,0.01
22220,813.1,41424.7,0.79,0.02
22221,1041.85,65479.7,0.76,0.02
22222,1369.06,111235,0.75,0.01
22223,5795.64,1597630,0.6,0
22224,733.5,33059.6,0.77,0.02
22225,738.5,32613.6,0.75,0.02
22226,650.29,25993.8,0.77,0.03
22227,581.44,19131.6,0.71,0.03
22228,729.34,28938.6,0.68,0.03
22229,1353.08,116504,0.8,0.01
22230,2383.43,289828,0.64,0.01
22231,651.93,26312.2,0.78,0.02
22232,974.63,56521.2,0.75,0.02
22233,5620.07,450318,0.18,0.01
22234,850.92,41111.5,0.71,0.02
22235,909.65,51371.6,0.78,0.02
22236,886.09,49674.2,0.79,0.02
22237,1080.18,67683.3,0.73,0.02
22238,377.38,3370.71,0.3,0.11
22239,8124.16,2663890,0.51,0
22240,1708.14,168046,0.72,0.01
22241,2054.49,20244.1,0.06,0.1
22242,2039.99,248856,0.75,0.01
22243,36.68,83.27,0.78,0.44
22244,605.88,2095.42,0.07,0.29
22245,640.78,2953.33,0.09,0.22
22246,1069.63,4947.8,0.05,0.22
22247,1506.67,126027,0.7,0.01
22248,2361.21,310564,0.7,0.01
22249,1116.72,74808.7,0.75,0.01
22250,725.94,29150,0.69,0.02
22251,771.81,36820,0.78,0.02
22252,498.64,15655.8,0.79,0.03
22253,72.33,155.94,0.37,0.46
22254,2008.01,234445,0.73,0.01
22255,1732.04,179828,0.75,0.01
22256,1833.78,176203,0.66,0.01
22257,1408.92,122763,0.78,0.01
22258,1376.24,118176,0.78,0.01
22259,1583.26,154263,0.77,0.01
22260,1543.32,82781.5,0.44,0.02
22261,2746.74,208335,0.35,0.01
22262,1499.53,134042,0.75,0.01
22263,2112.3,275595,0.78,0.01
22264,1023.38,60316.4,0.72,0.02
22265,899.87,48695.2,0.76,0.02
22266,1683.86,173915,0.77,0.01
22267,1288.75,102465,0.77,0.01
22268,1172.13,85408.7,0.78,0.01
22269,1072.95,69400.3,0.76,0.02
22270,25.05,18.36,0.37,1.36
22271,2863.53,361957,0.55,0.01
22272,7815.69,2709880,0.56,0
22273,732.49,29855.2,0.7,0.02
22274,859.94,45210.8,0.77,0.02
22275,1334.07,100462,0.71,0.01
22276,603.65,18528.7,0.64,0.03
22277,1741.49,188854,0.78,0.01
22278,839.55,39993.6,0.71,0.02
22279,683.85,25823,0.69,0.03
22280,474.84,7025.38,0.39,0.07
22281,3250.24,119058,0.14,0.03
22282,1067.61,29269.3,0.32,0.04
22283,413.51,8577.17,0.63,0.05
22284,319.86,6506.25,0.8,0.05
22285,416.68,8902.27,0.64,0.05
22286,594.74,9487.18,0.34,0.06
22287,637.05,10957.9,0.34,0.06
22288,228.22,945.08,0.23,0.24
22289,1351.88,28605.1,0.2,0.05
22290,575.67,12037.1,0.46,0.05
22291,938.34,11249,0.16,0.08
22292,274.21,4029.04,0.67,0.07
22293,492.39,11090.5,0.57,0.04
22294,257.93,4096.62,0.77,0.06
22295,314.76,5850.17,0.74,0.05
22296,430.88,8534.53,0.58,0.05
22297,372.18,7297.08,0.66,0.05
22298,134.1,832.3,0.58,0.16
22299,295.92,4924.09,0.71,0.06
22300,461.3,9208.01,0.54,0.05
22301,356.46,6913.21,0.68,0.05
22302,142.66,984.57,0.61,0.14
22303,71.56,319.02,0.78,0.22
22304,114.71,710.94,0.68,0.16
22305,147.89,978.13,0.56,0.15
22306,83.57,550.87,0.99,0.15
22307,313.72,5663.68,0.72,0.06
22308,168.89,1761.45,0.78,0.1
22309,328.62,4527.11,0.53,0.07
22310,6230.87,199974,0.06,0.03
22311,155.41,705.89,0.37,0.22
22312,124.11,901.3,0.73,0.14
22313,274.51,3825.29,0.64,0.07
22314,302.84,4554.29,0.62,0.07
22315,1117.77,23968.4,0.24,0.05
22316,790.81,29176.1,0.59,0.03
22317,147.65,1325.91,0.76,0.11
22318,228.06,1606.29,0.39,0.14
22319,600.52,10192.7,0.35,0.06
22320,294.64,4303.23,0.62,0.07
22321,471.01,10109.7,0.57,0.05
22322,279.4,4117.66,0.66,0.07
22323,313.71,4676.7,0.6,0.07
22324,286.66,5076.24,0.78,0.06
22325,266.98,3857.05,0.68,0.07
22326,150.27,1288.18,0.72,0.12
22327,88.41,183.08,0.29,0.48
22328,85.63,578.2,0.99,0.15
22329,519.65,7441.32,0.35,0.07
22330,551.71,6775.05,0.28,0.08
22331,562.45,7761.91,0.31,0.07
22332,259.07,3773.23,0.71,0.07
22333,641.42,14083.7,0.43,0.05
22334,483.74,9735.11,0.52,0.05
22335,391.35,8105.55,0.66,0.05
22336,321.36,1307.35,0.16,0.25
22337,321.84,5541.77,0.67,0.06
22338,305.75,5161.4,0.69,0.06
22339,652.79,14325.8,0.42,0.05
22340,407.19,8151.73,0.62,0.05
22341,296.75,4813.14,0.69,0.06
22342,655.54,13950.8,0.41,0.05
22343,367.52,7025.49,0.65,0.05
22344,247.91,2750.98,0.56,0.09
22345,941.93,17502.6,0.25,0.05
22346,441.05,6398.81,0.41,0.07
22347,599.71,7764.24,0.27,0.08
22348,546.81,10375.5,0.44,0.05
22349,370.4,7112.99,0.65,0.05
22350,371.61,6945.88,0.63,0.05
22351,650.94,13850.4,0.41,0.05
22352,447.63,9179.4,0.58,0.05
22353,258.56,1422.96,0.27,0.18
22354,375.58,9089.5,0.81,0.04
22355,278.59,1320.55,0.21,0.21
22356,367,7109.79,0.66,0.05
22357,379.18,7295.35,0.64,0.05
22358,373.68,6871.28,0.62,0.05
22359,326.84,5674.71,0.67,0.06
22360,68.92,374.55,0.99,0.18
22361,453.62,5873.61,0.36,0.08
22362,1311.97,62567.9,0.46,0.02
22363,696.31,29863.2,0.77,0.02
22364,2159.7,79235.8,0.21,0.03
22365,1802.79,204796,0.79,0.01
22366,699.64,30122.3,0.77,0.02
22367,1947.29,229485,0.76,0.01
22368,1751.39,184904,0.76,0.01
22369,1923.71,227840,0.77,0.01
22370,437.05,5704.02,0.38,0.08
22371,510.89,7886.51,0.38,0.06
22372,786.66,13206.9,0.27,0.06
22373,6844.69,2899750,0.78,0
22374,8.3,0.5,0.09,16.6
22375,3679.39,447944,0.42,0.01
22376,1278.27,101502,0.78,0.01
22377,971.57,39809.2,0.53,0.02
22378,1928.54,21584.1,0.07,0.09
22379,410.65,4440.05,0.33,0.09
22380,1230.82,98487.3,0.82,0.01
22381,467.32,3704.83,0.21,0.13
22382,659.81,2653.26,0.08,0.25
22383,195.83,607.21,0.2,0.32
22384,1427.92,127371,0.78,0.01
22385,1950.34,177287,0.59,0.01
22386,1097.1,74361.4,0.78,0.01
22387,2889.55,461382,0.69,0.01
22388,2116.17,266938,0.75,0.01
22389,870.99,46310.9,0.77,0.02
22390,801.01,39871.2,0.78,0.02
22391,641.08,25621.6,0.78,0.03
22392,767.12,11339.7,0.24,0.07
22393,352.45,7990.8,0.81,0.04
22394,286.77,4582,0.7,0.06
22395,361.66,8168.52,0.78,0.04
22396,395.89,8628.91,0.69,0.05
22397,1798.3,119752,0.47,0.02
22398,466.56,12566.7,0.73,0.04
22399,494.06,13554.2,0.7,0.04
22400,763.08,23998.1,0.52,0.03
22401,2214.69,289030,0.74,0.01
22402,1938.37,232445,0.78,0.01
22403,1953.36,233801,0.77,0.01
22404,825.43,28036,0.52,0.03
22405,1653.14,163799,0.75,0.01
22406,1639.86,163066,0.76,0.01
22407,5216.63,1385880,0.64,0
22408,3422.23,754233,0.81,0
22409,2738.69,410819,0.69,0.01
22410,5401.7,1405230,0.6,0
22411,1121.99,75449.2,0.75,0.01
22412,1383.26,41791.5,0.27,0.03
22413,1435.19,32252,0.2,0.04
22414,357.56,6097.05,0.6,0.06
22415,1790.99,155908,0.61,0.01
22416,2046.85,182938,0.55,0.01
22417,4471.57,1005330,0.63,0
22418,8497.07,3779800,0.66,0
22419,513.85,14625.6,0.7,0.04
22420,476.18,13506.4,0.75,0.04
22421,480.21,13890.8,0.76,0.03
22422,1135.52,81176.4,0.79,0.01
22423,741.91,33287.2,0.76,0.02
22424,497.38,7474.66,0.38,0.07
22425,698.38,29757.2,0.77,0.02
22426,491.98,13931.8,0.72,0.04
22427,529.19,15593.6,0.7,0.03
22428,956.21,57057.5,0.78,0.02
22429,1057.89,68752.9,0.77,0.02
22430,504.97,14259.7,0.7,0.04
22431,4703.46,1177070,0.67,0
22432,1507.57,141398,0.78,0.01
22433,1196.24,87731.4,0.77,0.01
22434,53.04,107.78,0.48,0.49
22435,830.8,33330.1,0.61,0.02
22436,4860.34,1224300,0.65,0
22437,6374.04,1010810,0.31,0.01
22438,1534.67,145404,0.78,0.01
22439,1115.05,27490.7,0.28,0.04
22440,417.39,7951.43,0.57,0.05
22441,299.35,5208.7,0.73,0.06
22442,1736.48,28091.4,0.12,0.06
22443,236.82,3759.24,0.84,0.06
22444,226.22,3168.97,0.78,0.07
22445,368.4,8065.37,0.75,0.05
22446,556.79,18969.7,0.77,0.03
22447,401.89,10241.8,0.8,0.04
22448,1039.44,59631.5,0.69,0.02
22449,1323.78,111314,0.8,0.01
22450,1504.57,140121,0.78,0.01
22451,3847.08,259737,0.22,0.01
22452,481.54,8129.32,0.44,0.06
22453,1150.78,40461.4,0.38,0.03
22454,1187.3,38843.7,0.35,0.03
22455,1346.29,14283.9,0.1,0.09
22456,901.91,49113.3,0.76,0.02
22457,765.87,36630.1,0.78,0.02
22458,2349.15,193430,0.44,0.01
22459,657.46,20709.3,0.6,0.03
22460,439.5,10535.7,0.69,0.04
22461,298.16,5492.63,0.78,0.05
22462,1147.35,67045.6,0.64,0.02
22463,843.09,37426.7,0.66,0.02
22464,1079.87,57419.8,0.62,0.02
22465,543.18,18864.9,0.8,0.03
22466,27.46,46.22,0.77,0.59
22467,1087.07,47527.3,0.51,0.02
22468,1263.87,89069.3,0.7,0.01
22469,975.7,59269.3,0.78,0.02
22470,673.16,27806.2,0.77,0.02
22471,1390.3,121733,0.79,0.01
22472,633.82,17650.3,0.55,0.04
22473,1220.66,55115.7,0.46,0.02
22474,1325.95,46923.9,0.34,0.03
22475,151.43,556.19,0.3,0.27
22476,258.73,983.96,0.18,0.26
22477,1381.47,96945.6,0.64,0.01
22478,2124.28,269950,0.75,0.01
22479,774.07,32433.1,0.68,0.02
22480,2577.87,291390,0.55,0.01
22481,416.88,10556.8,0.76,0.04
22482,900.1,21089.2,0.33,0.04
22483,290.02,4029.98,0.6,0.07
22484,301.18,4650.81,0.64,0.06
22485,388.38,7204.68,0.6,0.05
22486,751.43,32186.2,0.72,0.02
22487,339.3,5927.88,0.65,0.06
22488,314.82,4103.85,0.52,0.08
22489,285.39,4988.04,0.77,0.06
22490,777.27,17933.2,0.37,0.04
22491,304.02,5720.82,0.78,0.05
22492,243.01,3212.7,0.68,0.08
22493,251.97,3587.73,0.71,0.07
22494,2364.13,292704,0.66,0.01
22495,1167.03,65531.8,0.6,0.02
22496,2204.68,291982,0.75,0.01
22497,2330.43,276027,0.64,0.01
22498,900.89,50577,0.78,0.02
22499,943.28,55738.5,0.79,0.02
22500,1522.48,138339,0.75,0.01
22501,2409.91,359520,0.78,0.01
22502,1723.34,181945,0.77,0.01
22503,1541.01,140173,0.74,0.01
22504,1884.85,194110,0.69,0.01
22505,1389.5,118895,0.77,0.01
22506,1348.85,113335,0.78,0.01
22507,1604.88,158084,0.77,0.01
22508,827.59,41795,0.77,0.02
22509,1177.25,87387.9,0.79,0.01
22510,127.35,664.85,0.51,0.19
22511,906.79,46916.7,0.72,0.02
22512,1198.56,79541.6,0.7,0.02
22513,995.76,58917.2,0.75,0.02
22514,1493.68,95063.7,0.54,0.02
22515,913.35,49124.7,0.74,0.02
22516,1107.54,75530.7,0.77,0.01
22517,69.39,248.6,0.65,0.28
22518,318.22,4811.61,0.6,0.07
22519,47.17,120.23,0.68,0.39
22520,64.19,151.2,0.46,0.42
22521,625.1,23005.1,0.74,0.03
22522,935.59,45040,0.65,0.02
22523,9.06,3.41,0.52,2.66
22524,1241.34,93270.5,0.76,0.01
22525,996,52501.6,0.66,0.02
22526,1510.67,80708.6,0.44,0.02
22527,1330.01,100734,0.72,0.01
22528,130.13,743.21,0.55,0.18
22529,1962.7,191141,0.62,0.01
22530,1423.33,127113,0.79,0.01
22531,213.91,785.52,0.22,0.27
22532,217.56,1877.15,0.5,0.12
22533,583.22,9866.25,0.36,0.06
22534,120.48,626.88,0.54,0.19
22535,1004.86,58642.6,0.73,0.02
22536,840.03,41559.7,0.74,0.02
22537,1029.54,69446.2,0.82,0.01
22538,1203.75,89119.4,0.77,0.01
22539,1433.14,125937,0.77,0.01
22540,173.26,1057.21,0.44,0.16
22541,256.17,1932.69,0.37,0.13
22542,1402.15,100529,0.64,0.01
22543,2873.77,368135,0.56,0.01
22544,4757.78,1366070,0.76,0
22545,1281.46,86943.3,0.66,0.01
22546,985.14,44673.6,0.58,0.02
22547,42.71,73.03,0.5,0.58
22548,171.38,718.62,0.31,0.24
22549,1535.97,112301,0.6,0.01
22550,545.8,8698.65,0.37,0.06
22551,2885.26,286390,0.43,0.01
22552,605.01,22413.5,0.77,0.03
22553,802.96,21262.7,0.41,0.04
22554,888.6,43903.8,0.7,0.02
22555,133.74,485.9,0.34,0.28
22556,55.78,130.66,0.53,0.43
22557,187.59,2098.62,0.75,0.09
22558,1091.52,72761.6,0.77,0.02
22559,1058.16,48025.4,0.54,0.02
22560,1409.08,70506.5,0.45,0.02
22561,2482.19,36519.9,0.07,0.07
22562,409.24,2785.48,0.21,0.15
22563,3362.57,385583,0.43,0.01
22564,1750.06,190934,0.78,0.01
22565,1042.49,67844.4,0.78,0.02
22566,962.84,57362.5,0.78,0.02
22567,827.34,36873,0.68,0.02
22568,477.52,8827.32,0.49,0.05
22569,821.24,41569.1,0.77,0.02
22570,964.63,58443.1,0.79,0.02
22571,866.79,46419.7,0.78,0.02
22572,1026.79,64335,0.77,0.02
22573,1117.83,76067.8,0.76,0.01
22574,729.79,17763.9,0.42,0.04
22575,230.58,2603.37,0.62,0.09
22576,784.08,32650.3,0.67,0.02
22577,263.26,3917.2,0.71,0.07
22578,265.34,3056.36,0.55,0.09
22579,179.96,1853.9,0.72,0.1
22580,982.44,59412.8,0.77,0.02
22581,848.51,41606.5,0.73,0.02
22582,615.2,23078.9,0.77,0.03
22583,941.62,50840.2,0.72,0.02
22584,993.02,60289.6,0.77,0.02
22585,1166.64,85803.2,0.79,0.01
22586,1165.38,84415.6,0.78,0.01
22587,1195.33,86896,0.76,0.01
22588,1122.91,78353.9,0.78,0.01
22589,1236.62,94927,0.78,0.01
22590,1314.9,107910,0.78,0.01
22591,1121.11,79170.2,0.79,0.01
22592,3327.79,423369,0.48,0.01
22593,986.2,59999.2,0.77,0.02
22594,1024.76,65394.5,0.78,0.02
22595,984.18,59604.9,0.77,0.02
22596,1316.97,102606,0.74,0.01
22597,1078.32,71860.8,0.78,0.02
22598,1527.73,143048,0.77,0.01
22599,3781.89,318335,0.28,0.01
22600,1044.9,67565.4,0.78,0.02
22601,3329.62,417963,0.47,0.01
22602,2538.17,177692,0.35,0.01
22603,1202.34,86788.9,0.75,0.01
22604,894.47,28809.1,0.45,0.03
22605,71.57,219.95,0.54,0.33
22606,1072.56,71935.1,0.79,0.01
22607,1114.43,79578.5,0.8,0.01
22608,1149.38,83264.5,0.79,0.01
22609,187.23,698.86,0.25,0.27
22610,104.53,534.69,0.61,0.2
22611,929.98,53577.6,0.78,0.02
22612,2264.61,45263.3,0.11,0.05
22613,1414.58,119588,0.75,0.01
22614,1490.47,101272,0.57,0.01
22615,641.72,24531.1,0.75,0.03
22616,966.76,42593.7,0.57,0.02
22617,1265.42,101874,0.8,0.01
22618,840.53,36680.3,0.65,0.02
22619,1460.5,122034,0.72,0.01
22620,1366.39,115506,0.78,0.01
22621,1277.96,101018,0.78,0.01
22622,678.1,22836.9,0.62,0.03
22623,1034.9,63746.9,0.75,0.02
22624,1012.85,63282,0.77,0.02
22625,1275.64,103286,0.8,0.01
22626,1493.01,141465,0.8,0.01
22627,1454.7,87686.9,0.52,0.02
22628,1740.83,188732,0.78,0.01
22629,1699.53,166612,0.72,0.01
22630,1762.99,192097,0.78,0.01
22631,3522.99,770763,0.78,0
22632,2019.24,244324,0.75,0.01
22633,1739.95,184309,0.76,0.01
22634,559.07,10272.4,0.41,0.05
22635,524.59,8969.13,0.41,0.06
22636,404.18,6562.17,0.5,0.06
22637,403.68,6465.02,0.5,0.06
22638,48.41,113.64,0.61,0.43
22639,38.83,85.06,0.71,0.46
22640,212.35,1494.89,0.42,0.14
22641,243.3,1442.61,0.31,0.17
22642,1554.05,150060,0.78,0.01
22643,1795.96,197219,0.77,0.01
22644,1276.05,101603,0.78,0.01
22645,1594.52,145125,0.72,0.01
22646,150.54,717.26,0.4,0.21
22647,222.69,747.26,0.19,0.3
22648,1342.55,99399.8,0.69,0.01
22649,243.62,2230.29,0.47,0.11
22650,229.87,1452.41,0.35,0.16
22651,1179.45,89680,0.81,0.01
22652,1477.67,133183,0.77,0.01
22653,1218.18,91999.7,0.78,0.01
22654,2363.25,228696,0.51,0.01
22655,1934.15,63794,0.21,0.03
22656,2682.6,290971,0.51,0.01
22657,1134.42,42761,0.42,0.03
22658,1374.24,112064,0.75,0.01
22659,26.83,44.22,0.77,0.61
22660,1386.96,118848,0.78,0.01
22661,9.86,1.39,0.18,7.09
22662,1397.44,107957,0.69,0.01
22663,890.23,34334.3,0.54,0.03
22664,912.48,47662.7,0.72,0.02
22665,926.17,45369.8,0.66,0.02
22666,1069.62,72109.7,0.79,0.01
22667,1492.71,134990,0.76,0.01
22668,876.49,47364,0.77,0.02
22669,998.4,62677.5,0.79,0.02
22670,912.57,51801.3,0.78,0.02
22671,713.2,28522.5,0.7,0.03
22672,718.04,28800.5,0.7,0.02
22673,839.99,36595.8,0.65,0.02
22674,824.61,34895.5,0.64,0.02
22675,779.86,35554.3,0.73,0.02
22676,936.16,54722,0.78,0.02
22677,877.99,47786.1,0.78,0.02
22678,919.33,51910.4,0.77,0.02
22679,1292.67,100314,0.75,0.01
22680,1503.57,141062,0.78,0.01
22681,1763.5,187909,0.76,0.01
22682,963.26,39923.6,0.54,0.02
22683,409.98,8425.28,0.63,0.05
22684,1420.15,116645,0.73,0.01
22685,1182.86,85863.8,0.77,0.01
22686,1716.84,155292,0.66,0.01
22687,1519.24,146589,0.8,0.01
22688,4980.51,1359250,0.69,0
22689,1147.67,83298.9,0.79,0.01
22690,1315.18,102677,0.75,0.01
22691,1519.97,128720,0.7,0.01
22692,962.64,56684.3,0.77,0.02
22693,207.3,1198.25,0.35,0.17
22694,395.88,8013.93,0.64,0.05
22695,1299.69,100200,0.75,0.01
22696,4559.16,745171,0.45,0.01
22697,2862.9,212669,0.33,0.01
22698,9757.43,1295650,0.17,0.01
22699,2928.55,376898,0.55,0.01
22700,700.56,25279.9,0.65,0.03
22701,1052.98,51070.7,0.58,0.02
22702,684.46,22187.4,0.59,0.03
22703,1250.53,92331.9,0.74,0.01
22704,606.33,22454.9,0.77,0.03
22705,900.59,45991.3,0.71,0.02
22706,470.08,9419.54,0.54,0.05
22707,714.63,31377.9,0.77,0.02
22708,805.07,36806,0.71,0.02
22709,965.32,53729.3,0.72,0.02
22710,461.61,13376.6,0.79,0.03
22711,285.95,5114.56,0.79,0.06
22712,109.7,514.05,0.54,0.21
22713,939.19,54332.6,0.77,0.02
22714,305.83,5812.65,0.78,0.05
22715,244.83,3603.62,0.76,0.07
22716,516.49,15603.1,0.73,0.03
22717,108.35,456.29,0.49,0.24
22718,415.29,10497.3,0.76,0.04
22719,293.29,5428.58,0.79,0.05
22720,5995.52,1211960,0.42,0
22721,6579.43,1416720,0.41,0
22722,2712.15,147483,0.25,0.02
22723,1584.1,125162,0.63,0.01
22724,2347.73,348126,0.79,0.01
22725,1059.56,65513.1,0.73,0.02
22726,794.83,23152.1,0.46,0.03
22727,920.29,27991.3,0.42,0.03
22728,1519.8,132481,0.72,0.01
22729,1836.66,209597,0.78,0.01
22730,3328.09,323610,0.37,0.01
22731,1086.32,11236.2,0.12,0.1
22732,78.05,262.93,0.54,0.3
22733,353.14,4763.15,0.48,0.07
22734,1470.21,125992,0.73,0.01
22735,1238.09,93315.2,0.76,0.01
22736,2021.26,24854.6,0.08,0.08
22737,1349.25,109422,0.75,0.01
22738,1092.72,72422.7,0.76,0.02
22739,690.48,22113.7,0.58,0.03
22740,566.04,15805.4,0.62,0.04
22741,1476.99,73207.9,0.42,0.02
22742,599.9,8679.7,0.3,0.07
22743,85.25,232.93,0.4,0.37
22744,1487.19,119309,0.68,0.01
22745,1575.01,155664,0.79,0.01
22746,1616.05,163352,0.79,0.01
22747,1478.28,137983,0.79,0.01
22748,65.78,155.73,0.45,0.42
22749,981.92,60315.7,0.79,0.02
22750,1134.68,78930.6,0.77,0.01
22751,2281.2,321131,0.78,0.01
22752,390.41,2156.61,0.18,0.18
22753,388.91,1979.95,0.16,0.2
22754,1740.22,162747,0.67,0.01
22755,945.24,52222.6,0.73,0.02
22756,1559.75,140746,0.73,0.01
22757,98.06,290.91,0.38,0.34
22758,188.94,528.29,0.19,0.36
22759,1618.52,158395,0.76,0.01
22760,1487.87,135960,0.77,0.01
22761,1703.35,179946,0.78,0.01
22762,1644.53,169261,0.79,0.01
22763,1861.97,208414,0.76,0.01
22764,1345.45,112597,0.78,0.01
22765,1237.01,76115.4,0.62,0.02
22766,2229.7,246882,0.62,0.01
22767,1973.45,234121,0.76,0.01
22768,2091.11,267699,0.77,0.01
22769,2373.88,354862,0.79,0.01
22770,2298.08,299961,0.71,0.01
22771,1492.29,133229,0.75,0.01
22772,8824.93,4332610,0.7,0
22773,1421.58,107513,0.67,0.01
22774,1579.93,137754,0.69,0.01
22775,1091.24,47140.1,0.5,0.02
22776,1388.13,106531,0.69,0.01
22777,1314.02,96816.2,0.7,0.01
22778,7407.92,3070750,0.7,0
22779,2180.71,296114,0.78,0.01
22780,5804.09,1464260,0.55,0
22781,17786.9,5016140,0.2,0
22782,1162.46,80392.7,0.75,0.01
22783,184.63,532.6,0.2,0.35
22784,9118.05,1504070,0.23,0.01
22785,7452.68,2984240,0.67,0
22786,4475.75,453470,0.28,0.01
22787,2474.47,355788,0.73,0.01
22788,1055.41,63048.2,0.71,0.02
22789,384.78,3857.18,0.33,0.1
22790,1430.48,92825.3,0.57,0.02
22791,1167.07,88851,0.82,0.01
22792,10202.7,4439310,0.54,0
22793,1387.51,77655.5,0.51,0.02
22794,4612.42,1231860,0.73,0
22795,1538.96,145179,0.77,0.01
22796,1489.51,128452,0.73,0.01
22797,2638.3,367664,0.66,0.01
22798,1691.3,141358,0.62,0.01
22799,492.81,5783.64,0.3,0.09
22800,3429.36,507184,0.54,0.01
22801,1853.58,193362,0.71,0.01
22802,2012.02,209286,0.65,0.01
22803,1959,217675,0.71,0.01
22804,1898.37,206539,0.72,0.01
22805,1767.19,189935,0.76,0.01
22806,1925.96,136289,0.46,0.01
22807,1090.32,68920.5,0.73,0.02
22808,1202.98,89509.4,0.78,0.01
22809,1520.85,147698,0.8,0.01
22810,1500.23,133504,0.75,0.01
22811,511.86,3992.96,0.19,0.13
22812,2241.96,200381,0.5,0.01
22813,2147.83,277503,0.76,0.01
22814,126.42,569.11,0.45,0.22
22815,613.23,19781.3,0.66,0.03
22816,835.4,42858.7,0.77,0.02
22817,1319.72,108886,0.79,0.01
22818,990.75,57494.1,0.74,0.02
22819,1545.16,149672,0.79,0.01
22820,602.64,20908.4,0.72,0.03
22821,2910.73,480329,0.71,0.01
22822,911.89,36219.9,0.55,0.03
22823,1667.22,170044,0.77,0.01
22824,809.41,34907.3,0.67,0.02
22825,1125.97,73800.6,0.73,0.02
22826,1146.06,58197.3,0.56,0.02
22827,847.61,27014,0.47,0.03
22828,171.49,924.81,0.39,0.19
22829,700.85,6554.07,0.17,0.11
22830,72.49,217.77,0.52,0.33
22831,31.61,60.16,0.76,0.53
22832,16519.6,4955640,0.23,0
22833,1279.79,81024.3,0.62,0.02
22834,286.73,5118.48,0.78,0.06
22835,277.5,4760.86,0.78,0.06
22836,215.86,2531.88,0.68,0.09
22837,445.83,11743.4,0.74,0.04
22838,418.21,9708.46,0.7,0.04
22839,206.99,2633.88,0.77,0.08
22840,638.69,25948.2,0.8,0.02
22841,497.31,11962.4,0.61,0.04
22842,428.57,5905.36,0.4,0.07
22843,1029.21,34790.7,0.41,0.03
22844,2178.23,30880.9,0.08,0.07
22845,327.04,1880.66,0.22,0.17
22846,1162.85,65919.2,0.61,0.02
22847,1840.38,150188,0.56,0.01
22848,184.09,1591.71,0.59,0.12
22849,1175.06,62695.9,0.57,0.02
22850,1652.27,113400,0.52,0.01
22851,65.71,162.21,0.47,0.41
22852,6031.21,1787690,0.62,0
22853,1428.79,91025.7,0.56,0.02
22854,1198.44,77511.7,0.68,0.02
22855,479.18,12662.2,0.69,0.04
22856,785.76,37092.9,0.75,0.02
22857,93.48,278.37,0.4,0.34
22858,997.71,44296.4,0.56,0.02
22859,6737.92,2416520,0.67,0
22860,495.54,1735.67,0.09,0.29
22861,11652.9,5685520,0.53,0
22862,2222.79,281101,0.71,0.01
22863,833.84,26995.1,0.49,0.03
22864,539.76,15693.4,0.68,0.03
22865,373.83,7461.3,0.67,0.05
22866,449.51,10136.5,0.63,0.04
22867,328.76,4553.76,0.53,0.07
22868,289.84,3898.89,0.58,0.07
22869,68.66,266.51,0.71,0.26
22870,865.91,32926,0.55,0.03
22871,696.33,28806.9,0.75,0.02
22872,680.31,27720.2,0.75,0.02
22873,1240.26,83665.6,0.68,0.01
22874,1248.98,26758.7,0.22,0.05
22875,861.47,24530,0.42,0.04
22876,616.92,9290.05,0.31,0.07
22877,8170.69,2961540,0.56,0
22878,8898.4,1975530,0.31,0
22879,1197.94,89831.1,0.79,0.01
22880,2785.54,465446,0.75,0.01
22881,2692.5,246410,0.43,0.01
22882,4299.71,989563,0.67,0
22883,4063.4,1020560,0.78,0
22884,51.36,129.58,0.62,0.4
22885,5166.1,1497760,0.7,0
22886,1193.64,63838,0.56,0.02
22887,4112.65,483598,0.36,0.01
22888,4831.37,1329370,0.72,0
22889,4691.43,1318170,0.75,0
22890,2451.75,368625,0.77,0.01
22891,1485.85,136088,0.77,0.01
22892,2412.69,202670,0.44,0.01
22893,181.75,1742.54,0.66,0.1
22894,3110.14,614184,0.8,0.01
22895,1524.56,125306,0.68,0.01
22896,2131.67,269938,0.75,0.01
22897,450.6,12366.9,0.77,0.04
22898,1351.8,109237,0.75,0.01
22899,1823.02,204090,0.77,0.01
22900,2274.22,340259,0.83,0.01
22901,4033.43,678188,0.52,0.01
22902,4559.73,1288450,0.78,0
22903,7029.04,2110140,0.54,0
22904,1339.33,94637.6,0.66,0.01
22905,1167.38,58426.3,0.54,0.02
22906,1856.16,183321,0.67,0.01
22907,503.6,14246.1,0.71,0.04
22908,1251.83,67139.2,0.54,0.02
22909,769.32,32407.7,0.69,0.02
22910,802.01,42628,0.83,0.02
22911,1619.24,50206.5,0.24,0.03
22912,233.42,2886.6,0.67,0.08
22913,535.31,17823.7,0.78,0.03
22914,1812.85,152240,0.58,0.01
22915,1227.49,97006.4,0.81,0.01
22916,5681.55,1400510,0.54,0
22917,1687.08,165258,0.73,0.01
22918,1496.93,132792,0.74,0.01
22919,1535.99,136645,0.73,0.01
22920,202.2,1152.89,0.35,0.18
22921,1012.93,64516,0.79,0.02
22922,1015.22,64453.9,0.79,0.02
22923,899.04,46233.6,0.72,0.02
22924,2221.04,229981,0.59,0.01
22925,1447.55,119324,0.72,0.01
22926,1626.92,145330,0.69,0.01
22927,1751.47,128898,0.53,0.01
22928,2569.54,358842,0.68,0.01
22929,2408.55,362333,0.78,0.01
22930,1381.38,118072,0.78,0.01
22931,1340.34,110899,0.78,0.01
22932,3475.77,296006,0.31,0.01
22933,2300.03,236930,0.56,0.01
22934,2297.06,255424,0.61,0.01
22935,2088.16,249800,0.72,0.01
22936,1226.98,90666.3,0.76,0.01
22937,2390.1,275972,0.61,0.01
22938,2966.79,554265,0.79,0.01
22939,1401.01,113510,0.73,0.01
22940,1208.1,69510.8,0.6,0.02
22941,3580.3,274938,0.27,0.01
22942,549.79,10759.3,0.45,0.05
22943,125.78,977.7,0.78,0.13
22944,1095.46,6429.54,0.07,0.17
22945,4765.56,1126640,0.62,0
22946,1270.88,71348,0.55,0.02
22947,957.32,14413.2,0.2,0.07
22948,4121.26,1035130,0.77,0
22949,975.52,3865.47,0.05,0.25
22950,1909.27,168398,0.58,0.01
22951,1787.37,108668,0.43,0.02
22952,345.9,4704.14,0.49,0.07
22953,374.88,8409.79,0.75,0.04
22954,367.56,7478.31,0.7,0.05
22955,114.45,517.8,0.5,0.22
22956,507.58,15083.4,0.74,0.03
22957,255.07,2682.61,0.52,0.1
22958,257.62,2963.68,0.56,0.09
22959,217.71,795.88,0.21,0.27
22960,2171.93,200658,0.53,0.01
22961,203.34,2335.45,0.71,0.09
22962,945.17,24583.9,0.35,0.04
22963,1646.36,145105,0.67,0.01
22964,455.2,12627.5,0.77,0.04
22965,3147.77,565481,0.72,0.01
22966,219.46,2572.5,0.67,0.09
22967,178.57,1900.56,0.75,0.09
22968,184.01,2056.1,0.76,0.09
22969,160.37,1411.07,0.69,0.11
22970,237.48,2892.96,0.64,0.08
22971,307.73,3864.54,0.51,0.08
22972,1313.24,51000.6,0.37,0.03
22973,177.68,1973.15,0.79,0.09
22974,197.29,2258.97,0.73,0.09
22975,151.74,1338.35,0.73,0.11
22976,351.05,7766.74,0.79,0.05
22977,223.98,2308.62,0.58,0.1
22978,1073.48,39535.7,0.43,0.03
22979,2180.51,120796,0.32,0.02
22980,1120.07,35601.9,0.36,0.03
22981,246.32,3130.12,0.65,0.08
22982,1007.78,55621.3,0.69,0.02
22983,2460.59,364045,0.76,0.01
22984,615.11,17795.7,0.59,0.03
22985,1122.74,71802.1,0.72,0.02
22986,1801.4,192477,0.74,0.01
22987,2151.42,154419,0.42,0.01
22988,566.52,19752.5,0.77,0.03
22989,4795.34,818770,0.45,0.01
22990,2423.65,285114,0.61,0.01
22991,1444.69,53164,0.32,0.03
22992,2380.91,351927,0.78,0.01
22993,1571.02,117655,0.6,0.01
22994,5288.53,986442,0.44,0.01
22995,1881.02,208041,0.74,0.01
22996,1527.13,141769,0.76,0.01
22997,2175.24,288512,0.77,0.01
22998,1239.62,91692.1,0.75,0.01
22999,2110.36,236048,0.67,0.01
23000,914.9,54619.9,0.82,0.02
23001,808.66,39307.8,0.75,0.02
23002,433.01,6754.01,0.45,0.06
23003,909.6,45122.2,0.68,0.02
23004,13385.5,2774800,0.19,0
23005,1931.26,189294,0.64,0.01
23006,155.59,411.04,0.21,0.38
23007,426.19,3947.44,0.27,0.11
23008,2459.48,236887,0.49,0.01
23009,824.13,33791.3,0.62,0.02
23010,640.93,21774.5,0.67,0.03
23011,1075.55,63558.4,0.69,0.02
23012,989.31,50017.9,0.64,0.02
23013,987.47,60276.4,0.78,0.02
23014,826.85,30750.7,0.56,0.03
23015,884.6,36161.6,0.58,0.02
23016,2009.08,252092,0.78,0.01
23017,1438.12,108352,0.66,0.01
23018,641.52,25521,0.78,0.03
23019,1104.32,67543.9,0.7,0.02
23020,722.74,29520.1,0.71,0.02
23021,1225.84,60987.1,0.51,0.02
23022,2315.07,134927,0.32,0.02
23023,3106.76,311065,0.4,0.01
23024,6701.88,2314250,0.65,0
23025,1111.35,59418.5,0.6,0.02
23026,541.33,17759.3,0.76,0.03
23027,7581.13,897201,0.2,0.01
23028,1475.26,124723,0.72,0.01
23029,145.24,790.34,0.47,0.18
23030,1113.55,78792.1,0.8,0.01
23031,1893.17,14517.2,0.05,0.13
23032,567.22,4405.7,0.17,0.13
23033,699.93,5493.55,0.14,0.13
23034,2043.66,164818,0.5,0.01
23035,5336.55,720315,0.32,0.01
23036,797.61,38311.5,0.76,0.02
23037,466.94,13591.8,0.78,0.03
23038,955.62,56880.2,0.78,0.02
23039,482.95,13229.1,0.71,0.04
23040,301.48,4150.31,0.57,0.07
23041,1650.26,132045,0.61,0.01
23042,4237.18,816223,0.57,0.01
23043,689.72,4881.31,0.13,0.14
23044,565.35,3913.98,0.15,0.14
23045,1269.57,97461.6,0.76,0.01
23046,1336.81,106012,0.75,0.01
23047,770.54,5808.5,0.12,0.13
23048,1344.06,106299,0.74,0.01
23049,1173.14,8300.04,0.08,0.14
23050,2152.64,249036,0.68,0.01
23051,5171.98,471170,0.22,0.01
23052,3853.48,467987,0.4,0.01
23053,720.6,31353.7,0.76,0.02
23054,2301.28,295533,0.7,0.01
23055,1813.83,192064,0.73,0.01
23056,2502.65,362112,0.73,0.01
23057,1478.9,138005,0.79,0.01
23058,1199.24,85120.9,0.74,0.01
23059,2389.71,299741,0.66,0.01
23060,2914.52,512182,0.76,0.01
23061,3522.83,554117,0.56,0.01
23062,3142.33,469695,0.6,0.01
23063,4486.98,938020,0.59,0
23064,1344.18,111734,0.78,0.01
23065,3575.85,710417,0.7,0.01
23066,303.73,5159.93,0.7,0.06
23067,1391.79,98682.8,0.64,0.01
23068,112.12,598.08,0.6,0.19
23069,57.62,135.06,0.51,0.43
23070,3566.15,626286,0.62,0.01
23071,3244.5,531810,0.63,0.01
23072,2994.42,421397,0.59,0.01
23073,2428.85,371736,0.79,0.01
23074,101.5,275.63,0.34,0.37
23075,1005.68,25662.3,0.32,0.04
23076,1011.14,14760.5,0.18,0.07
23077,389.22,1695.53,0.14,0.23
23078,511.03,3178.5,0.15,0.16
23079,491.62,3765.77,0.2,0.13
23080,1101.84,73264.8,0.76,0.02
23081,4786.13,252182,0.14,0.02
23082,9975.99,4452220,0.56,0
23083,2221.64,262470,0.67,0.01
23084,196.03,1548.33,0.51,0.13
23085,4003.63,1062410,0.83,0
23086,134.04,633.93,0.44,0.21
23087,1065.34,65774.5,0.73,0.02
23088,1985.64,229392,0.73,0.01
23089,1158.38,80552.3,0.75,0.01
23090,460.52,2251.12,0.13,0.2
23091,668.6,2787.81,0.08,0.24
23092,1126.66,73148.4,0.72,0.02
23093,1478.38,119394,0.69,0.01
23094,7473.49,3015260,0.68,0
23095,2572.49,246561,0.47,0.01
23096,9128.84,3478450,0.52,0
23097,1463.3,103988,0.61,0.01
23098,1089.18,55118.8,0.58,0.02
23099,1858.22,142306,0.52,0.01
23100,6267.76,2086540,0.67,0
23101,3718.88,820096,0.74,0
23102,4037.15,317071,0.24,0.01
23103,8130.3,3411100,0.65,0
23104,3002.92,553425,0.77,0.01
23105,1253.54,24807.7,0.2,0.05
23106,2582.75,298898,0.56,0.01
23107,300.56,4065.14,0.57,0.07
23108,1238.21,29026.9,0.24,0.04
23109,1333.51,103649,0.73,0.01
23110,1907.36,205469,0.71,0.01
23111,1643.12,116859,0.54,0.01
23112,315.43,4073.11,0.51,0.08
23113,58.67,167.26,0.61,0.35
23114,1961.82,202894,0.66,0.01
23115,1488.66,111312,0.63,0.01
23116,6061.77,1279370,0.44,0
23117,1757.67,191262,0.78,0.01
23118,1731.21,178926,0.75,0.01
23119,1724.1,159359,0.67,0.01
23120,583.55,17163.9,0.63,0.03
23121,1001.41,61959.4,0.78,0.02
23122,764.67,35018.5,0.75,0.02
23123,804.7,19898.8,0.39,0.04
23124,933.98,41483.6,0.6,0.02
23125,756.15,10154.5,0.22,0.07
23126,966.07,58258.2,0.78,0.02
23127,1995.45,234741,0.74,0.01
23128,4341.29,236355,0.16,0.02
23129,145.65,961.76,0.57,0.15
23130,8713.68,2953880,0.49,0
23131,2632.37,416334,0.75,0.01
23132,2451.64,277722,0.58,0.01
23133,2253.15,225584,0.56,0.01
23134,6457.5,2253490,0.68,0
23135,17834.3,9688020,0.38,0
23136,598.51,17042.4,0.6,0.04
23137,2590.18,319223,0.6,0.01
23138,2220.57,245602,0.63,0.01
23139,970.42,40522.7,0.54,0.02
23140,484.6,10105.8,0.54,0.05
23141,465.44,13955.9,0.81,0.03
23142,4098.28,385397,0.29,0.01
23143,368.7,8192.78,0.76,0.05
23144,741.11,28755.7,0.66,0.03
23145,671.66,20154.3,0.56,0.03
23146,680.66,21343.5,0.58,0.03
23147,1905.13,214207,0.74,0.01
23148,1659.56,73779.6,0.34,0.02
23149,636.55,21983.3,0.68,0.03
23150,691.5,21714,0.57,0.03
23151,467.46,11047.4,0.63,0.04
23152,15875.9,5804290,0.29,0
23153,2516.63,213786,0.42,0.01
23154,1617.04,154993,0.74,0.01
23155,387.25,8009.64,0.67,0.05
23156,406.91,8988.02,0.68,0.05
23157,829.78,38890.6,0.71,0.02
23158,455.01,11064.1,0.67,0.04
23159,403.09,9546.05,0.74,0.04
23160,451.21,10743.1,0.66,0.04
23161,485.66,13368.9,0.71,0.04
23162,8405.53,1498440,0.27,0.01
23163,487.76,13727.8,0.72,0.04
23164,244.46,1960.24,0.41,0.12
23165,2188.22,95356.6,0.25,0.02
23166,1359.66,77375.5,0.53,0.02
23167,7421.63,3349680,0.76,0
23168,5314.54,816222,0.36,0.01
23169,1302.07,74177.6,0.55,0.02
23170,649.85,10327.7,0.31,0.06
23171,1203.92,90956.9,0.79,0.01
23172,1841.34,160718,0.6,0.01
23173,14783.8,8294180,0.48,0
23174,6416.21,2077100,0.63,0
23175,4058.78,898928,0.69,0
23176,7738.95,3096260,0.65,0
23177,2890.43,287970,0.43,0.01
23178,824.91,37307.5,0.69,0.02
23179,396.06,9362.51,0.75,0.04
23180,1115.9,60694.5,0.61,0.02
23181,1034.36,62953.7,0.74,0.02
23182,985.27,47147.5,0.61,0.02
23183,8018.38,2619290,0.51,0
23184,11770.3,3764520,0.34,0
23185,1508.48,67518.2,0.37,0.02
23186,1226.88,90640,0.76,0.01
23187,628.08,20209.9,0.64,0.03
23188,1306.59,61237.3,0.45,0.02
23189,1307.18,71992.4,0.53,0.02
23190,1647.33,124449,0.58,0.01
23191,308.57,5297.68,0.7,0.06
23192,895.73,38267.8,0.6,0.02
23193,299.32,5380.61,0.75,0.06
23194,497.6,14183.9,0.72,0.04
23195,376.27,8913.02,0.79,0.04
23196,1155.32,81240.2,0.76,0.01
23197,1006.87,62645.6,0.78,0.02
23198,1256.8,91118.9,0.72,0.01
23199,349.32,6415.35,0.66,0.05
23200,1025.32,62453.5,0.75,0.02
23201,2233.7,104408,0.26,0.02
23202,8691.58,1274970,0.21,0.01
23203,572.22,20574.2,0.79,0.03
23204,291.38,5199.36,0.77,0.06
23205,326.76,6774.55,0.8,0.05
23206,5740.14,775471,0.3,0.01
23207,3882.7,206629,0.17,0.02
23208,348.26,8172.71,0.85,0.04
23209,1537.94,109571,0.58,0.01
23210,3280.41,469578,0.55,0.01
23211,4968.94,890874,0.45,0.01
23212,2126.98,265210,0.74,0.01
23213,1043.84,56758.1,0.65,0.02
23214,1715.85,177291,0.76,0.01
23215,2874.12,332152,0.51,0.01
23216,1485.59,69758.6,0.4,0.02
23217,3575.81,622206,0.61,0.01
23218,590.58,21648,0.78,0.03
23219,2005.98,206056,0.64,0.01
23220,3470.98,515318,0.54,0.01
23221,1019.84,63781.8,0.77,0.02
23222,1003.94,51083.9,0.64,0.02
23223,2384.2,189323,0.42,0.01
23224,3179.76,515554,0.64,0.01
23225,1635.17,153252,0.72,0.01
23226,724.89,24339.4,0.58,0.03
23227,4763.94,1158490,0.64,0
23228,4500.21,1204640,0.75,0
23229,2748.84,409687,0.68,0.01
23230,3308.82,613817,0.7,0.01
23231,2742.23,430033,0.72,0.01
23232,4387.89,789097,0.51,0.01
23233,2098.95,169118,0.48,0.01
23234,1602.09,159445,0.78,0.01
23235,903.6,44928.1,0.69,0.02
23236,1087.2,73051,0.78,0.01
23237,5563.13,1904780,0.77,0
23238,2472.89,334662,0.69,0.01
23239,1897.68,155757,0.54,0.01
23240,816.15,29410.5,0.55,0.03
23241,60.77,156.64,0.53,0.39
23242,234.09,1808.8,0.41,0.13
23243,2468.48,223099,0.46,0.01
23244,438.33,11047.9,0.72,0.04
23245,1925.9,186683,0.63,0.01
23246,4011.81,546223,0.43,0.01
23247,2490.85,258612,0.52,0.01
23248,1278.27,83706.2,0.64,0.02
23249,1504.26,129793,0.72,0.01
23250,1353.4,108242,0.74,0.01
23251,1530.87,139047,0.75,0.01
23252,1422.44,121551,0.75,0.01
23253,1928.64,214190,0.72,0.01
23254,1431.72,121588,0.75,0.01
23255,501.13,1489.74,0.07,0.34
23256,62.5,158.73,0.51,0.39
23257,88.32,261.94,0.42,0.34
23258,60.82,148.93,0.51,0.41
23259,321.2,1079.29,0.13,0.3
23260,439.02,1462.34,0.1,0.3
23261,3854.15,395965,0.33,0.01
23262,1274.42,8969.16,0.07,0.14
23263,1180.75,73892.4,0.67,0.02
23264,1259.14,78926.9,0.63,0.02
23265,1314.13,50087.6,0.36,0.03
23266,523.54,17354,0.8,0.03
23267,557.4,4369.98,0.18,0.13
23268,379.22,2774.98,0.24,0.14
23269,406.23,3014.85,0.23,0.13
23270,5482.59,1644000,0.69,0
23271,2139.94,17498,0.05,0.12
23272,2113.01,15118.4,0.04,0.14
23273,3639.28,777081,0.74,0
23274,1313.11,104849,0.76,0.01
23275,1322.38,109226,0.78,0.01
23276,1264.78,101089,0.79,0.01
23277,1718.39,149819,0.64,0.01
23278,1290.86,87663.5,0.66,0.01
23279,1205.26,91985.6,0.8,0.01
23280,1263.66,98117.2,0.77,0.01
23281,1428.22,124003,0.76,0.01
23282,1130.39,79908.6,0.79,0.01
23283,2411.78,275595,0.6,0.01
23284,1847.25,167003,0.61,0.01
23285,2938.25,370419,0.54,0.01
23286,4575.18,990297,0.59,0
23287,1305.87,99318.6,0.73,0.01
23288,1183.37,77193.3,0.69,0.02
23289,1162.25,75016.2,0.7,0.02
23290,2620.25,366532,0.67,0.01
23291,2034.19,253252,0.77,0.01
23292,2007.49,247041,0.77,0.01
23293,1773.82,172423,0.69,0.01
23294,1278.84,89186.4,0.68,0.01
23295,1240.5,81071.3,0.66,0.02
23296,1246.37,82624.1,0.67,0.02
23297,1651.95,153039,0.7,0.01
23298,1241.12,96475.9,0.79,0.01
23299,1828.15,195375,0.73,0.01
23300,2233.35,307381,0.77,0.01
23301,1549.5,147958,0.77,0.01
23302,1973.97,243105,0.78,0.01
23303,663.12,13681.5,0.39,0.05
23304,85.49,326.66,0.56,0.26
23305,626.37,13812.3,0.44,0.05
23306,2310.36,333384,0.78,0.01
23307,278.32,1105.98,0.18,0.25
23308,1369.94,108428,0.73,0.01
23309,1434.11,122507,0.75,0.01
23310,2076.46,257826,0.75,0.01
23311,1500.06,140289,0.78,0.01
23312,1186.6,83065.9,0.74,0.01
23313,1159.89,77064.9,0.72,0.02
23314,1196.84,10884.1,0.1,0.11
23315,248.82,1828.57,0.37,0.14
23316,1575.39,152219,0.77,0.01
23317,2128.9,250250,0.69,0.01
23318,1987.69,244338,0.78,0.01
23319,1862.77,207020,0.75,0.01
23320,1836.05,199646,0.74,0.01
23321,2356.29,40899.9,0.09,0.06
23322,44.01,79.31,0.51,0.55
23323,734.95,33227.1,0.77,0.02
23324,741.02,32239.9,0.74,0.02
23325,1288.05,90581.2,0.69,0.01
23326,1374.88,117595,0.78,0.01
23327,1076.01,66487.7,0.72,0.02
23328,1295.86,103169,0.77,0.01
23329,1043.94,59168.6,0.68,0.02
23330,1133.08,81958,0.8,0.01
23331,839.93,41439.4,0.74,0.02
23332,576.54,19962.8,0.75,0.03
23333,430.54,10450.8,0.71,0.04
23334,474.12,13608.4,0.76,0.03
23335,1399.97,92836.5,0.59,0.02
23336,678.76,29061.1,0.79,0.02
23337,1593.21,158018,0.78,0.01
23338,1089.93,57958.1,0.61,0.02
23339,1119.5,63786.5,0.64,0.02
23340,1093.51,58864.9,0.62,0.02
23341,1111.1,62701,0.64,0.02
23342,1417.01,71373.1,0.45,0.02
23343,1221.18,87318.2,0.74,0.01
23344,891.51,48536.3,0.77,0.02
23345,789.77,33318.5,0.67,0.02
23346,768.65,36905.6,0.78,0.02
23347,787.46,38486.1,0.78,0.02
23348,1204.39,81100.9,0.7,0.01
23349,1181.46,74856.5,0.67,0.02
23350,1405.83,121490,0.77,0.01
23351,1652.26,171621,0.79,0.01
23352,1851.49,218269,0.8,0.01
23353,1540.23,153816,0.81,0.01
23354,1232.13,77620.4,0.64,0.02
23355,2085.21,278304,0.8,0.01
23356,2017.85,254175,0.78,0.01
23357,1792.59,200878,0.79,0.01
23358,1707.54,183576,0.79,0.01
23359,1772.62,195292,0.78,0.01
23360,2093.72,280560,0.8,0.01
23361,2125.51,269189,0.75,0.01
23362,1715.32,165265,0.71,0.01
23363,1774.77,201371,0.8,0.01
23364,4793.93,1225350,0.67,0
23365,1344.75,105609,0.73,0.01
23366,989.38,50695.4,0.65,0.02
23367,1009.01,61799.3,0.76,0.02
23368,958.54,47717.4,0.65,0.02
23369,713.49,20137.5,0.5,0.04
23370,9133.7,1572500,0.24,0.01
23371,1523.11,116139,0.63,0.01
23372,1040.02,64777.4,0.75,0.02
23373,741.13,31580.2,0.72,0.02
23374,879.74,48482.4,0.79,0.02
23375,882.13,47868.9,0.77,0.02
23376,1201.18,93634.9,0.82,0.01
23377,1140.76,82636.5,0.8,0.01
23378,978.98,58546.6,0.77,0.02
23379,1802.07,204629,0.79,0.01
23380,1041.9,67631.8,0.78,0.02
23381,9.68,0.32,0.04,30.25
23382,1443.84,121859,0.73,0.01
23383,1179.14,89216.5,0.81,0.01
23384,1697.38,181241,0.79,0.01
23385,1890.54,31737.2,0.11,0.06
23386,1304.22,26492.8,0.2,0.05
23387,1642.22,163155,0.76,0.01
23388,1312.3,105225,0.77,0.01
23389,1346.19,107575,0.75,0.01
23390,1143.77,64065.8,0.62,0.02
23391,1719.49,178608,0.76,0.01
23392,1294.55,91235.7,0.68,0.01
23393,449.23,2377.76,0.15,0.19
23394,952.76,57982.2,0.8,0.02
23395,420.83,2424.93,0.17,0.17
23396,1573,113060,0.57,0.01
23397,1301.15,94651.9,0.7,0.01
23398,1656.83,159635,0.73,0.01
23399,1067.54,57527.4,0.63,0.02
23400,1563.9,151401,0.78,0.01
23401,1406.29,127312,0.81,0.01
23402,304.49,1125.96,0.15,0.27
23403,662.56,24929.7,0.71,0.03
23404,551.96,19094.2,0.79,0.03
23405,5890.5,1022450,0.37,0.01
23406,390.46,5852.18,0.48,0.07
23407,406.25,7405.87,0.56,0.05
23408,442.38,6746.91,0.43,0.07
23409,5729.7,710548,0.27,0.01
23410,5627.74,1705710,0.68,0
23411,795.14,39510.2,0.78,0.02
23412,797.14,39656.4,0.78,0.02
23413,1131.33,66029.9,0.65,0.02
23414,2136.51,145279,0.4,0.01
23415,1850.57,161282,0.59,0.01
23416,2015.65,190217,0.59,0.01
23417,2601.73,376988,0.7,0.01
23418,223.22,1437.86,0.36,0.16
23419,1516.28,112639,0.62,0.01
23420,1320.65,83826.9,0.6,0.02
23421,2592.82,352546,0.66,0.01
23422,872.69,45241.3,0.75,0.02
23423,911.96,50790.1,0.77,0.02
23424,10235.9,1638250,0.2,0.01
23425,741.76,23992.2,0.55,0.03
23426,1035.97,58520.7,0.68,0.02
23427,509.95,12437.2,0.6,0.04
23428,869,42716.1,0.71,0.02
23429,566.57,6890.73,0.27,0.08
23430,521.54,14803.1,0.68,0.04
23431,407.24,10321.5,0.78,0.04
23432,327.77,6302.58,0.74,0.05
23433,548.19,17450.3,0.73,0.03
23434,233.4,1887.48,0.44,0.12
23435,769.02,26785.4,0.57,0.03
23436,1794.99,92704.2,0.36,0.02
23437,612.3,19162.5,0.64,0.03
23438,8649.82,1420650,0.24,0.01
23439,47.32,81.94,0.46,0.58
23440,1132.16,14075.3,0.14,0.08
23441,567.21,3605.68,0.14,0.16
23442,3946.08,779189,0.63,0.01
23443,1163.85,71770.2,0.67,0.02
23444,4647.44,1154790,0.67,0
23445,859.89,9939.49,0.17,0.09
23446,3809.89,845748,0.73,0
23447,2678.07,204820,0.36,0.01
23448,774.11,32251.2,0.68,0.02
23449,626.96,19266.3,0.62,0.03
23450,4551.92,497195,0.3,0.01
23451,85.44,444.39,0.76,0.19
23452,506.65,16531.4,0.81,0.03
23453,953.1,59852.1,0.83,0.02
23454,946.15,44682.6,0.63,0.02
23455,1333.71,56921.2,0.4,0.02
23456,489.78,13688.8,0.72,0.04
23457,529.66,16295.6,0.73,0.03
23458,998.47,58480.1,0.74,0.02
23459,933.15,35433,0.51,0.03
23460,12528.5,3424150,0.27,0
23461,1222.97,11904.5,0.1,0.1
23462,431.52,4136.18,0.28,0.1
23463,40.14,86.17,0.67,0.47
23464,571.28,15845.8,0.61,0.04
23465,1120.76,43554.4,0.44,0.03
23466,1371.95,32572.6,0.22,0.04
23467,719.81,18708.7,0.45,0.04
23468,1366.25,34557,0.23,0.04
23469,349.28,7203.97,0.74,0.05
23470,1613.07,37359.6,0.18,0.04
23471,1966.25,47374.7,0.15,0.04
23472,2445.79,215261,0.45,0.01
23473,5767.33,928563,0.35,0.01
23474,428.13,11252.7,0.77,0.04
23475,720.86,29352.7,0.71,0.02
23476,1631.2,108766,0.51,0.01
23477,45.72,86.14,0.52,0.53
23478,3240.39,395749,0.47,0.01
23479,3426.48,400636,0.43,0.01
23480,465,11540.4,0.67,0.04
23481,580.56,15814.6,0.59,0.04
23482,1745.3,37595.8,0.16,0.05
23483,1777.37,58892,0.23,0.03
23484,1154.77,48261.1,0.45,0.02
23485,554.03,14911.3,0.61,0.04
23486,514.26,12082.1,0.57,0.04
23487,531.08,14590.9,0.65,0.04
23488,435.51,9722.31,0.64,0.04
23489,4497.68,903383,0.56,0
23490,928.25,51186.5,0.75,0.02
23491,4727.42,678880,0.38,0.01
23492,594.52,21955.6,0.78,0.03
23493,1206.82,58250.8,0.5,0.02
23494,1798.04,197989,0.77,0.01
23495,1245.3,97490.4,0.79,0.01
23496,878.91,4338.95,0.07,0.2
23497,2061.65,247494,0.73,0.01
23498,2383.27,363572,0.8,0.01
23499,430.7,9516.69,0.64,0.05
23500,91.1,383.39,0.58,0.24
23501,357.56,7650.86,0.75,0.05
23502,519.84,9452.53,0.44,0.05
23503,343.35,6658.72,0.71,0.05
23504,164.96,1045.86,0.48,0.16
23505,342.71,6683.21,0.71,0.05
23506,360.57,7775.18,0.75,0.05
23507,91.11,379.45,0.57,0.24
23508,358.4,7602.71,0.74,0.05
23509,322.12,6271.25,0.76,0.05
23510,134.91,538.91,0.37,0.25
23511,563.54,9952.38,0.39,0.06
23512,628.26,25584.5,0.81,0.02
23513,579.32,16013.8,0.6,0.04
23514,580.58,15722.8,0.59,0.04
23515,1166.45,40950.6,0.38,0.03
23516,637.3,17314.4,0.54,0.04
23517,1138.63,79827.4,0.77,0.01
23518,1906.97,17797.8,0.06,0.11
23519,54.7,167.38,0.7,0.33
23520,1091.17,9849.97,0.1,0.11
23521,37.61,24.43,0.22,1.54
23522,727.06,40000.1,0.95,0.02
23523,614.16,23674.7,0.79,0.03
23524,3139.23,497696,0.63,0.01
23525,921.12,27759,0.41,0.03
23526,890.47,49051.4,0.78,0.02
23527,659.66,18838.6,0.54,0.04
23528,991.39,59141.4,0.76,0.02
23529,870.64,46019.9,0.76,0.02
23530,1452.66,55171.8,0.33,0.03
23531,1173.48,83808.4,0.76,0.01
23532,2534.83,320721,0.63,0.01
23533,9659.74,2908080,0.39,0
23534,73.79,198.05,0.46,0.37
23535,3956.8,218243,0.18,0.02
23536,1557.07,149313,0.77,0.01
23537,73.85,253.93,0.58,0.29
23538,62.65,183.24,0.59,0.34
23539,19850.1,11314200,0.36,0
23540,29599.3,25769400,0.37,0
23541,4818.04,169148,0.09,0.03
23542,904.85,44773.9,0.69,0.02
23543,1048.81,54149.9,0.62,0.02
23544,6314.61,222297,0.07,0.03
23545,1928.98,228676,0.77,0.01
23546,6033.3,1984660,0.68,0
23547,227.23,1777.42,0.43,0.13
23548,3006.82,434784,0.6,0.01
23549,345.83,8310.56,0.87,0.04
23550,2328.41,237348,0.55,0.01
23551,606.46,18017.3,0.62,0.03
23552,7223.68,2516600,0.61,0
23553,6322.89,1649150,0.52,0
23554,2929.04,401189,0.59,0.01
23555,4550.9,742822,0.45,0.01
23556,1054.31,13235.5,0.15,0.08
23557,3102.95,287925,0.38,0.01
23558,2316.33,346974,0.81,0.01
23559,1585.33,141076,0.71,0.01
23560,1273.43,101102,0.78,0.01
23561,2361.25,139452,0.31,0.02
23562,1097.35,75389.9,0.79,0.01
23563,8120.14,1481740,0.28,0.01
23564,2272.44,301696,0.73,0.01
23565,3631.48,777339,0.74,0
23566,1979.22,219586,0.7,0.01
23567,132.55,823.94,0.59,0.16
23568,141.24,950.14,0.6,0.15
23569,3873.2,591373,0.5,0.01
23570,6781.54,1389160,0.38,0
23571,1558.07,145738,0.75,0.01
23572,2344.1,206734,0.47,0.01
23573,1440.12,119406,0.72,0.01
23574,1013.79,63580,0.78,0.02
23575,970.96,58727.4,0.78,0.02
23576,896.23,48479.7,0.76,0.02
23577,607.51,21507,0.73,0.03
23578,7241.2,1752310,0.42,0
23579,537.53,10317.4,0.45,0.05
23580,459.27,11791,0.7,0.04
23581,837.75,36486.3,0.65,0.02
23582,728.65,29449.6,0.7,0.02
23583,411.64,10603.4,0.79,0.04
23584,457.94,12625,0.76,0.04
23585,769.28,32167.9,0.68,0.02
23586,536.54,15552.9,0.68,0.03
23587,739.45,33732.3,0.77,0.02
23588,514.22,13840.1,0.66,0.04
23589,535.11,14346.1,0.63,0.04
23590,563.02,17185.2,0.68,0.03
23591,787.66,26604.6,0.54,0.03
23592,2545.55,174967,0.34,0.01
23593,500.52,12487.3,0.63,0.04
23594,1510.24,135979,0.75,0.01
23595,94.24,340.61,0.48,0.28
23596,1159.02,71777.5,0.67,0.02
23597,4871.06,816346,0.43,0.01
23598,637.88,24485,0.76,0.03
23599,1455.32,113445,0.67,0.01
23600,2359.45,330164,0.74,0.01
23601,11707.8,7372520,0.68,0
23602,6979.22,2141210,0.55,0
23603,2446.71,361905,0.76,0.01
23604,1848.39,198951,0.73,0.01
23605,5417.28,1438040,0.62,0
23606,1850.22,165710,0.61,0.01
23607,289.12,4745.49,0.71,0.06
23608,11547.8,7032370,0.66,0
23609,10181.3,2961920,0.36,0
23610,3467.56,596770,0.62,0.01
23611,2247.34,274988,0.68,0.01
23612,3478.39,453749,0.47,0.01
23613,3792.81,546097,0.48,0.01
23614,1602.7,166241,0.81,0.01
23615,1728.65,182309,0.77,0.01
23616,2917.53,377581,0.56,0.01
23617,2115.26,271369,0.76,0.01
23618,2192.69,288847,0.75,0.01
23619,651.04,19951.3,0.59,0.03
23620,1053.41,65936.7,0.75,0.02
23621,2588.64,317098,0.59,0.01
23622,2135.07,209491,0.58,0.01
23623,1575.58,154459,0.78,0.01
23624,10194.1,1387080,0.17,0.01
23625,959.14,57170.1,0.78,0.02
23626,3255.08,209043,0.25,0.02
23627,904.72,51171.9,0.79,0.02
23628,874.3,45035.7,0.74,0.02
23629,881.75,45832.8,0.74,0.02
23630,948.77,54985,0.77,0.02
23631,953.71,56074.4,0.77,0.02
23632,3083.9,250092,0.33,0.01
23633,847.2,34363.4,0.6,0.02
23634,492.67,14694.7,0.76,0.03
23635,71.84,248.59,0.6,0.29
23636,843.92,39715.7,0.7,0.02
23637,816.84,20374.9,0.38,0.04
23638,1439.97,40101.1,0.24,0.04
23639,116.43,390.14,0.36,0.3
23640,1004.22,24068.5,0.3,0.04
23641,896.67,16058.3,0.25,0.06
23642,889.35,40373.9,0.64,0.02
23643,634.97,24425.2,0.76,0.03
23644,1038.95,23315.9,0.27,0.04
23645,558.51,20067.4,0.81,0.03
23646,1927.26,142051,0.48,0.01
23647,353.44,5893.02,0.59,0.06
23648,415.69,9847.32,0.72,0.04
23649,941.35,54617.3,0.77,0.02
23650,465.59,5277.17,0.31,0.09
23651,574.25,19148.2,0.73,0.03
23652,362.1,3158.18,0.3,0.11
23653,323.38,6231.11,0.75,0.05
23654,403.2,7739.34,0.6,0.05
23655,163.13,1546.97,0.73,0.11
23656,332.29,4417.62,0.5,0.08
23657,547.8,8166.88,0.34,0.07
23658,283.49,4558.36,0.71,0.06
23659,2324.1,202471,0.47,0.01
23660,820.95,37771.6,0.7,0.02
23661,658.03,21725.8,0.63,0.03
23662,327.63,5326.47,0.62,0.06
23663,375.78,3768,0.34,0.1
23664,369.84,4426.49,0.41,0.08
23665,538.03,9902.34,0.43,0.05
23666,1208.09,63116.3,0.54,0.02
23667,1610.95,157234,0.76,0.01
23668,941.84,54350.4,0.77,0.02
23669,1209.45,90402.5,0.78,0.01
23670,890.73,46956.4,0.74,0.02
23671,1544.78,136134,0.72,0.01
23672,2141.25,286667,0.79,0.01
23673,742.27,33307.3,0.76,0.02
23674,1128.63,76749.7,0.76,0.01
23675,1146.66,70334.2,0.67,0.02
23676,1379.64,99710.6,0.66,0.01
23677,1587.83,150072,0.75,0.01
23678,1060.65,66775,0.75,0.02
23679,1859.59,214075,0.78,0.01
23680,1148.33,76783.2,0.73,0.01
23681,2042.82,79435.8,0.24,0.03
23682,1314.38,90730.8,0.66,0.01
23683,2480.08,380043,0.78,0.01
23684,2394.8,249493,0.55,0.01
23685,1830.34,187591,0.7,0.01
23686,1177.09,71883.8,0.65,0.02
23687,19.7,16.42,0.53,1.2
23688,1619.49,118618,0.57,0.01
23689,1431.65,65245.5,0.4,0.02
23690,1106.09,67366.9,0.69,0.02
23691,914.23,52450.9,0.79,0.02
23692,2389.27,286076,0.63,0.01
23693,1610.82,156280,0.76,0.01
23694,978.07,57511.3,0.76,0.02
23695,891.35,48310.5,0.76,0.02
23696,851.48,43976.9,0.76,0.02
23697,947.54,53668.6,0.75,0.02
23698,1426.67,31331.2,0.19,0.05
23699,909.59,51127.2,0.78,0.02
23700,1016.8,63890,0.78,0.02
23701,1079.99,72256.8,0.78,0.01
23702,1114.89,77502.3,0.78,0.01
23703,1038.88,65061.2,0.76,0.02
23704,981.63,60684,0.79,0.02
23705,1173.01,84014.5,0.77,0.01
23706,1081.51,72447.2,0.78,0.01
23707,964.54,58089.8,0.78,0.02
23708,1030.05,65038,0.77,0.02
23709,987.95,61038.3,0.79,0.02
23710,1684.65,148208,0.66,0.01
23711,2787.55,419240,0.68,0.01
23712,911.74,51078.1,0.77,0.02
23713,1062.09,67514,0.75,0.02
23714,992.59,63471.1,0.81,0.02
23715,1329.71,50756.6,0.36,0.03
23716,156.91,948.48,0.48,0.17
23717,251,2941.9,0.59,0.09
23718,214.3,2875.33,0.79,0.07
23719,453.98,9718.96,0.59,0.05
23720,363.49,5626.47,0.53,0.06
23721,101.6,562.71,0.68,0.18
23722,416.81,7862.14,0.57,0.05
23723,197.37,2433.62,0.78,0.08
23724,207.31,1190.5,0.35,0.17
23725,155.29,992.8,0.52,0.16
23726,1210.24,45614.3,0.39,0.03
23727,468.33,11495.1,0.66,0.04
23728,603.84,7753.99,0.27,0.08
23729,724.79,21365.6,0.51,0.03
23730,190.47,2002.57,0.69,0.1
23731,1180.93,77044.5,0.69,0.02
23732,828.34,42401.9,0.78,0.02
23733,1468.64,113638,0.66,0.01
23734,1836.07,207211,0.77,0.01
23735,1037,62467.9,0.73,0.02
23736,3041.58,255757,0.35,0.01
23737,1237.26,90971.4,0.75,0.01
23738,1135.71,80897.5,0.79,0.01
23739,714.08,19516.5,0.48,0.04
23740,8.96,0.62,0.1,14.45
23741,825.03,23241.3,0.43,0.04
23742,1159.32,33314.4,0.31,0.03
23743,328,6492.3,0.76,0.05
23744,886.21,24911.4,0.4,0.04
23745,802.72,22980.5,0.45,0.03
23746,1214.52,88506.6,0.75,0.01
23747,1034.39,66681.7,0.78,0.02
23748,1118.69,77228.8,0.78,0.01
23749,1272.79,100471,0.78,0.01
23750,1389,72388.9,0.47,0.02
23751,1247.95,73412.6,0.59,0.02
23752,543.79,16815.6,0.71,0.03
23753,1448.97,129165,0.77,0.01
23754,1170.54,83482.8,0.77,0.01
23755,1350.84,113251,0.78,0.01
23756,2502.2,281114,0.56,0.01
23757,1773.24,149463,0.6,0.01
23758,831.65,39850.5,0.72,0.02
23759,747.13,30014,0.68,0.02
23760,915.29,48829.8,0.73,0.02
23761,790.53,30530.1,0.61,0.03
23762,897.85,45004.8,0.7,0.02
23763,725.15,23446.6,0.56,0.03
23764,863.9,39537.2,0.67,0.02
23765,694.54,29821.7,0.78,0.02
23766,536.14,17678.9,0.77,0.03
23767,1193.84,66543.5,0.59,0.02
23768,1324.83,95482.9,0.68,0.01
23769,1798.86,197987,0.77,0.01
23770,2032.1,246676,0.75,0.01
23771,1498.96,135034,0.75,0.01
23772,1664.71,158820,0.72,0.01
23773,1823.88,185403,0.7,0.01
23774,1073.45,72047.9,0.79,0.01
23775,1393.06,118025,0.76,0.01
23776,1211,45768.4,0.39,0.03
23777,443.67,11039.8,0.7,0.04
23778,393.14,9605.2,0.78,0.04
23779,769.53,32984.1,0.7,0.02
23780,278.62,4749.36,0.77,0.06
23781,1095.44,73491.8,0.77,0.01
23782,1899.77,242120,0.84,0.01
23783,4251.8,627158,0.44,0.01
23784,737.75,34000.2,0.78,0.02
23785,436.42,3000.15,0.2,0.15
23786,1228.77,84769.1,0.71,0.01
23787,1217.36,83352.5,0.71,0.01
23788,1215.89,80343.7,0.68,0.02
23789,1233.26,84047.9,0.69,0.01
23790,1370.56,116477,0.78,0.01
23791,948.1,38439.4,0.54,0.02
23792,2636.96,358440,0.65,0.01
23793,1210.51,89739.7,0.77,0.01
23794,2005.57,238336,0.74,0.01
23795,906.84,6446.73,0.1,0.14
23796,1499.37,139370,0.78,0.01
23797,1452.34,129887,0.77,0.01
23798,1737.02,179282,0.75,0.01
23799,1333.4,108662,0.77,0.01
23800,1765.33,183047,0.74,0.01
23801,1457.79,133047,0.79,0.01
23802,1657.84,163059,0.75,0.01
23803,1666.4,162321,0.73,0.01
23804,1669.14,162127,0.73,0.01
23805,1040.28,65425.1,0.76,0.02
23806,1180.49,83789,0.76,0.01
23807,5360.32,1728550,0.76,0
23808,1545.28,141958,0.75,0.01
23809,1218,76304.8,0.65,0.02
23810,1353.22,110756,0.76,0.01
23811,1567.1,149588,0.77,0.01
23812,1714.52,172968,0.74,0.01
23813,1551.56,147071,0.77,0.01
23814,9064.23,4772170,0.73,0
23815,1468.6,131012,0.76,0.01
23816,878.97,34343.4,0.56,0.03
23817,977.95,41824.6,0.55,0.02
23818,230.92,1875.49,0.44,0.12
23819,8526.8,1566600,0.27,0.01
23820,2919.33,523999,0.77,0.01
23821,1882.17,172883,0.61,0.01
23822,13514.9,4796260,0.33,0
23823,580.05,15399.7,0.57,0.04
23824,404.58,10151,0.78,0.04
23825,687.84,16446.5,0.44,0.04
23826,335.08,6152.25,0.69,0.05
23827,373.28,8059.41,0.73,0.05
23828,372.9,8743.52,0.79,0.04
23829,56.29,136.77,0.54,0.41
23830,11774.7,5639500,0.51,0
23831,327.62,1017.25,0.12,0.32
23832,11729.3,3696770,0.34,0
23833,1623.37,80443,0.38,0.02
23834,1845.29,28933,0.11,0.06
23835,550.48,16360.6,0.68,0.03
23836,5374.36,1358270,0.59,0
23837,528.08,12593.2,0.57,0.04
23838,1891.69,112233,0.39,0.02
23839,1413.06,37432.3,0.24,0.04
23840,1116.99,45952.4,0.46,0.02
23841,2491.1,358338,0.73,0.01
23842,68.14,137.15,0.37,0.5
23843,4945.41,1244400,0.64,0
23844,3433.32,685387,0.73,0.01
23845,3074.52,570379,0.76,0.01
23846,5181.9,1563740,0.73,0
23847,427.27,5180.19,0.36,0.08
23848,1248.15,86172,0.69,0.01
23849,1190.81,81348.8,0.72,0.01
23850,2070.34,254574,0.75,0.01
23851,834.48,24064.2,0.43,0.03
23852,2208.68,126095,0.32,0.02
23853,433.64,11146.1,0.74,0.04
23854,273.3,3779.25,0.64,0.07
23855,271.83,4476.68,0.76,0.06
23856,1018.9,56284,0.68,0.02
23857,629.32,25499.5,0.81,0.02
23858,468.38,12904.4,0.74,0.04
23859,525.32,14940,0.68,0.04
23860,1179.41,72352.9,0.65,0.02
23861,511.09,15822.4,0.76,0.03
23862,1240.59,81639.6,0.67,0.02
23863,1535.91,125726,0.67,0.01
23864,800.16,23060.9,0.45,0.03
23865,827.01,27458.2,0.5,0.03
23866,811.28,24651.1,0.47,0.03
23867,10439.6,4434360,0.51,0
23868,940.17,55024.2,0.78,0.02
23869,645.54,20647.5,0.62,0.03
23870,9279.26,3215880,0.47,0
23871,925.65,54029.5,0.79,0.02
23872,679.04,23059.8,0.63,0.03
23873,10457.8,3616140,0.42,0
23874,897.86,3256.47,0.05,0.28
23875,82.1,505.41,0.94,0.16
23876,183.35,863.5,0.32,0.21
23877,442.3,12699.8,0.82,0.03
23878,767.73,23806.7,0.51,0.03
23879,172.63,813.93,0.34,0.21
23880,211.3,2561.12,0.72,0.08
23881,76.43,374.48,0.81,0.2
23882,3328.53,496493,0.56,0.01
23883,1765.33,138246,0.56,0.01
23884,918.4,9250.28,0.14,0.1
23885,3880.94,799224,0.67,0
23886,13753.5,8065910,0.54,0
23887,12696.8,4920900,0.38,0
23888,1653.08,144148,0.66,0.01
23889,9933.67,3264100,0.42,0
23890,2351.44,290940,0.66,0.01
23891,846.66,24015.3,0.42,0.04
23892,293.24,4755.35,0.69,0.06
23893,28489.7,18044700,0.28,0
23894,79.39,314.3,0.63,0.25
23895,2376.01,345947,0.77,0.01
23896,1995.33,225862,0.71,0.01
23897,4936.94,893604,0.46,0.01
23898,638.35,25625,0.79,0.02
23899,359.64,7463.68,0.72,0.05
23900,184.8,1949.93,0.72,0.09
23901,215.9,2722.18,0.73,0.08
23902,816.34,19463.1,0.37,0.04
23903,230.8,3234.66,0.76,0.07
23904,202.31,2299.37,0.71,0.09
23905,681.3,11167.6,0.3,0.06
23906,147.95,1187.48,0.68,0.12
23907,314.24,4203.6,0.53,0.07
23908,268.12,4188.44,0.73,0.06
23909,191.42,1913.99,0.66,0.1
23910,218.72,2455.69,0.64,0.09
23911,91.61,450.73,0.67,0.2
23912,104.48,455.47,0.52,0.23
23913,96.72,467.09,0.63,0.21
23914,197.37,2197.1,0.71,0.09
23915,333.72,7087.55,0.8,0.05
23916,327.28,6666.57,0.78,0.05
23917,597.07,18380.9,0.65,0.03
23918,543,16827,0.72,0.03
23919,339.73,7127.95,0.78,0.05
23920,328.42,6561.86,0.76,0.05
23921,497.06,15555.1,0.79,0.03
23922,350.32,4632.07,0.47,0.08
23923,221.4,2984.86,0.76,0.07
23924,285.76,4899.18,0.75,0.06
23925,328.55,6798.05,0.79,0.05
23926,320.09,6015.65,0.74,0.05
23927,229.38,2777.51,0.66,0.08
23928,212.86,2763.22,0.77,0.08
23929,225.93,3160.29,0.78,0.07
23930,381.22,6974.06,0.6,0.05
23931,243.87,3557.59,0.75,0.07
23932,794.44,38627.7,0.77,0.02
23933,1375.56,112106,0.74,0.01
23934,2468.2,160279,0.33,0.02
23935,2736.2,321114,0.54,0.01
23936,1173.29,62033.7,0.57,0.02
23937,107.19,468.05,0.51,0.23
23938,2912.27,448118,0.66,0.01
23939,841.66,44343.7,0.79,0.02
23940,1055.3,67098.2,0.76,0.02
23941,834.6,43246.5,0.78,0.02
23942,862.2,39170.1,0.66,0.02
23943,823.52,42383.1,0.78,0.02
23944,720.91,29112.4,0.7,0.02
23945,762.93,35831.2,0.77,0.02
23946,810.52,35028,0.67,0.02
23947,2455.27,353601,0.74,0.01
23948,1313.38,107216,0.78,0.01
23949,1181.1,53972.6,0.49,0.02
23950,637.48,23373.5,0.72,0.03
23951,1365.77,110228,0.74,0.01
23952,1612.11,104382,0.5,0.02
23953,363.22,8061.8,0.77,0.05
23954,1469.13,131592,0.77,0.01
23955,1374,102280,0.68,0.01
23956,4014.42,127536,0.1,0.03
23957,3203.89,283935,0.35,0.01
23958,3185.76,611352,0.76,0.01
23959,1002.76,51360.2,0.64,0.02
23960,3693.28,749339,0.69,0
23961,1177.47,84561,0.77,0.01
23962,895.19,48059,0.75,0.02
23963,880.01,46405.2,0.75,0.02
23964,3195.77,435200,0.54,0.01
23965,945.9,51452.1,0.72,0.02
23966,1212.34,91392.2,0.78,0.01
23967,962.64,54101.5,0.73,0.02
23968,2394,275112,0.6,0.01
23969,1061.8,64498.6,0.72,0.02
23970,1098.01,70053.2,0.73,0.02
23971,900.79,49822.7,0.77,0.02
23972,2005.27,260554,0.81,0.01
23973,507.66,8094.7,0.39,0.06
23974,2184.13,86071.1,0.23,0.03
23975,6188.78,1972890,0.65,0
23976,3161.35,524532,0.66,0.01
23977,5048.76,1589530,0.78,0
23978,724.53,12019.7,0.29,0.06
23979,965.85,56742.8,0.76,0.02
23980,159.96,1585.92,0.78,0.1
23981,4294.23,517651,0.35,0.01
23982,3369.37,707489,0.78,0
23983,654.91,25494.2,0.75,0.03
23984,3836.77,911322,0.78,0
23985,172.1,2337.21,0.99,0.07
23986,457.16,13081.6,0.79,0.03
23987,613.86,21704.8,0.72,0.03
23988,1558.09,58040.8,0.3,0.03
23989,196.98,921.72,0.3,0.21
23990,106.69,589.24,0.65,0.18
23991,41.74,95.11,0.69,0.44
23992,1529.76,133052,0.71,0.01
23993,1308.15,96677.7,0.71,0.01
23994,1798.07,203853,0.79,0.01
23995,3393.32,432025,0.47,0.01
23996,916.2,50721.4,0.76,0.02
23997,1202.49,90389.6,0.79,0.01
23998,1416.29,118554,0.74,0.01
23999,4064.38,886518,0.67,0
24000,1180.01,79578.6,0.72,0.01
24001,1130.17,53656.6,0.53,0.02
24002,834.85,33931.9,0.61,0.02
24003,761.84,11003.6,0.24,0.07
24004,295.86,4828.49,0.69,0.06
24005,565.23,19843.9,0.78,0.03
24006,787.36,31113.3,0.63,0.03
24007,749.4,35031.8,0.78,0.02
24008,951.81,55019.2,0.76,0.02
24009,951.84,55008.3,0.76,0.02
24010,2873.89,242367,0.37,0.01
24011,1162.73,75001.9,0.7,0.02
24012,913.23,41102.2,0.62,0.02
24013,1107.93,77884.9,0.8,0.01
24014,1062.69,69898.5,0.78,0.02
24015,1301.61,106854,0.79,0.01
24016,1050.53,61691.6,0.7,0.02
24017,1304.05,108405,0.8,0.01
24018,1089.9,64764.8,0.68,0.02
24019,914.36,40261.9,0.6,0.02
24020,44.49,101.53,0.64,0.44
24021,2466.79,152691,0.32,0.02
24022,3831.69,145237,0.12,0.03
24023,492.78,12819.9,0.66,0.04
24024,630,25070.3,0.79,0.03
24025,682.91,14314.8,0.39,0.05
24026,416.85,6521.34,0.47,0.06
24027,759.82,16718,0.36,0.05
24028,2568.46,304075,0.58,0.01
24029,1897.34,200081,0.7,0.01
24030,3358.34,615430,0.69,0.01
24031,2593.78,400483,0.75,0.01
24032,1013.96,66140.3,0.81,0.02
24033,537.26,8463.5,0.37,0.06
24034,219.38,2723.46,0.71,0.08
24035,1165.2,51045,0.47,0.02
24036,1230.3,92519.7,0.77,0.01
24037,244.25,3210.02,0.68,0.08
24038,227.6,2488.44,0.6,0.09
24039,1279.31,97508.9,0.75,0.01
24040,1425.5,125822,0.78,0.01
24041,5252.96,1471930,0.67,0
24042,131.9,516.72,0.37,0.26
24043,58.97,123.98,0.45,0.48
24044,45.09,115.31,0.71,0.39
24045,1044.35,24953.6,0.29,0.04
24046,3637.76,681391,0.65,0.01
24047,1316.49,56291.7,0.41,0.02
24048,349.18,5654.22,0.58,0.06
24049,2064.32,209156,0.62,0.01
24050,511.11,15562.3,0.75,0.03
24051,1424.42,47008.3,0.29,0.03
24052,603.56,22439.2,0.77,0.03
24053,632.86,25224.8,0.79,0.03
24054,1004.71,20641.3,0.26,0.05
24055,981.44,56718.9,0.74,0.02
24056,775.9,11735.8,0.24,0.07
24057,1921.29,50941.3,0.17,0.04
24058,910.35,15301.2,0.23,0.06
24059,588.21,23955.1,0.87,0.02
24060,192.16,1533.51,0.52,0.13
24061,215.2,2177.98,0.59,0.1
24062,46.71,115.24,0.66,0.41
24063,1401.29,108892,0.7,0.01
24064,1228.71,89650.8,0.75,0.01
24065,1558.91,127730,0.66,0.01
24066,237.78,1469.22,0.33,0.16
24067,3207.98,333809,0.41,0.01
24068,907.16,39184.3,0.6,0.02
24069,5011.62,801659,0.4,0.01
24070,497.34,13387.9,0.68,0.04
24071,89.91,413.18,0.64,0.22
24072,3315.66,490275,0.56,0.01
24073,629.02,22908.6,0.73,0.03
24074,706.11,26707.9,0.67,0.03
24075,329.16,5117.26,0.59,0.06
24076,99.13,549.78,0.7,0.18
24077,100.56,273.75,0.34,0.37
24078,3455.25,682118,0.72,0.01
24079,9874.97,3113580,0.4,0
24080,2572.41,238427,0.45,0.01
24081,1006.35,54728.2,0.68,0.02
24082,4224.09,588243,0.41,0.01
24083,1215.21,78874.7,0.67,0.02
24084,2102.25,269748,0.77,0.01
24085,173.71,1640.34,0.68,0.11
24086,1361.67,106547,0.72,0.01
24087,926.68,33204.1,0.49,0.03
24088,1921.32,211515,0.72,0.01
24089,862.32,46544.8,0.79,0.02
24090,1403.82,104023,0.66,0.01
24091,168.24,1853.67,0.82,0.09
24092,128.22,475.5,0.36,0.27
24093,578.66,11014.9,0.41,0.05
24094,324.35,6498.73,0.78,0.05
24095,2983.52,433757,0.61,0.01
24096,1239.7,55636.5,0.45,0.02
24097,684.58,29488.9,0.79,0.02
24098,4284.01,477843,0.33,0.01
24099,1252.38,83405.2,0.67,0.02
24100,316.84,5682.81,0.71,0.06
24101,313.73,5953.72,0.76,0.05
24102,723.75,21270.3,0.51,0.03
24103,1088.4,46642.8,0.49,0.02
24104,1228.23,62950.9,0.52,0.02
24105,512.77,12936.6,0.62,0.04
24106,868.27,44783.3,0.75,0.02
24107,574.5,15018.8,0.57,0.04
24108,668.17,24931.7,0.7,0.03
24109,2180.7,142468,0.38,0.02
24110,2051.61,112510,0.34,0.02
24111,547.75,14001.5,0.59,0.04
24112,451.63,11451,0.71,0.04
24113,544.45,17076.9,0.72,0.03
24114,649.67,22111.4,0.66,0.03
24115,473.65,13343,0.75,0.04
24116,275.85,4031,0.67,0.07
24117,267.2,4620.4,0.81,0.06
24118,1048.88,19602.7,0.22,0.05
24119,545.88,16498,0.7,0.03
24120,607.94,22103.6,0.75,0.03
24121,470.37,11102.3,0.63,0.04
24122,350.58,7933.85,0.81,0.04
24123,12636.5,3758520,0.3,0
24124,458.78,12801.3,0.76,0.04
24125,1110.77,46121.4,0.47,0.02
24126,2993.17,322520,0.45,0.01
24127,2805.5,270083,0.43,0.01
24128,711.19,26810.5,0.67,0.03
24129,2958.54,338218,0.49,0.01
24130,2670.89,424792,0.75,0.01
24131,5873.66,1097350,0.4,0.01
24132,1479.14,133149,0.76,0.01
24133,847.06,21497.5,0.38,0.04
24134,584.06,22440.6,0.83,0.03
24135,547.85,17944.3,0.75,0.03
24136,583.88,21714.1,0.8,0.03
24137,56.85,166.46,0.65,0.34
24138,562.21,16303.1,0.65,0.03
24139,1688.83,124914,0.55,0.01
24140,1118.3,56018.3,0.56,0.02
24141,1015.47,63741.7,0.78,0.02
24142,959.4,56018.3,0.76,0.02
24143,969.75,58391,0.78,0.02
24144,934.8,54654,0.79,0.02
24145,1093.15,40837.2,0.43,0.03
24146,2852.36,261893,0.4,0.01
24147,5096.6,1305840,0.63,0
24148,1090.52,64578.6,0.68,0.02
24149,463.21,12642.3,0.74,0.04
24150,855.25,45196,0.78,0.02
24151,439.38,11105.3,0.72,0.04
24152,444.01,11264.5,0.72,0.04
24153,489.43,11658.4,0.61,0.04
24154,539.5,16354,0.71,0.03
24155,550.09,17160.1,0.71,0.03
24156,704.56,24801,0.63,0.03
24157,3213.96,463037,0.56,0.01
24158,622.07,18839.4,0.61,0.03
24159,128.59,356.16,0.27,0.36
24160,1331.85,83631.6,0.59,0.02
24161,513.66,14264.6,0.68,0.04
24162,854.17,43590.3,0.75,0.02
24163,7189.92,1545570,0.38,0
24164,114.86,512.97,0.49,0.22
24165,2083.47,179034,0.52,0.01
24166,18023.2,7284940,0.28,0
24167,794.47,23397,0.47,0.03
24168,129.26,789.18,0.59,0.16
24169,2258.04,251725,0.62,0.01
24170,3744.14,673547,0.6,0.01
24171,883.94,42108.8,0.68,0.02
24172,466.09,11876.7,0.69,0.04
24173,1599.38,61373.5,0.3,0.03
24174,799.68,39257.2,0.77,0.02
24175,4795.81,448459,0.24,0.01
24176,16538.8,5489250,0.25,0
24177,1040.66,47717,0.55,0.02
24178,4167.93,600042,0.43,0.01
24179,855.43,46464.2,0.8,0.02
24180,553.93,15275.6,0.63,0.04
24181,1153.03,80243,0.76,0.01
24182,795.43,38870.6,0.77,0.02
24183,668.77,23237.5,0.65,0.03
24184,503.09,7306.93,0.36,0.07
24185,664.87,12229,0.35,0.05
24186,357.7,7077.72,0.69,0.05
24187,678.42,25602,0.7,0.03
24188,13.21,7.78,0.56,1.7
24189,68.62,354.44,0.95,0.19
24190,90.48,391.64,0.6,0.23
24191,626.07,14442.9,0.46,0.04
24192,84.63,564.74,0.99,0.15
24193,1035.32,53916,0.63,0.02
24194,110.24,586.48,0.61,0.19
24195,193.74,1746.22,0.58,0.11
24196,1257.9,68360.6,0.54,0.02
24197,119.35,362.24,0.32,0.33
24198,81.61,192.79,0.36,0.42
24199,924.42,45636,0.67,0.02
24200,2127.38,242157,0.67,0.01
24201,1197.47,86581.6,0.76,0.01
24202,1144.68,75626.4,0.72,0.02
24203,1974.88,155384,0.5,0.01
24204,630.68,24858.9,0.78,0.03
24205,1398.91,50027.8,0.32,0.03
24206,991.13,54058.1,0.69,0.02
24207,495.3,13559.8,0.69,0.04
24208,1671.21,130096,0.59,0.01
24209,1519.15,132361,0.72,0.01
24210,774.84,26953.4,0.56,0.03
24211,421.74,11735.5,0.83,0.04
24212,9657.61,2939270,0.4,0
24213,1048.99,57294.9,0.65,0.02
24214,601.65,22048.8,0.77,0.03
24215,1711.85,34626.9,0.15,0.05
24216,3360.46,410005,0.46,0.01
24217,1161.23,85359.9,0.8,0.01
24218,1724.13,181812,0.77,0.01
24219,5027.85,1043500,0.52,0
24220,3628.72,358752,0.34,0.01
24221,249.13,3373.15,0.68,0.07
24222,2028.56,138882,0.42,0.01
24223,1207.83,40881.3,0.35,0.03
24224,1813.76,212503,0.81,0.01
24225,786.01,40318.8,0.82,0.02
24226,454.43,10163.6,0.62,0.04
24227,311.4,6040.06,0.78,0.05
24228,346.15,7230.61,0.76,0.05
24229,508.51,15546.7,0.76,0.03
24230,917.65,32900.1,0.49,0.03
24231,4231.78,938105,0.66,0
24232,430.01,10926.1,0.74,0.04
24233,259.41,3579.49,0.67,0.07
24234,509.47,14104.8,0.68,0.04
24235,357.11,7966.68,0.78,0.04
24236,701.46,10048.6,0.26,0.07
24237,683.65,10158.4,0.27,0.07
24238,2118.69,186092,0.52,0.01
24239,824.33,40335.4,0.75,0.02
24240,760.37,34445.9,0.75,0.02
24241,1149.73,79551.5,0.76,0.01
24242,777.4,37252,0.77,0.02
24243,815.85,39824.4,0.75,0.02
24244,1059.32,69529.2,0.78,0.02
24245,1215.12,85344.8,0.73,0.01
24246,944.88,55033.2,0.77,0.02
24247,952.5,50573.5,0.7,0.02
24248,995.66,55139.8,0.7,0.02
24249,1618.35,117242,0.56,0.01
24250,3217.71,553499,0.67,0.01
24251,2364.24,346756,0.78,0.01
24252,1603.73,152620,0.75,0.01
24253,1632.04,160711,0.76,0.01
24254,1094.13,67736.6,0.71,0.02
24255,1098.36,73037.9,0.76,0.02
24256,7486.16,611587,0.14,0.01
24257,1008.16,62958.3,0.78,0.02
24258,1455.41,132311,0.78,0.01
24259,1029.76,60324.7,0.71,0.02
24260,1042.44,63283,0.73,0.02
24261,2780.75,420992,0.68,0.01
24262,3653.53,810398,0.76,0
24263,877.84,47506.4,0.77,0.02
24264,1153.76,75816.7,0.72,0.02
24265,2997.77,460731,0.64,0.01
24266,1279,78964.6,0.61,0.02
24267,1186.81,87193.5,0.78,0.01
24268,1431.55,119922,0.73,0.01
24269,2644.56,315575,0.57,0.01
24270,2811.02,184265,0.29,0.02
24271,391.66,7917.94,0.65,0.05
24272,973.28,58686.2,0.78,0.02
24273,2427,262173,0.56,0.01
24274,285.91,5024.15,0.77,0.06
24275,985.13,47792.9,0.62,0.02
24276,255.64,2445.94,0.47,0.1
24277,1101.12,44333.5,0.46,0.02
24278,728.92,33519.7,0.79,0.02
24279,1630.86,159871,0.75,0.01
24280,4323.95,1008740,0.68,0
24281,2574.77,238305,0.45,0.01
24282,294.5,4776.75,0.69,0.06
24283,281.6,3692.72,0.58,0.08
24284,672.65,19762.5,0.55,0.03
24285,589.25,20433.2,0.74,0.03
24286,795.49,13287.1,0.26,0.06
24287,329.27,4119.34,0.48,0.08
24288,828.74,24557.7,0.45,0.03
24289,202.33,1739.01,0.53,0.12
24290,893.43,32310.2,0.51,0.03
24291,1009.78,30862.6,0.38,0.03
24292,594.51,22040.1,0.78,0.03
24293,481.53,13559.5,0.73,0.04
24294,510.5,15114.4,0.73,0.03
24295,3916.88,461079,0.38,0.01
24296,2808.49,192321,0.31,0.01
24297,241.03,2971.64,0.64,0.08
24298,473.14,14008.3,0.79,0.03
24299,4941.37,1103130,0.57,0
24300,380.46,9070.46,0.79,0.04
24301,648.73,23471.5,0.7,0.03
24302,865.23,18978,0.32,0.05
24303,552.65,15148.3,0.62,0.04
24304,336.78,6363.94,0.7,0.05
24305,261.12,4003.63,0.74,0.07
24306,1025.29,60135.9,0.72,0.02
24307,993.93,35668.6,0.45,0.03
24308,1601.41,70864.2,0.35,0.02
24309,521.27,14854.9,0.69,0.04
24310,164.15,870.58,0.41,0.19
24311,1004.08,63053.9,0.79,0.02
24312,801.17,36521.6,0.71,0.02
24313,778.75,26185.7,0.54,0.03
24314,929.67,35798.5,0.52,0.03
24315,519.32,16099.1,0.75,0.03
24316,1106.51,71128.8,0.73,0.02
24317,1056.08,67325.4,0.76,0.02
24318,6232.05,1805670,0.58,0
24319,921.14,52771.4,0.78,0.02
24320,978.75,58922.8,0.77,0.02
24321,993.59,61320.8,0.78,0.02
24322,4855.86,479980,0.26,0.01
24323,359.75,3094.86,0.3,0.12
24324,1055.05,7248.92,0.08,0.15
24325,2057.7,14824.8,0.04,0.14
24326,884.61,48048.1,0.77,0.02
24327,867.26,42089.5,0.7,0.02
24328,844.09,42053.5,0.74,0.02
24329,2134.02,233450,0.64,0.01
24330,1184.22,85639.5,0.77,0.01
24331,843.31,44508.8,0.79,0.02
24332,1711.41,25418.6,0.11,0.07
24333,2422.52,53153.8,0.11,0.05
24334,784.19,4946.25,0.1,0.16
24335,1164.11,81762.7,0.76,0.01
24336,463.79,13424.8,0.78,0.03
24337,533.07,17247.2,0.76,0.03
24338,428.44,11446.7,0.78,0.04
24339,489.86,14632.5,0.77,0.03
24340,232.32,577.36,0.13,0.4
24341,743.95,31337.9,0.71,0.02
24342,286.75,641.66,0.1,0.45
24343,759.69,13896.2,0.3,0.05
24344,4698.28,350839,0.2,0.01
24345,761.1,12651,0.27,0.06
24346,202.77,1632.01,0.5,0.12
24347,117.71,494.15,0.45,0.24
24348,1979.89,228778,0.73,0.01
24349,928.13,23842.2,0.35,0.04
24350,1451.77,35289.8,0.21,0.04
24351,1042.03,66729.7,0.77,0.02
24352,1453.04,112890,0.67,0.01
24353,325.47,1992.19,0.24,0.16
24354,3369.98,302163,0.33,0.01
24355,2917.65,199849,0.29,0.01
24356,146.85,1281.93,0.75,0.11
24357,306.43,5934.6,0.79,0.05
24358,909.71,18440.8,0.28,0.05
24359,486.21,11549.3,0.61,0.04
24360,154.53,1263.21,0.66,0.12
24361,298.67,5371.69,0.76,0.06
24362,263.47,3654.96,0.66,0.07
24363,353.21,4553.5,0.46,0.08
24364,302.68,5018.48,0.69,0.06
24365,177.56,1967.13,0.78,0.09
24366,152.09,1459.59,0.79,0.1
24367,193.81,1794.57,0.6,0.11
24368,237.41,3358.4,0.75,0.07
24369,248.3,3040.43,0.62,0.08
24370,251.93,3205.5,0.63,0.08
24371,283.4,3659.8,0.57,0.08
24372,243.77,3453.86,0.73,0.07
24373,698.76,15161.9,0.39,0.05
24374,232.14,2218.68,0.52,0.1
24375,543.07,19707.5,0.84,0.03
24376,228.97,2939.57,0.7,0.08
24377,358.12,4351.04,0.43,0.08
24378,34.08,60.73,0.66,0.56
24379,56.55,141.04,0.55,0.4
24380,960.93,43081.6,0.59,0.02
24381,330.68,6811.66,0.78,0.05
24382,1773.8,104577,0.42,0.02
24383,1010.43,61905.4,0.76,0.02
24384,144.56,1045.31,0.63,0.14
24385,481.46,14114.7,0.76,0.03
24386,1366.33,10506.4,0.07,0.13
24387,71.61,250.57,0.61,0.29
24388,221.48,1751.77,0.45,0.13
24389,187.32,455.48,0.16,0.41
24390,442.83,12023.2,0.77,0.04
24391,110.78,257.61,0.26,0.43
24392,403.86,10146.5,0.78,0.04
24393,215.92,678.86,0.18,0.32
24394,266.19,796.04,0.14,0.33
24395,895.34,50017,0.78,0.02
24396,2403.96,239674,0.52,0.01
24397,774.97,37620.8,0.79,0.02
24398,544.53,17086.2,0.72,0.03
24399,743.91,34228,0.78,0.02
24400,847.04,44876.5,0.79,0.02
24401,164.99,1116.3,0.52,0.15
24402,844.31,44384.9,0.78,0.02
24403,816.58,41068.9,0.77,0.02
24404,37.68,67.68,0.6,0.56
24405,503.79,13502.5,0.67,0.04
24406,456.15,11853.6,0.72,0.04
24407,1363.69,25352.5,0.17,0.05
24408,41.39,21.3,0.16,1.94
24409,1270.93,13681.4,0.11,0.09
24410,837.7,34461.1,0.62,0.02
24411,1222.95,50614.9,0.43,0.02
24412,472.11,10394.5,0.59,0.05
24413,457.73,12582.7,0.75,0.04
24414,805.68,18661,0.36,0.04
24415,85.62,269.37,0.46,0.32
24416,2172.18,179622,0.48,0.01
24417,446.31,10069.7,0.63,0.04
24418,931.07,36622.8,0.53,0.03
24419,300.63,5555.27,0.77,0.05
24420,169.14,1735.51,0.76,0.1
24421,164.97,1713.6,0.79,0.1
24422,1513.4,142751,0.78,0.01
24423,1480.71,88518.3,0.51,0.02
24424,311.37,2146.35,0.28,0.15
24425,1225.51,88793.7,0.74,0.01
24426,34.67,72.26,0.76,0.48
24427,1572.64,152136,0.77,0.01
24428,1255.82,98975.7,0.79,0.01
24429,40.45,80.67,0.62,0.5
24430,414.34,2322.88,0.17,0.18
24431,850.93,10773.4,0.19,0.08
24432,353.5,3162.41,0.32,0.11
24433,2299.02,358439,0.85,0.01
24434,1843.03,176919,0.65,0.01
24435,1875.21,214279,0.77,0.01
24436,1514.57,136766,0.75,0.01
24437,321.37,4476.56,0.54,0.07
24438,1016.23,26779.5,0.33,0.04
24439,162.69,1561.39,0.74,0.1
24440,1087.83,72399.6,0.77,0.02
24441,1070.73,63887.4,0.7,0.02
24442,1121.77,74516.5,0.74,0.02
24443,1256.58,47261.1,0.38,0.03
24444,989.58,51811.1,0.66,0.02
24445,1254.26,92051.5,0.73,0.01
24446,1568.96,152905,0.78,0.01
24447,1624.59,164271,0.78,0.01
24448,1390.79,114456,0.74,0.01
24449,1612.86,141795,0.68,0.01
24450,1041.25,52948.2,0.61,0.02
24451,1059.27,70506.7,0.79,0.02
24452,1465.02,124108,0.73,0.01
24453,1120.62,77932.5,0.78,0.01
24454,1363.6,119895,0.81,0.01
24455,1397.5,114719,0.74,0.01
24456,1319.76,101823,0.73,0.01
24457,59.59,163.67,0.58,0.36
24458,1515.39,135982,0.74,0.01
24459,800.24,26978.4,0.53,0.03
24460,1204.02,82502.5,0.71,0.01
24461,1485.85,39312.4,0.22,0.04
24462,193.76,938.24,0.31,0.21
24463,1877.6,101326,0.36,0.02
24464,2071.02,258289,0.76,0.01
24465,1061.31,67433.8,0.75,0.02
24466,2218.27,194066,0.5,0.01
24467,858.57,35626.5,0.61,0.02
24468,2009.16,235689,0.73,0.01
24469,2427.95,369184,0.79,0.01
24470,963.4,57734.1,0.78,0.02
24471,1389.22,101501,0.66,0.01
24472,2111.07,240497,0.68,0.01
24473,2373.07,349108,0.78,0.01
24474,1794.48,185096,0.72,0.01
24475,3266.01,564904,0.67,0.01
24476,1564.57,139527,0.72,0.01
24477,49.37,127.09,0.65,0.39
24478,1335.92,94159.1,0.66,0.01
24479,1619.59,167946,0.8,0.01
24480,28,41.88,0.67,0.67
24481,2025.61,43636.1,0.13,0.05
24482,207.76,2361.45,0.69,0.09
24483,1433.88,93474.6,0.57,0.02
24484,1410.19,93279.9,0.59,0.02
24485,199.99,847.44,0.27,0.24
24486,775.11,23241,0.49,0.03
24487,1569.87,75143.4,0.38,0.02
24488,383.43,8311.51,0.71,0.05
24489,437.21,5272.25,0.35,0.08
24490,118.61,678.62,0.61,0.17
24491,1937.88,218728,0.73,0.01
24492,1422.28,127101,0.79,0.01
24493,106.02,292.35,0.33,0.36
24494,167.54,1796.79,0.8,0.09
24495,1286.37,101666,0.77,0.01
24496,1400.87,117875,0.75,0.01
24497,1610.92,150387,0.73,0.01
24498,1550.1,145120,0.76,0.01
24499,1148.6,74754.4,0.71,0.02
24500,1279.11,98192.7,0.75,0.01
24501,1817.28,195509,0.74,0.01
24502,2160.43,259213,0.7,0.01
24503,2468.09,279697,0.58,0.01
24504,976.15,47611.5,0.63,0.02
24505,2217.3,182765,0.47,0.01
24506,1504.07,140924,0.78,0.01
24507,1064.42,52713.4,0.58,0.02
24508,1414.65,126480,0.79,0.01
24509,2382.81,269594,0.6,0.01
24510,2582.3,347768,0.66,0.01
24511,3502.25,791959,0.81,0
24512,118.88,512.62,0.46,0.23
24513,1148.17,81579.7,0.78,0.01
24514,1195.47,89632.9,0.79,0.01
24515,1387.95,120198,0.78,0.01
24516,1564.86,152925,0.78,0.01
24517,1520.02,146168,0.79,0.01
24518,1621.48,165042,0.79,0.01
24519,1533.97,146539,0.78,0.01
24520,1869.29,195119,0.7,0.01
24521,2026.94,209988,0.64,0.01
24522,1780.61,193625,0.77,0.01
24523,1489.5,131050,0.74,0.01
24524,1550.97,146785,0.77,0.01
24525,2547.97,380492,0.74,0.01
24526,1596.35,161969,0.8,0.01
24527,1070.32,52272.1,0.57,0.02
24528,1185.97,64754.3,0.58,0.02
24529,1138.2,14569.2,0.14,0.08
24530,727.84,26185.3,0.62,0.03
24531,1537.72,124994,0.66,0.01
24532,2672.79,310947,0.55,0.01
24533,1781.43,110217,0.44,0.02
24534,916.31,46570,0.7,0.02
24535,804.85,36988.9,0.72,0.02
24536,645.83,25959.4,0.78,0.02
24537,1238.55,88314.5,0.72,0.01
24538,1791.78,106052,0.41,0.02
24539,679.49,25518.8,0.69,0.03
24540,1258.57,68106.3,0.54,0.02
24541,1660.82,122471,0.56,0.01
24542,928.88,38358.5,0.56,0.02
24543,2460.27,202734,0.42,0.01
24544,623.36,22088.2,0.71,0.03
24545,860.52,30572.1,0.52,0.03
24546,348.87,7474.96,0.77,0.05
24547,2474.68,333202,0.68,0.01
24548,1047.33,65106.3,0.75,0.02
24549,250.72,3469.57,0.69,0.07
24550,696.49,24193.7,0.63,0.03
24551,796.45,39342.2,0.78,0.02
24552,827.83,30203.4,0.55,0.03
24553,4531.15,643441,0.39,0.01
24554,904.92,39005,0.6,0.02
24555,969.08,46869.6,0.63,0.02
24556,1877.69,219862,0.78,0.01
24557,1724.02,183169,0.77,0.01
24558,1236.74,62676,0.51,0.02
24559,1365.23,90374.3,0.61,0.02
24560,701.78,29054.2,0.74,0.02
24561,1087.96,67424.4,0.72,0.02
24562,5600.27,1865700,0.75,0
24563,1095.71,75000.9,0.78,0.01
24564,1185.02,81566.8,0.73,0.01
24565,1071.19,65795.4,0.72,0.02
24566,2238.41,252523,0.63,0.01
24567,899.02,50627.2,0.79,0.02
24568,3590.53,534756,0.52,0.01
24569,924.13,51657.9,0.76,0.02
24570,1393.04,109967,0.71,0.01
24571,1317.95,94958,0.69,0.01
24572,768.59,34304,0.73,0.02
24573,986.35,60485.8,0.78,0.02
24574,841.28,41582,0.74,0.02
24575,849.73,44164.5,0.77,0.02
24576,460.1,12351.8,0.73,0.04
24577,1216.46,86988.1,0.74,0.01
24578,1215.54,90703.6,0.77,0.01
24579,1380.69,100153,0.66,0.01
24580,1317.9,91542.4,0.66,0.01
24581,181.71,1254.47,0.48,0.14
24582,612.96,27061,0.9,0.02
24583,141.58,768.38,0.48,0.18
24584,1399.45,120148,0.77,0.01
24585,793.11,6528.67,0.13,0.12
24586,2635.17,339638,0.61,0.01
24587,793.98,6993.01,0.14,0.11
24588,1809.25,192193,0.74,0.01
24589,2742.04,429428,0.72,0.01
24590,2038.98,256377,0.77,0.01
24591,2611.66,396231,0.73,0.01
24592,2754.69,481962,0.8,0.01
24593,911.98,50463.2,0.76,0.02
24594,834.88,43243,0.78,0.02
24595,791.26,38981.8,0.78,0.02
24596,1152.3,82791,0.78,0.01
24597,2176.5,295826,0.78,0.01
24598,1144.86,55475.3,0.53,0.02
24599,1686.12,116333,0.51,0.01
24600,1662.95,165970,0.75,0.01
24601,34.66,71.07,0.74,0.49
24602,60.24,157.38,0.54,0.38
24603,2548.96,17508.4,0.03,0.15
24604,441.1,1657.38,0.11,0.27
24605,288.45,1054.04,0.16,0.27
24606,1681.11,179754,0.8,0.01
24607,1797.39,201411,0.78,0.01
24608,1293.74,81853.9,0.61,0.02
24609,1209.37,71017.1,0.61,0.02
24610,464.93,1631.66,0.09,0.28
24611,5833.09,1338810,0.49,0
24612,1091.51,72950.3,0.77,0.01
24613,3186.99,490329,0.61,0.01
24614,885.14,2786.48,0.04,0.32
24615,271.01,873.66,0.15,0.31
24616,739.64,26031,0.6,0.03
24617,910.71,36653.5,0.56,0.02
24618,12448.7,5100140,0.41,0
24619,1419.98,81062.4,0.5,0.02
24620,6941.16,1691860,0.44,0
24621,737.23,25849.1,0.6,0.03
24622,2913.54,487618,0.72,0.01
24623,495.42,13739.1,0.7,0.04
24624,2373.32,233919,0.52,0.01
24625,710.78,26581.3,0.66,0.03
24626,2430.22,232514,0.49,0.01
24627,733.88,6005.57,0.14,0.12
24628,273.95,2113.92,0.35,0.13
24629,759.43,33057.7,0.72,0.02
24630,634.18,24216.4,0.76,0.03
24631,950.86,26291.6,0.37,0.04
24632,10996.6,4536390,0.47,0
24633,94.25,119.15,0.17,0.79
24634,253,626.25,0.12,0.4
24635,6739,967742,0.27,0.01
24636,2720.98,158069,0.27,0.02
24637,5314.59,1022270,0.45,0.01
24638,625.04,21587.2,0.69,0.03
24639,625.11,21434.5,0.69,0.03
24640,680.31,26553.6,0.72,0.03
24641,1489.07,114377,0.65,0.01
24642,3244.48,602888,0.72,0.01
24643,1169.5,22087.5,0.2,0.05
24644,2485.13,297898,0.61,0.01
24645,950.68,53542,0.74,0.02
24646,1320.67,26486.1,0.19,0.05
24647,685.97,29541.2,0.79,0.02
24648,704.35,31097.2,0.79,0.02
24649,695.12,30402.2,0.79,0.02
24650,2248.85,313040,0.78,0.01
24651,955.79,47828,0.66,0.02
24652,1592.63,148465,0.74,0.01
24653,2461.84,173304,0.36,0.01
24654,9809.84,3729530,0.49,0
24655,1797.92,170111,0.66,0.01
24656,713.48,29890.1,0.74,0.02
24657,945.22,39675.9,0.56,0.02
24658,695.79,28605.3,0.74,0.02
24659,5053.67,444762,0.22,0.01
24660,3618.93,496087,0.48,0.01
24661,1038.03,47478.5,0.55,0.02
24662,951.65,32782.6,0.45,0.03
24663,788.72,36907.4,0.75,0.02
24664,822.59,37375.3,0.69,0.02
24665,723,30311.1,0.73,0.02
24666,765.54,34138.1,0.73,0.02
24667,1039.55,63778.3,0.74,0.02
24668,1041.44,63150,0.73,0.02
24669,804.48,39594.5,0.77,0.02
24670,1096.29,71768.5,0.75,0.02
24671,1737.31,41140.8,0.17,0.04
24672,858,37118.4,0.63,0.02
24673,738.6,27290.8,0.63,0.03
24674,72.24,227.46,0.55,0.32
24675,43.64,120.32,0.79,0.36
24676,71.23,279.99,0.69,0.25
24677,919.94,25396.1,0.38,0.04
24678,1512.09,137141,0.75,0.01
24679,1125.55,73893.8,0.73,0.02
24680,182.87,894.04,0.34,0.2
24681,868.73,8098.22,0.13,0.11
24682,236.11,1140.84,0.26,0.21
24683,1643.78,154530,0.72,0.01
24684,1666.24,41409.5,0.19,0.04
24685,947.88,38002.4,0.53,0.02
24686,2890.88,254989,0.38,0.01
24687,647.22,20399,0.61,0.03
24688,831.07,37011.6,0.67,0.02
24689,514.39,16534.6,0.78,0.03
24690,613.85,17578.2,0.59,0.03
24691,1224.68,81459.2,0.68,0.02
24692,1095.46,74420.2,0.78,0.01
24693,1411.61,89334.2,0.56,0.02
24694,1445.74,73261.7,0.44,0.02
24695,226.99,1733.48,0.42,0.13
24696,193.84,892.41,0.3,0.22
24697,177.98,730.59,0.29,0.24
24698,60.26,175.45,0.61,0.34
24699,198.08,1170.91,0.37,0.17
24700,3832.88,371122,0.32,0.01
24701,4565,374510,0.23,0.01
24702,336.36,4390.52,0.49,0.08
24703,64.8,172.51,0.52,0.38
24704,90.79,258.37,0.39,0.35
24705,248.27,709.34,0.14,0.35
24706,45.41,96.09,0.59,0.47
24707,1579.64,155548,0.78,0.01
24708,1027.23,56819.5,0.68,0.02
24709,313.39,2753.54,0.35,0.11
24710,203.63,845.48,0.26,0.24
24711,201.43,1732.78,0.54,0.12
24712,2995.64,285802,0.4,0.01
24713,497.51,11760.6,0.6,0.04
24714,439.5,9519.25,0.62,0.05
24715,620.99,14895.7,0.49,0.04
24716,1021.15,38443.5,0.46,0.03
24717,1509.49,110375,0.61,0.01
24718,193.04,536.75,0.18,0.36
24719,915.67,40533,0.61,0.02
24720,986.96,53683,0.69,0.02
24721,909.19,28961.3,0.44,0.03
24722,1500.12,115199,0.64,0.01
24723,1159.12,71862.8,0.67,0.02
24724,557.58,11607.6,0.47,0.05
24725,284.89,5290.34,0.82,0.05
24726,39.29,91.3,0.74,0.43
24727,123.25,507.43,0.42,0.24
24728,51.52,111.83,0.53,0.46
24729,1311.88,96707.2,0.71,0.01
24730,1208.19,84248.3,0.72,0.01
24731,199.31,872.36,0.28,0.23
24732,42.9,105.78,0.72,0.41
24733,98.06,231.31,0.3,0.42
24734,1506.96,136292,0.75,0.01
24735,1529.74,139957,0.75,0.01
24736,1676.63,167491,0.75,0.01
24737,1669.05,173247,0.78,0.01
24738,2439.86,199825,0.42,0.01
24739,1193.67,88272.8,0.78,0.01
24740,1666.23,171841,0.78,0.01
24741,1687.63,177248,0.78,0.01
24742,1266.01,83857.5,0.66,0.02
24743,1656.69,169865,0.78,0.01
24744,1676.83,173734,0.78,0.01
24745,1314.9,90287.4,0.66,0.01
24746,1500.1,138227,0.77,0.01
24747,1372.69,115171,0.77,0.01
24748,1045.57,66662.9,0.77,0.02
24749,1700.33,176967,0.77,0.01
24750,1198.45,88502.2,0.77,0.01
24751,1652.17,9812.17,0.05,0.17
24752,1134.78,71883.8,0.7,0.02
24753,948.34,55030.3,0.77,0.02
24754,1048.76,65071.4,0.74,0.02
24755,878.91,48922.7,0.8,0.02
24756,2194.99,302891,0.79,0.01
24757,915.87,48306.6,0.72,0.02
24758,1448.58,127260,0.76,0.01
24759,1898.82,219108,0.76,0.01
24760,806.61,39962.4,0.77,0.02
24761,755.34,36085.3,0.79,0.02
24762,1729.22,184920,0.78,0.01
24763,1134.67,75477.1,0.74,0.02
24764,1216.33,91861.5,0.78,0.01
24765,2555.78,289768,0.56,0.01
24766,1346.08,103052,0.71,0.01
24767,1408.6,112229,0.71,0.01
24768,1440.85,108496,0.66,0.01
24769,2554.35,269203,0.52,0.01
24770,383.5,3053.1,0.26,0.13
24771,1132.71,46113.7,0.45,0.02
24772,1589.14,157254,0.78,0.01
24773,1495.59,139225,0.78,0.01
24774,1088.2,68466.7,0.73,0.02
24775,2531.42,212920,0.42,0.01
24776,2146.03,285349,0.78,0.01
24777,2291.52,321870,0.77,0.01
24778,1636.43,157343,0.74,0.01
24779,2067.68,251747,0.74,0.01
24780,1401.74,118940,0.76,0.01
24781,1257.35,45154.6,0.36,0.03
24782,363.34,8247.53,0.78,0.04
24783,1620.56,166848,0.8,0.01
24784,1743.86,184985,0.76,0.01
24785,1761.41,194294,0.79,0.01
24786,1955.37,197597,0.65,0.01
24787,1571.4,137437,0.7,0.01
24788,1346.15,112563,0.78,0.01
24789,2228.35,307034,0.78,0.01
24790,589.11,21619.7,0.78,0.03
24791,584.25,20859.9,0.77,0.03
24792,595.07,22048.2,0.78,0.03
24793,618.15,23737,0.78,0.03
24794,1661.38,158749,0.72,0.01
24795,2092.38,244628,0.7,0.01
24796,1217.61,89012.4,0.75,0.01
24797,950.95,47029,0.65,0.02
24798,971.81,53758.3,0.71,0.02
24799,1310.08,111109,0.81,0.01
24800,1097.37,72750.1,0.76,0.02
24801,975.02,57704.5,0.76,0.02
24802,1298.22,71036.7,0.53,0.02
24803,1758.08,113077,0.46,0.02
24804,5476.99,539833,0.23,0.01
24805,3400.01,146804,0.16,0.02
24806,5059.09,1625270,0.8,0
24807,1074.55,32798.3,0.36,0.03
24808,7300.35,2697370,0.64,0
24809,6208.02,1502670,0.49,0
24810,3059.32,487184,0.65,0.01
24811,733.87,23404.6,0.55,0.03
24812,1102.23,75192.7,0.78,0.01
24813,705.74,15746.9,0.4,0.04
24814,2999.68,356858,0.5,0.01
24815,1557.58,106900,0.55,0.01
24816,172.15,1898.84,0.8,0.09
24817,728.11,32699.6,0.77,0.02
24818,3994.28,702160,0.55,0.01
24819,3758.65,594195,0.53,0.01
24820,17424,7438250,0.31,0
24821,1928.35,236107,0.8,0.01
24822,911.43,40974,0.62,0.02
24823,625.59,22923.2,0.74,0.03
24824,3474.65,719690,0.75,0
24825,4371.43,1098150,0.72,0
24826,27.21,6.36,0.11,4.28
24827,1376.4,72232.4,0.48,0.02
24828,56.75,111.77,0.44,0.51
24829,509.45,16301.2,0.79,0.03
24830,2467.3,254750,0.53,0.01
24831,774.39,34023.8,0.71,0.02
24832,1780.9,190602,0.75,0.01
24833,3513.18,585349,0.6,0.01
24834,4318.59,762796,0.51,0.01
24835,3456.7,234961,0.25,0.01
24836,3651.02,484481,0.46,0.01
24837,2811.75,373088,0.59,0.01
24838,2833.44,469135,0.73,0.01
24839,931.85,55025.6,0.8,0.02
24840,1219.31,94166.8,0.8,0.01
24841,2189.42,228451,0.6,0.01
24842,1852.96,46597.4,0.17,0.04
24843,1376.55,118271,0.78,0.01
24844,1358.42,114757,0.78,0.01
24845,3257.12,599260,0.71,0.01
24846,1988.45,236522,0.75,0.01
24847,27,3.46,0.06,7.8
24848,1599.54,156232,0.77,0.01
24849,11.95,0.04,0,298.75
24850,943.86,43501.8,0.61,0.02
24851,566.23,5611.25,0.22,0.1
24852,753.25,18032.7,0.4,0.04
24853,1273.07,96105.7,0.74,0.01
24854,2487.01,354331,0.72,0.01
24855,1638.7,166630,0.78,0.01
24856,1505.61,137572,0.76,0.01
24857,1625.31,163397,0.78,0.01
24858,1282.5,97621.8,0.75,0.01
24859,1327.64,109115,0.78,0.01
24860,1270.49,95293,0.74,0.01
24861,1575.68,155202,0.79,0.01
24862,1641.95,167815,0.78,0.01
24863,54.73,150.07,0.63,0.36
24864,1385.15,115174,0.75,0.01
24865,1609.26,158470,0.77,0.01
24866,1545.83,139192,0.73,0.01
24867,1648.69,171182,0.79,0.01
24868,1413.7,119187,0.75,0.01
24869,1465.24,133037,0.78,0.01
24870,1489.46,133921,0.76,0.01
24871,2319.39,306526,0.72,0.01
24872,1251.04,97052,0.78,0.01
24873,2395.81,323733,0.71,0.01
24874,1501.38,118215,0.66,0.01
24875,1497.21,116637,0.65,0.01
24876,1178.1,88167.8,0.8,0.01
24877,1268,97522,0.76,0.01
24878,318.76,5654.82,0.7,0.06
24879,665.8,20521.6,0.58,0.03
24880,339.96,7201.7,0.78,0.05
24881,259.38,2807.51,0.52,0.09
24882,1153.53,82685.1,0.78,0.01
24883,1170.86,85312.9,0.78,0.01
24884,1799.54,195636,0.76,0.01
24885,3529.71,342601,0.35,0.01
24886,580.89,17278.7,0.64,0.03
24887,1457.17,119983,0.71,0.01
24888,1751.86,191736,0.78,0.01
24889,1808.24,203869,0.78,0.01
24890,690.8,29610.5,0.78,0.02
24891,519.21,13352.8,0.62,0.04
24892,1803.83,203288,0.78,0.01
24893,633.33,22669.5,0.71,0.03
24894,899.38,23485.2,0.36,0.04
24895,945,42220.6,0.59,0.02
24896,1311.12,105252,0.77,0.01
24897,1478.16,136558,0.78,0.01
24898,1629.32,164236,0.78,0.01
24899,1219.19,40356.2,0.34,0.03
24900,184.36,1457.44,0.54,0.13
24901,757.16,35340.1,0.77,0.02
24902,533.27,10721,0.47,0.05
24903,532.15,13151,0.58,0.04
24904,523.43,11967.7,0.55,0.04
24905,482.22,7981.31,0.43,0.06
24906,542.25,13457.6,0.57,0.04
24907,525.14,12443.3,0.57,0.04
24908,529.89,12936.7,0.58,0.04
24909,529,12813.6,0.58,0.04
24910,517.82,12722.5,0.6,0.04
24911,532.2,13101.4,0.58,0.04
24912,534.34,13282.9,0.58,0.04
24913,529.08,12718.7,0.57,0.04
24914,467.86,10722.8,0.62,0.04
24915,497.74,12089.3,0.61,0.04
24916,444.02,9963.58,0.63,0.04
24917,522.42,12580.5,0.58,0.04
24918,516.28,11841.7,0.56,0.04
24919,445.84,9652.61,0.61,0.05
24920,4884.75,1039510,0.55,0
24921,303.48,5289.22,0.72,0.06
24922,419.74,11215.8,0.8,0.04
24923,2252.96,209258,0.52,0.01
24924,1231.7,77681.6,0.64,0.02
24925,266.47,2999.98,0.53,0.09
24926,524.46,7093.48,0.32,0.07
24927,525.94,8292.74,0.38,0.06
24928,737.68,10228.2,0.24,0.07
24929,246.82,3795.5,0.78,0.07
24930,545.86,18687.8,0.79,0.03
24931,1118.63,75677,0.76,0.01
24932,599.55,17037.6,0.6,0.04
24933,1182.74,67105.2,0.6,0.02
24934,1332.81,103894,0.73,0.01
24935,246.31,3780.8,0.78,0.07
24936,244.54,3728.22,0.78,0.07
24937,249.19,3865.46,0.78,0.06
24938,242.25,3663.35,0.78,0.07
24939,1303.82,64545.1,0.48,0.02
24940,315.46,6003.91,0.76,0.05
24941,744.04,9717.41,0.22,0.08
24942,741.81,9261.77,0.21,0.08
24943,448.9,11046.7,0.69,0.04
24944,654.3,11508.8,0.34,0.06
24945,440.76,10091.6,0.65,0.04
24946,371.85,5102.54,0.46,0.07
24947,401.52,6751.76,0.53,0.06
24948,1264.1,98785.2,0.78,0.01
24949,3041.52,347149,0.47,0.01
24950,2193.15,247140,0.65,0.01
24951,3259.97,300235,0.35,0.01
24952,103.89,244.26,0.28,0.43
24953,3261.86,659192,0.78,0
24954,1757.54,190594,0.77,0.01
24955,1646.56,166297,0.77,0.01
24956,1769.66,193408,0.78,0.01
24957,669.89,13306,0.37,0.05
24958,2089.37,197706,0.57,0.01
24959,273.53,4129.86,0.69,0.07
24960,1274.59,91067.4,0.7,0.01
24961,1480.25,88602.5,0.51,0.02
24962,2762.8,391667,0.64,0.01
24963,670.11,26227.1,0.73,0.03
24964,815.55,35519.9,0.67,0.02
24965,1894.59,184622,0.65,0.01
24966,623.26,23184.7,0.75,0.03
24967,915.59,33673.7,0.5,0.03
24968,1093.51,76417.2,0.8,0.01
24969,1890.15,142204,0.5,0.01
24970,1812,109296,0.42,0.02
24971,2905.86,257749,0.38,0.01
24972,2666.63,371913,0.66,0.01
24973,1609.9,160696,0.78,0.01
24974,1203.22,91683.8,0.8,0.01
24975,37.06,77.69,0.71,0.48
24976,1112.34,14048.5,0.14,0.08
24977,642.15,24803.1,0.76,0.03
24978,80.26,289.97,0.57,0.28
24979,621.23,6955.6,0.23,0.09
24980,110.5,436.73,0.45,0.25
24981,659.74,7319.15,0.21,0.09
24982,1659.94,30543.7,0.14,0.05
24983,151.62,745.56,0.41,0.2
24984,795.98,39310.6,0.78,0.02
24985,529.56,7582.25,0.34,0.07
24986,265.87,1654.65,0.29,0.16
24987,611.5,12105,0.41,0.05
24988,795.52,25020.8,0.5,0.03
24989,67.8,229.57,0.63,0.3
24990,4347.66,1204850,0.8,0
24991,4224.49,779027,0.55,0.01
24992,5548.49,1568090,0.64,0
24993,3580.19,464650,0.46,0.01
24994,542.03,17911.5,0.77,0.03
24995,7435.44,1847800,0.42,0
24996,1628.05,134088,0.64,0.01
24997,1660.14,146807,0.67,0.01
24998,3245.21,604992,0.72,0.01
24999,774.28,34931,0.73,0.02
25000,1937.66,178234,0.6,0.01
25001,1312.27,93109,0.68,0.01
25002,6948.78,1895580,0.49,0
25003,1312.96,104837,0.76,0.01
25004,1660.44,158516,0.72,0.01
25005,2099.22,165996,0.47,0.01
25006,3077.48,384922,0.51,0.01
25007,1293.63,103657,0.78,0.01
25008,1204.07,84449.1,0.73,0.01
25009,2055.8,222724,0.66,0.01
25010,1122.32,74513.3,0.74,0.02
25011,773.08,34871.5,0.73,0.02
25012,1173.68,84404.4,0.77,0.01
25013,3470.69,626699,0.65,0.01
25014,2989.85,515225,0.72,0.01
25015,1055.87,59493.3,0.67,0.02
25016,1386.63,118586,0.77,0.01
25017,2938.82,532952,0.78,0.01
25018,1204.74,90010.2,0.78,0.01
25019,1557.14,136472,0.71,0.01
25020,656.32,25962.6,0.76,0.03
25021,712.55,31503.5,0.78,0.02
25022,625.34,24403.3,0.78,0.03
25023,649.49,26246.1,0.78,0.02
25024,920.05,45408.6,0.67,0.02
25025,2453.74,334747,0.7,0.01
25026,2694.38,378790,0.66,0.01
25027,1359.96,113745,0.77,0.01
25028,171.5,992.24,0.42,0.17
25029,1335.03,110949,0.78,0.01
25030,949.91,54021.8,0.75,0.02
25031,1878.4,197028,0.7,0.01
25032,1804.3,187380,0.72,0.01
25033,1731.11,176678,0.74,0.01
25034,2399.62,353329,0.77,0.01
25035,2511.16,384856,0.77,0.01
25036,2275.78,322326,0.78,0.01
25037,2261.5,318074,0.78,0.01
25038,993.18,61074,0.78,0.02
25039,1093.29,74550.1,0.78,0.01
25040,2179.72,297455,0.79,0.01
25041,1065.21,70666.5,0.78,0.02
25042,954.99,56015.5,0.77,0.02
25043,740.95,31346.8,0.72,0.02
25044,359.76,5399.87,0.52,0.07
25045,228.7,2108.57,0.51,0.11
25046,254.32,2729.27,0.53,0.09
25047,976.98,59218.6,0.78,0.02
25048,1146.09,81030.6,0.77,0.01
25049,953.88,56662.6,0.78,0.02
25050,676.09,28421.7,0.78,0.02
25051,728.17,32774.1,0.78,0.02
25052,816.76,39011.1,0.73,0.02
25053,725.33,32831.9,0.78,0.02
25054,1328.31,100699,0.72,0.01
25055,873.41,42451.4,0.7,0.02
25056,2180.18,218242,0.58,0.01
25057,1674.35,153435,0.69,0.01
25058,1338.82,87360.8,0.61,0.02
25059,1856.84,219184,0.8,0.01
25060,3205.43,498658,0.61,0.01
25061,1105.63,74579.3,0.77,0.01
25062,1843.38,190159,0.7,0.01
25063,1121.21,78117.8,0.78,0.01
25064,1092.41,74184.7,0.78,0.01
25065,24.75,34.66,0.71,0.71
25066,148.42,600.07,0.34,0.25
25067,553.59,17642.9,0.72,0.03
25068,1519.22,143994,0.78,0.01
25069,1453.97,127497,0.76,0.01
25070,41.09,92.15,0.69,0.45
25071,2797.9,478760,0.77,0.01
25072,1574.29,140279,0.71,0.01
25073,1550.83,146290,0.76,0.01
25074,1572.54,146868,0.75,0.01
25075,1900.68,95701.8,0.33,0.02
25076,394.82,7596.8,0.61,0.05
25077,478.84,12676.8,0.69,0.04
25078,1062.13,66400.1,0.74,0.02
25079,161.66,1477.92,0.71,0.11
25080,237.65,2737.54,0.61,0.09
25081,298.97,2891.16,0.41,0.1
25082,160.13,961.8,0.47,0.17
25083,704.94,15672.7,0.4,0.04
25084,714.17,15357.2,0.38,0.05
25085,1509.9,60353.4,0.33,0.03
25086,251.7,3132.16,0.62,0.08
25087,238.44,3062.63,0.68,0.08
25088,321.79,5579.15,0.68,0.06
25089,94.67,328.48,0.46,0.29
25090,389.88,9290.89,0.77,0.04
25091,352.84,3128.11,0.32,0.11
25092,1897.6,204668,0.71,0.01
25093,381.6,8836.45,0.76,0.04
25094,4141.74,683056,0.5,0.01
25095,2726.42,420119,0.71,0.01
25096,1246.33,95566.1,0.77,0.01
25097,67.68,203.72,0.56,0.33
25098,94.22,409.57,0.58,0.23
25099,327.58,2566.16,0.3,0.13
25100,156.16,1045.6,0.54,0.15
25101,1193.29,84843,0.75,0.01
25102,1393.08,114889,0.74,0.01
25103,1921.66,205570,0.7,0.01
25104,1382.37,116929,0.77,0.01
25105,1156.62,83183.6,0.78,0.01
25106,1709.55,141669,0.61,0.01
25107,1400.1,123025,0.79,0.01
25108,1169.92,84671.8,0.78,0.01
25109,984.82,58213.6,0.75,0.02
25110,1178.62,86474.2,0.78,0.01
25111,1069.18,69728.7,0.77,0.02
25112,993.62,59810.2,0.76,0.02
25113,1192.74,88562.8,0.78,0.01
25114,1013.78,63027.7,0.77,0.02
25115,2947.59,366830,0.53,0.01
25116,2116.29,22255.9,0.06,0.1
25117,1510.17,141652,0.78,0.01
25118,788.74,7998.87,0.16,0.1
25119,778.94,17551.2,0.36,0.04
25120,815.84,18157.3,0.34,0.04
25121,1267.73,38094.6,0.3,0.03
25122,995.5,23359.3,0.3,0.04
25123,676.07,5851.41,0.16,0.12
25124,417.31,2318.82,0.17,0.18
25125,1228.35,90293.2,0.75,0.01
25126,1210.79,84131.2,0.72,0.01
25127,1047.57,67907,0.78,0.02
25128,967.84,58681.8,0.79,0.02
25129,1038.19,63362.1,0.74,0.02
25130,910.01,51275.3,0.78,0.02
25131,872.35,48433.1,0.8,0.02
25132,876.43,47723.8,0.78,0.02
25133,629.41,12064.8,0.38,0.05
25134,936,46899.2,0.67,0.02
25135,945.48,39447.2,0.55,0.02
25136,865.26,37846.7,0.63,0.02
25137,848.75,36845,0.64,0.02
25138,842.85,37153,0.66,0.02
25139,731.05,27601.7,0.65,0.03
25140,926.1,47000.8,0.69,0.02
25141,901.06,42413.1,0.66,0.02
25142,1430.85,127930,0.78,0.01
25143,1492.35,144108,0.81,0.01
25144,432.35,7805.85,0.52,0.06
25145,1594.49,127492,0.63,0.01
25146,1204.68,55467.5,0.48,0.02
25147,552.03,19669.2,0.81,0.03
25148,535.55,17799.8,0.78,0.03
25149,660.82,24671.4,0.71,0.03
25150,1258.04,91530.4,0.73,0.01
25151,1980.39,236351,0.76,0.01
25152,770.51,9301.89,0.2,0.08
25153,832.88,22295.1,0.4,0.04
25154,2939,319227,0.46,0.01
25155,545.06,16759.7,0.71,0.03
25156,207.24,2154.21,0.63,0.1
25157,201.97,1771.04,0.55,0.11
25158,605.58,7785.25,0.27,0.08
25159,173.79,1813.44,0.75,0.1
25160,114.2,264.62,0.25,0.43
25161,67.35,254.78,0.71,0.26
25162,60.03,220.8,0.77,0.27
25163,131.12,829.55,0.61,0.16
25164,117.9,811.19,0.73,0.15
25165,39.69,76.57,0.61,0.52
25166,346.46,3289.01,0.34,0.11
25167,78.49,187.85,0.38,0.42
25168,238.59,733.1,0.16,0.33
25169,2556.1,369466,0.71,0.01
25170,547.93,5851.38,0.24,0.09
25171,1139.58,75687.3,0.73,0.02
25172,530.36,3964.68,0.18,0.13
25173,1198.18,84308.7,0.74,0.01
25174,1444.07,115754,0.7,0.01
25175,1125.83,75167.1,0.74,0.01
25176,1576.32,154429,0.78,0.01
25177,1885.75,224018,0.79,0.01
25178,1479.57,113679,0.65,0.01
25179,816.14,2236.16,0.04,0.36
25180,1091.69,56868.9,0.6,0.02
25181,984.76,8538.15,0.11,0.12
25182,1674.55,156310,0.7,0.01
25183,1279.14,92920.3,0.71,0.01
25184,1603.43,159705,0.78,0.01
25185,1573.21,147231,0.75,0.01
25186,1306.24,102733,0.76,0.01
25187,1489.52,122525,0.69,0.01
25188,1213.56,27726.4,0.24,0.04
25189,520.7,11777,0.55,0.04
25190,424.46,7872.94,0.55,0.05
25191,303.11,4953.47,0.68,0.06
25192,433.6,8035.32,0.54,0.05
25193,305.03,4653.16,0.63,0.07
25194,1113.52,73779.2,0.75,0.02
25195,2223.97,272544,0.69,0.01
25196,511.49,6033.71,0.29,0.08
25197,982.38,60007.6,0.78,0.02
25198,1166.02,82508.4,0.76,0.01
25199,922.62,51012.7,0.75,0.02
25200,1457.53,124784,0.74,0.01
25201,2692.08,406181,0.7,0.01
25202,3560.34,623630,0.62,0.01
25203,470.01,13709.3,0.78,0.03
25204,2431.16,349520,0.74,0.01
25205,9111.38,2644000,0.4,0
25206,2228.46,275729,0.7,0.01
25207,1266.66,98657,0.77,0.01
25208,1319.11,105889,0.76,0.01
25209,1488.51,101666,0.58,0.01
25210,3329.75,505017,0.57,0.01
25211,1831.15,196118,0.73,0.01
25212,939.65,51678.2,0.74,0.02
25213,720.75,29203.2,0.71,0.02
25214,726.82,32681.8,0.78,0.02
25215,830.19,43405.3,0.79,0.02
25216,1072.89,62216,0.68,0.02
25217,999.07,50719.4,0.64,0.02
25218,1274.08,68908.4,0.53,0.02
25219,1162.75,75334.3,0.7,0.02
25220,920.39,52217.8,0.77,0.02
25221,973.86,55314.3,0.73,0.02
25222,529.18,17363.4,0.78,0.03
25223,35.29,65.36,0.66,0.54
25224,194.25,1778.79,0.59,0.11
25225,669.31,9003.81,0.25,0.07
25226,399.26,1485.34,0.12,0.27
25227,1129.09,72428.9,0.71,0.02
25228,1670.56,159275,0.72,0.01
25229,1067.25,71015.5,0.78,0.02
25230,1753.56,146690,0.6,0.01
25231,1205.98,85347.9,0.74,0.01
25232,1579.57,156544,0.79,0.01
25233,1257.71,94033.6,0.75,0.01
25234,1408.7,123465,0.78,0.01
25235,294.78,3916.64,0.57,0.08
25236,143.66,692.46,0.42,0.21
25237,2346.84,192440,0.44,0.01
25238,2459.52,268109,0.56,0.01
25239,2393.61,200223,0.44,0.01
25240,572.46,7802.62,0.3,0.07
25241,1209.59,87305.5,0.75,0.01
25242,575.72,7812.39,0.3,0.07
25243,2747.85,397924,0.66,0.01
25244,990.63,61252.4,0.78,0.02
25245,100.2,448.27,0.56,0.22
25246,47.55,115.91,0.64,0.41
25247,1887.2,196045,0.69,0.01
25248,1734.29,160423,0.67,0.01
25249,32.57,57.05,0.68,0.57
25250,1587.89,157795,0.79,0.01
25251,1521.44,135508,0.74,0.01
25252,2492.73,335348,0.68,0.01
25253,1313.01,107565,0.78,0.01
25254,1320.04,107240,0.77,0.01
25255,597.37,20445.8,0.72,0.03
25256,573.92,19350.1,0.74,0.03
25257,673.27,5678.22,0.16,0.12
25258,1307.77,102809,0.76,0.01
25259,1127.16,79107.4,0.78,0.01
25260,1541.7,148066,0.78,0.01
25261,1354.13,112506,0.77,0.01
25262,1129.43,79565.2,0.78,0.01
25263,1173.04,88315.7,0.81,0.01
25264,1188.28,78142,0.7,0.02
25265,1520.84,144042,0.78,0.01
25266,1563.79,153038,0.79,0.01
25267,2277.47,295993,0.72,0.01
25268,1011.1,61611.8,0.76,0.02
25269,1464.49,133359,0.78,0.01
25270,1315.81,109843,0.8,0.01
25271,976.9,56638.4,0.75,0.02
25272,2244.66,283096,0.71,0.01
25273,407.47,6532.52,0.49,0.06
25274,799.65,38527.8,0.76,0.02
25275,1408.06,124029,0.79,0.01
25276,1386.02,114028,0.75,0.01
25277,1379.14,100621,0.66,0.01
25278,931.71,53279.1,0.77,0.02
25279,973.41,57858.2,0.77,0.02
25280,1082.4,62624,0.67,0.02
25281,1299.74,98789.4,0.73,0.01
25282,835.83,43376.2,0.78,0.02
25283,899.54,49904.5,0.77,0.02
25284,768.06,35527.8,0.76,0.02
25285,829.16,39010.7,0.71,0.02
25286,872.8,46336.9,0.76,0.02
25287,1174.42,89217.5,0.81,0.01
25288,889.75,48244.5,0.77,0.02
25289,1201.91,88121.7,0.77,0.01
25290,1001.57,64097.1,0.8,0.02
25291,1235.73,93986.8,0.77,0.01
25292,1925.2,229475,0.78,0.01
25293,1902.63,225750,0.78,0.01
25294,1902.66,230172,0.8,0.01
25295,1644.41,141651,0.66,0.01
25296,3548.83,635324,0.63,0.01
25297,238.26,2394.66,0.53,0.1
25298,268.21,3483.42,0.61,0.08
25299,282.98,3965.55,0.62,0.07
25300,424,11308.4,0.79,0.04
25301,2933.59,424810,0.62,0.01
25302,577.67,8547.93,0.32,0.07
25303,316.73,6016.6,0.75,0.05
25304,488.17,14306.3,0.75,0.03
25305,253.04,3403.53,0.67,0.07
25306,329.58,6556.7,0.76,0.05
25307,402.49,8526.78,0.66,0.05
25308,559.87,14906.3,0.6,0.04
25309,777.07,37692.3,0.78,0.02
25310,1367.18,112607,0.76,0.01
25311,2492.14,327603,0.66,0.01
25312,1162.93,49532.2,0.46,0.02
25313,572.96,18937,0.72,0.03
25314,1878.62,209027,0.74,0.01
25315,744.68,31478.8,0.71,0.02
25316,4911.08,1115300,0.58,0
25317,815,38159.1,0.72,0.02
25318,500.18,15493.6,0.78,0.03
25319,390.1,7433.09,0.61,0.05
25320,547.16,17980.8,0.75,0.03
25321,653.52,23094.5,0.68,0.03
25322,479.18,13372.5,0.73,0.04
25323,2521.29,371535,0.73,0.01
25324,2810.24,458826,0.73,0.01
25325,4082.36,927636,0.7,0
25326,2846.18,280189,0.43,0.01
25327,406.68,10238,0.78,0.04
25328,1059.33,54856.8,0.61,0.02
25329,694.16,26510.9,0.69,0.03
25330,575.33,10135.8,0.38,0.06
25331,818.04,40263.6,0.76,0.02
25332,2444.56,336603,0.71,0.01
25333,2328.65,90463.3,0.21,0.03
25334,2608.61,342553,0.63,0.01
25335,606.72,19866.7,0.68,0.03
25336,648.97,20553.1,0.61,0.03
25337,772.93,28807.9,0.61,0.03
25338,779.03,30831.7,0.64,0.03
25339,1369.1,50441.7,0.34,0.03
25340,2169.98,287785,0.77,0.01
25341,1979.72,139144,0.45,0.01
25342,4955.65,1229960,0.63,0
25343,1479.59,97248.6,0.56,0.02
25344,2082.62,189669,0.55,0.01
25345,712.99,31458,0.78,0.02
25346,710.35,31612.6,0.79,0.02
25347,3633.35,654540,0.62,0.01
25348,541.59,14366.7,0.62,0.04
25349,2577.15,69812.3,0.13,0.04
25350,4417.19,721917,0.46,0.01
25351,2645.41,335782,0.6,0.01
25352,4726.47,737938,0.41,0.01
25353,1489.33,130309,0.74,0.01
25354,631.23,22039.8,0.69,0.03
25355,218.35,2634.14,0.69,0.08
25356,528.75,16867.8,0.76,0.03
25357,1954.42,72120.7,0.24,0.03
25358,542.78,19044.8,0.81,0.03
25359,1505.89,144206,0.8,0.01
25360,998.43,51844.7,0.65,0.02
25361,1288.59,103777,0.78,0.01
25362,1303.5,99134.5,0.73,0.01
25363,1036.44,54591.6,0.64,0.02
25364,1529.5,127985,0.69,0.01
25365,1428.2,126258,0.78,0.01
25366,1141.13,78792.7,0.76,0.01
25367,927.73,45936,0.67,0.02
25368,1489.73,141610,0.8,0.01
25369,2066.49,273822,0.81,0.01
25370,2340.12,318143,0.73,0.01
25371,66.11,186.06,0.53,0.36
25372,1363.43,116875,0.79,0.01
25373,1208.43,93193.5,0.8,0.01
25374,829.53,37774.8,0.69,0.02
25375,2162.22,289173,0.78,0.01
25376,1579.42,133522,0.67,0.01
25377,2012,247017,0.77,0.01
25378,1085.79,70597.4,0.75,0.02
25379,1694.9,142254,0.62,0.01
25380,1432.58,111781,0.68,0.01
25381,1034.35,67989.8,0.8,0.02
25382,1245.01,100579,0.81,0.01
25383,1617.45,152684,0.73,0.01
25384,1038.2,61877.9,0.72,0.02
25385,1405.34,123143,0.78,0.01
25386,1973.43,195093,0.63,0.01
25387,1445.63,129537,0.78,0.01
25388,1616.88,143477,0.69,0.01
25389,293.95,2260.9,0.33,0.13
25390,496.67,4364.61,0.22,0.11
25391,1283.3,98162.6,0.75,0.01
25392,1581.85,140152,0.7,0.01
25393,1554.31,131654,0.68,0.01
25394,3302.75,110674,0.13,0.03
25395,568,4752.98,0.19,0.12
25396,1506.84,136385,0.75,0.01
25397,1405.7,123923,0.79,0.01
25398,5085.34,920651,0.45,0.01
25399,1403.8,124930,0.8,0.01
25400,1128.55,64618,0.64,0.02
25401,1116.02,68884.7,0.69,0.02
25402,570.89,10960,0.42,0.05
25403,1732.85,163370,0.68,0.01
25404,1152.5,28700.8,0.27,0.04
25405,877.2,42199.9,0.69,0.02
25406,893.02,43131.5,0.68,0.02
25407,1145.38,22091.8,0.21,0.05
25408,329.34,4300.6,0.5,0.08
25409,657.38,13167.1,0.38,0.05
25410,1770.34,191820,0.77,0.01
25411,1388.91,115707,0.75,0.01
25412,1985.55,184087,0.59,0.01
25413,1646.1,129906,0.6,0.01
25414,1354.85,113686,0.78,0.01
25415,2714.15,357424,0.61,0.01
25416,2177.18,213147,0.56,0.01
25417,1833.71,214710,0.8,0.01
25418,1682.94,176376,0.78,0.01
25419,1321.65,105736,0.76,0.01
25420,1351.79,110342,0.76,0.01
25421,1354.81,110313,0.75,0.01
25422,2029.9,201790,0.62,0.01
25423,2130.61,232506,0.64,0.01
25424,1534.47,148117,0.79,0.01
25425,1421.05,123267,0.77,0.01
25426,1331.64,107914,0.76,0.01
25427,1429.37,126411,0.78,0.01
25428,1573.86,154407,0.78,0.01
25429,3837.34,945015,0.81,0
25430,2277.43,289105,0.7,0.01
25431,3954.86,527938,0.42,0.01
25432,1582.07,74822.9,0.38,0.02
25433,287.88,4291.57,0.65,0.07
25434,556.3,11974.2,0.49,0.05
25435,282.92,4978.04,0.78,0.06
25436,278.35,4829.48,0.78,0.06
25437,324.32,4901.75,0.59,0.07
25438,1153.38,73751.2,0.7,0.02
25439,1179.03,76401.7,0.69,0.02
25440,1455.75,127668,0.76,0.01
25441,1494.4,138204,0.78,0.01
25442,2023.4,219110,0.67,0.01
25443,1897.63,217552,0.76,0.01
25444,1415.17,118699,0.74,0.01
25445,1453.98,124318,0.74,0.01
25446,1432.21,52591.8,0.32,0.03
25447,1395.5,55581.8,0.36,0.03
25448,1364.68,65848.4,0.44,0.02
25449,1287.15,57184.7,0.43,0.02
25450,2256.06,259136,0.64,0.01
25451,1423.87,125818,0.78,0.01
25452,1407.21,121348,0.77,0.01
25453,1482.34,133733,0.76,0.01
25454,1465.29,132509,0.78,0.01
25455,1168.49,37294.8,0.34,0.03
25456,984.51,20069,0.26,0.05
25457,677.31,27650,0.76,0.02
25458,433.04,12003.6,0.8,0.04
25459,1147.68,81334.3,0.78,0.01
25460,1278.07,96875.3,0.74,0.01
25461,1864.62,103331,0.37,0.02
25462,2083.3,233444,0.68,0.01
25463,1086.69,24774.8,0.26,0.04
25464,1106.55,31869.8,0.33,0.03
25465,714.1,7324.74,0.18,0.1
25466,278.99,4496.37,0.73,0.06
25467,663.41,8609.69,0.25,0.08
25468,400.79,7643.48,0.6,0.05
25469,643.24,18297.8,0.56,0.04
25470,601.12,17596.4,0.61,0.03
25471,271.84,3185.8,0.54,0.09
25472,213.22,1365.29,0.38,0.16
25473,30.34,55.05,0.75,0.55
25474,31.51,59.39,0.75,0.53
25475,282.95,3815.46,0.6,0.07
25476,1127.83,68380.7,0.68,0.02
25477,1220.35,11712.7,0.1,0.1
25478,3519.59,412660,0.42,0.01
25479,1392.4,98642.3,0.64,0.01
25480,1343.27,112842,0.79,0.01
25481,2483.31,287807,0.59,0.01
25482,1033.94,48861.6,0.57,0.02
25483,828.47,37915.6,0.69,0.02
25484,935.85,46559.5,0.67,0.02
25485,1940.24,122047,0.41,0.02
25486,1944.38,134117,0.45,0.01
25487,2681.03,401870,0.7,0.01
25488,2815.99,371295,0.59,0.01
25489,1644.75,144194,0.67,0.01
25490,1661.29,159956,0.73,0.01
25491,2110.66,286428,0.81,0.01
25492,1996.81,244793,0.77,0.01
25493,1599.07,146875,0.72,0.01
25494,1464.76,113321,0.66,0.01
25495,1538.53,105307,0.56,0.01
25496,1825.7,200488,0.76,0.01
25497,2314.82,318415,0.75,0.01
25498,2491.8,403249,0.82,0.01
25499,39.23,48.06,0.39,0.82
25500,1141.7,69394.3,0.67,0.02
25501,1408.8,123960,0.78,0.01
25502,1447.52,130300,0.78,0.01
25503,1071.31,67216.1,0.74,0.02
25504,1028.6,65879.3,0.78,0.02
25505,1044.01,67319.4,0.78,0.02
25506,972.92,57978.6,0.77,0.02
25507,1124.66,79024.7,0.78,0.01
25508,1104.9,76069.9,0.78,0.01
25509,977.52,59391.8,0.78,0.02
25510,1434.37,61243.5,0.37,0.02
25511,1540,52437.2,0.28,0.03
25512,1560.97,83326.8,0.43,0.02
25513,1634.77,73985,0.35,0.02
25514,1667.52,68202.1,0.31,0.02
25515,1274.47,99971.3,0.77,0.01
25516,1121.63,78028,0.78,0.01
25517,1863.77,209049,0.76,0.01
25518,816.43,34029.5,0.64,0.02
25519,499.37,14231.6,0.72,0.04
25520,440.57,9004.74,0.58,0.05
25521,353.41,7105.21,0.71,0.05
25522,5409.32,1034890,0.44,0.01
25523,603.17,22823.9,0.79,0.03
25524,996.45,61418.7,0.78,0.02
25525,599.97,12662.2,0.44,0.05
25526,677.86,24449.3,0.67,0.03
25527,530.04,7435.99,0.33,0.07
25528,528.43,7544.65,0.34,0.07
25529,2740.36,407327,0.68,0.01
25530,540.82,18242.9,0.78,0.03
25531,291.98,4066.36,0.6,0.07
25532,434.37,11967.6,0.8,0.04
25533,837.47,36395.5,0.65,0.02
25534,626.05,18812,0.6,0.03
25535,560.21,7247.5,0.29,0.08
25536,4137.71,1009300,0.74,0
25537,2453.42,272645,0.57,0.01
25538,1046.21,65923,0.76,0.02
25539,6087.17,2186980,0.74,0
25540,2921.27,403680,0.59,0.01
25541,2656,370320,0.66,0.01
25542,78.97,152.67,0.31,0.52
25543,108.35,404.28,0.43,0.27
25544,120.68,502.6,0.43,0.24
25545,197.73,468.63,0.15,0.42
25546,412.6,1793.3,0.13,0.23
25547,5511.39,1957700,0.81,0
25548,2965.94,528837,0.76,0.01
25549,54.77,136.8,0.57,0.4
25550,464.83,2522.17,0.15,0.18
25551,442.07,2975.96,0.19,0.15
25552,1523.98,148566,0.8,0.01
25553,1304.53,101890,0.75,0.01
25554,8906.62,4986380,0.79,0
25555,3633.93,631596,0.6,0.01
25556,4091.44,925264,0.69,0
25557,1230.43,90560.6,0.75,0.01
25558,1442.25,129893,0.78,0.01
25559,3122.59,588182,0.76,0.01
25560,1124.96,78250.4,0.78,0.01
25561,1339.14,111796,0.78,0.01
25562,1592.73,154058,0.76,0.01
25563,2188.51,289098,0.76,0.01
25564,2758.77,464497,0.77,0.01
25565,5370.42,1661720,0.72,0
25566,1434.65,84368.8,0.51,0.02
25567,704.86,18265.9,0.46,0.04
25568,2360.75,301962,0.68,0.01
25569,1679.13,173777,0.77,0.01
25570,1451.5,124611,0.74,0.01
25571,1466.8,125868,0.73,0.01
25572,1146.49,70842.6,0.68,0.02
25573,6582.56,2054350,0.6,0
25574,1601.77,149502,0.73,0.01
25575,5984.38,1522340,0.53,0
25576,1246.62,93883.6,0.76,0.01
25577,1318.42,106663,0.77,0.01
25578,2033.15,244638,0.74,0.01
25579,1185.31,87718.3,0.78,0.01
25580,1460.82,129636,0.76,0.01
25581,1233.09,96759.1,0.8,0.01
25582,1157.05,83266,0.78,0.01
25583,1602.05,160413,0.79,0.01
25584,1288.81,100767,0.76,0.01
25585,1266.29,93822.2,0.73,0.01
25586,507.31,14019.6,0.68,0.04
25587,1376.04,113393,0.75,0.01
25588,1221.83,19932.9,0.17,0.06
25589,67.7,101.2,0.28,0.67
25590,1329.78,105312,0.75,0.01
25591,129.49,804.62,0.6,0.16
25592,838.77,37141.8,0.66,0.02
25593,1842.7,205888,0.76,0.01
25594,269.71,4492.9,0.78,0.06
25595,867.16,35661.2,0.6,0.02
25596,1646.39,90033.9,0.42,0.02
25597,1666.09,98572,0.45,0.02
25598,1475.3,142403,0.82,0.01
25599,2261.6,196164,0.48,0.01
25600,3344,156301,0.18,0.02
25601,58.03,208.73,0.78,0.28
25602,891.67,19185.4,0.3,0.05
25603,620.15,19927.9,0.65,0.03
25604,1671.87,139402,0.63,0.01
25605,1408.74,104682,0.66,0.01
25606,845.13,24110,0.42,0.04
25607,632.94,19016.2,0.6,0.03
25608,584.99,17191,0.63,0.03
25609,268.19,2621.01,0.46,0.1
25610,1670.53,171960,0.77,0.01
25611,903.42,7820.56,0.12,0.12
25612,1426.88,67055.8,0.41,0.02
25613,1645.15,74175.7,0.34,0.02
25614,400.68,996.98,0.08,0.4
25615,1061.04,62061.5,0.69,0.02
25616,1107.8,8656.06,0.09,0.13
25617,1109.3,9351.02,0.1,0.12
25618,1977.21,227746,0.73,0.01
25619,1772.83,192484,0.77,0.01
25620,944.5,54732.4,0.77,0.02
25621,1216.16,92347.1,0.78,0.01
25622,1467.53,134468,0.78,0.01
25623,977.65,59816.3,0.79,0.02
25624,1498,136250,0.76,0.01
25625,1290.61,101605,0.77,0.01
25626,1791.61,196682,0.77,0.01
25627,1212.42,91661,0.78,0.01
25628,1241.65,96691.2,0.79,0.01
25629,1492.72,136667,0.77,0.01
25630,1293.54,104976,0.79,0.01
25631,1439.93,133564,0.81,0.01
25632,1290.85,89620.4,0.68,0.01
25633,1166.71,76464.6,0.71,0.02
25634,1281.62,103253,0.79,0.01
25635,1386.12,118172,0.77,0.01
25636,619.78,25755.5,0.84,0.02
25637,5510.95,1052050,0.44,0.01
25638,1272.49,78826,0.61,0.02
25639,1241.1,87519.5,0.71,0.01
25640,2757.46,473238,0.78,0.01
25641,2538.52,292115,0.57,0.01
25642,676.04,25974.6,0.71,0.03
25643,505.75,15843.2,0.78,0.03
25644,4609.39,1294890,0.77,0
25645,3424.95,704160,0.75,0
25646,1426.1,108528,0.67,0.01
25647,1005.78,57565.4,0.71,0.02
25648,1012.24,60788.3,0.75,0.02
25649,698.4,29985.6,0.77,0.02
25650,3134.32,434888,0.56,0.01
25651,2029.01,241335,0.74,0.01
25652,1313.07,57966.6,0.42,0.02
25653,1411.81,61300.3,0.39,0.02
25654,1478.36,46978.7,0.27,0.03
25655,2411.09,159941,0.35,0.02
25656,751.33,30224,0.67,0.02
25657,767.01,37675.4,0.8,0.02
25658,660.03,19126.5,0.55,0.03
25659,1678.83,92215.4,0.41,0.02
25660,1075.65,50779.6,0.55,0.02
25661,1280.02,79355.8,0.61,0.02
25662,1371.99,113407,0.76,0.01
25663,1452.51,131609,0.78,0.01
25664,943.36,55203.7,0.78,0.02
25665,1506.14,56396,0.31,0.03
25666,972.33,44728.1,0.59,0.02
25667,1584.68,73104.9,0.37,0.02
25668,1932.49,216802,0.73,0.01
25669,342.66,8216.13,0.88,0.04
25670,886.17,49825,0.8,0.02
25671,42.51,81.78,0.57,0.52
25672,881.9,48752.2,0.79,0.02
25673,956.74,56558.7,0.78,0.02
25674,877.46,46564.2,0.76,0.02
25675,894.97,48150.1,0.76,0.02
25676,865.85,44833.8,0.75,0.02
25677,871.69,45727.1,0.76,0.02
25678,1340.92,110695,0.77,0.01
25679,1894.42,205761,0.72,0.01
25680,799.82,39091.8,0.77,0.02
25681,801.29,38659.2,0.76,0.02
25682,1210.38,78930.9,0.68,0.02
25683,831.01,42404.9,0.77,0.02
25684,911.46,50072,0.76,0.02
25685,1303.7,66293.7,0.49,0.02
25686,555.18,14467,0.59,0.04
25687,939.94,54396.3,0.77,0.02
25688,1295.48,101318,0.76,0.01
25689,1392.41,111961,0.73,0.01
25690,2232.43,236828,0.6,0.01
25691,1500.3,134534,0.75,0.01
25692,830.45,40074.2,0.73,0.02
25693,1099.48,49436.9,0.51,0.02
25694,877.86,44719.7,0.73,0.02
25695,1324.86,100629,0.72,0.01
25696,1162.57,73011.8,0.68,0.02
25697,947.02,50383.7,0.71,0.02
25698,1146.03,76631.7,0.73,0.01
25699,1719.21,153286,0.65,0.01
25700,1068.16,70401.6,0.77,0.02
25701,917.25,50754.3,0.76,0.02
25702,1427.56,125783,0.78,0.01
25703,392.38,3601.03,0.29,0.11
25704,76.64,296.06,0.63,0.26
25705,867.95,46232.3,0.77,0.02
25706,164.12,907.07,0.42,0.18
25707,896.51,48586.7,0.76,0.02
25708,1001.49,59412.7,0.74,0.02
25709,1175.95,85521.7,0.78,0.01
25710,1122.15,78188.9,0.78,0.01
25711,1946.12,41207.3,0.14,0.05
25712,519.09,7686.63,0.36,0.07
25713,113.87,690.45,0.67,0.16
25714,788.73,30169.3,0.61,0.03
25715,280.01,2780.23,0.45,0.1
25716,256.27,3783.74,0.72,0.07
25717,327.2,6384.13,0.75,0.05
25718,239.41,2916.69,0.64,0.08
25719,472.64,4873.79,0.27,0.1
25720,332.41,4496.75,0.51,0.07
25721,974.51,58767,0.78,0.02
25722,945.05,54524.2,0.77,0.02
25723,984.57,58944.1,0.76,0.02
25724,625.7,3860.32,0.12,0.16
25725,74.65,170.99,0.39,0.44
25726,414.36,6254.73,0.46,0.07
25727,173.54,1811.84,0.76,0.1
25728,420.63,6494.42,0.46,0.06
25729,164.44,1689.42,0.78,0.1
25730,472.96,5404.28,0.3,0.09
25731,323.8,6574.63,0.79,0.05
25732,2701.03,92151.6,0.16,0.03
25733,461.44,9102.91,0.54,0.05
25734,307.28,4041.26,0.54,0.08
25735,250.91,1947.41,0.39,0.13
25736,464.95,11840.8,0.69,0.04
25737,672.95,17662.1,0.49,0.04
25738,857.35,37374.7,0.64,0.02
25739,732.2,32549.7,0.76,0.02
25740,518.45,8468.25,0.4,0.06
25741,308.44,6132.33,0.81,0.05
25742,296.38,5831.99,0.83,0.05
25743,94.33,476.17,0.67,0.2
25744,340.32,6250.17,0.68,0.05
25745,60.33,286.98,0.99,0.21
25746,243.04,3608.79,0.77,0.07
25747,203.24,2276.49,0.69,0.09
25748,2728.19,472948,0.8,0.01
25749,1209.24,71486.6,0.61,0.02
25750,2847.37,435924,0.68,0.01
25751,2323.74,254785,0.59,0.01
25752,1440.98,120477,0.73,0.01
25753,998.94,63609.1,0.8,0.02
25754,1006.55,59851.9,0.74,0.02
25755,996.63,60873.7,0.77,0.02
25756,927.66,44779.2,0.65,0.02
25757,1104.09,72847.4,0.75,0.02
25758,1096.52,74801.8,0.78,0.01
25759,1063.98,70949.6,0.79,0.01
25760,1291.57,84539.2,0.64,0.02
25761,1091.88,71080.6,0.75,0.02
25762,1851.33,170195,0.62,0.01
25763,1120.88,78784.3,0.79,0.01
25764,1111.22,80377.5,0.82,0.01
25765,1022.3,60886.1,0.73,0.02
25766,1318.25,77382.6,0.56,0.02
25767,1191.86,86659.9,0.77,0.01
25768,1226.33,89239.4,0.75,0.01
25769,1162.62,70145.4,0.65,0.02
25770,1686.64,176033,0.78,0.01
25771,1368.32,114014,0.76,0.01
25772,1426.75,125136,0.77,0.01
25773,606.31,15506.8,0.53,0.04
25774,163.65,1381.14,0.65,0.12
25775,911.01,46046.4,0.7,0.02
25776,332.32,5187.11,0.59,0.06
25777,420.88,11702.1,0.83,0.04
25778,226.28,3203.82,0.79,0.07
25779,1318.99,99628.7,0.72,0.01
25780,909.96,44342,0.67,0.02
25781,1378.55,92363.8,0.61,0.01
25782,1018.73,52773.4,0.64,0.02
25783,1227.94,81132.3,0.68,0.02
25784,1300.17,103977,0.77,0.01
25785,1176.15,86070.3,0.78,0.01
25786,1218.48,87649.1,0.74,0.01
25787,1710.25,181128,0.78,0.01
25788,1454.06,129982,0.77,0.01
25789,1298.99,102046,0.76,0.01
25790,1043.62,68228.9,0.79,0.02
25791,1390.04,100285,0.65,0.01
25792,96.89,406.27,0.54,0.24
25793,1460.98,120217,0.71,0.01
25794,1108.93,76216.2,0.78,0.01
25795,403.7,9456.13,0.73,0.04
25796,6472.9,508047,0.15,0.01
25797,275.28,4432.41,0.73,0.06
25798,814.89,39812,0.75,0.02
25799,1359.07,106879,0.73,0.01
25800,1528.91,144251,0.78,0.01
25801,1770.4,188978,0.76,0.01
25802,1347.65,108541,0.75,0.01
25803,1338.85,102298,0.72,0.01
25804,1508.02,135321,0.75,0.01
25805,1240.51,93522.9,0.76,0.01
25806,1205.26,83836.5,0.72,0.01
25807,1156.38,60117.4,0.56,0.02
25808,865.33,41790.9,0.7,0.02
25809,786.53,33931.3,0.69,0.02
25810,1254.87,96511.4,0.77,0.01
25811,1656.06,151385,0.69,0.01
25812,1897.57,201598,0.7,0.01
25813,1529.99,141720,0.76,0.01
25814,1187.11,80626.4,0.72,0.01
25815,1229.29,64030.3,0.53,0.02
25816,1528.43,142891,0.77,0.01
25817,1837.55,183696,0.68,0.01
25818,464.33,13166.1,0.77,0.04
25819,533.02,16954.1,0.75,0.03
25820,593.15,21114.3,0.75,0.03
25821,1581.81,140028,0.7,0.01
25822,2209.91,268715,0.69,0.01
25823,1883.28,132974,0.47,0.01
25824,1806.48,187379,0.72,0.01
25825,1309,105155,0.77,0.01
25826,734.32,30663.9,0.71,0.02
25827,1616.57,148979,0.72,0.01
25828,1582.88,126223,0.63,0.01
25829,1702.76,140145,0.61,0.01
25830,1393.59,120114,0.78,0.01
25831,955.75,53418.1,0.73,0.02
25832,693.64,30688.5,0.8,0.02
25833,665.16,27589.6,0.78,0.02
25834,870.49,43195.3,0.72,0.02
25835,967.37,53625.8,0.72,0.02
25836,636.35,24593.4,0.76,0.03
25837,759.16,32704.6,0.71,0.02
25838,1731.79,174523,0.73,0.01
25839,1387.05,110067,0.72,0.01
25840,697.7,30368.7,0.78,0.02
25841,699.07,30532.5,0.78,0.02
25842,700.61,30148.8,0.77,0.02
25843,679.62,27863.8,0.76,0.02
25844,1105.18,76229.4,0.78,0.01
25845,1136.25,80007.3,0.78,0.01
25846,441.27,6188.86,0.4,0.07
25847,1111.24,69054.1,0.7,0.02
25848,891.54,47726.4,0.75,0.02
25849,1338.52,111352,0.78,0.01
25850,1200.87,72825.9,0.63,0.02
25851,969.62,58525,0.78,0.02
25852,1147.75,75794.9,0.72,0.02
25853,1256.06,82225.1,0.65,0.02
25854,1014.6,62065.7,0.76,0.02
25855,1495.64,136709,0.77,0.01
25856,306.9,5766.07,0.77,0.05
25857,2025.88,253706,0.78,0.01
25858,1000.77,62079.5,0.78,0.02
25859,970.52,58807.5,0.78,0.02
25860,1390.53,104139,0.68,0.01
25861,2064.46,262559,0.77,0.01
25862,1612.34,162009,0.78,0.01
25863,1410.35,102515,0.65,0.01
25864,1404.69,100660,0.64,0.01
25865,1520.9,139422,0.76,0.01
25866,1387.24,102601,0.67,0.01
25867,865.9,48785,0.82,0.02
25868,883.58,48811.6,0.79,0.02
25869,741.22,34630.9,0.79,0.02
25870,681.15,26468.3,0.72,0.03
25871,753.46,35293,0.78,0.02
25872,727.61,33676.1,0.8,0.02
25873,1346.26,111338,0.77,0.01
25874,1431.64,127382,0.78,0.01
25875,1344.49,111029,0.77,0.01
25876,1479.36,136640,0.78,0.01
25877,1511.46,143499,0.79,0.01
25878,699.65,30920.6,0.79,0.02
25879,1419.82,124471,0.78,0.01
25880,1429.14,123809,0.76,0.01
25881,2755.53,475621,0.79,0.01
25882,1400.69,120036,0.77,0.01
25883,1393.19,118456,0.77,0.01
25884,1533.44,147116,0.79,0.01
25885,1554.57,149515,0.78,0.01
25886,1524.32,144423,0.78,0.01
25887,1551.31,150447,0.79,0.01
25888,1538.23,146702,0.78,0.01
25889,1555.54,151115,0.78,0.01
25890,1551.21,148957,0.78,0.01
25891,1524.33,144990,0.78,0.01
25892,1397.83,119108,0.77,0.01
25893,1364.69,113566,0.77,0.01
25894,1448.51,129860,0.78,0.01
25895,1437.17,124591,0.76,0.01
25896,1854.95,206472,0.75,0.01
25897,1714.62,183438,0.78,0.01
25898,1531.89,144663,0.77,0.01
25899,1440.7,128591,0.78,0.01
25900,1363.76,116233,0.78,0.01
25901,1409.16,123430,0.78,0.01
25902,1434.3,127910,0.78,0.01
25903,1545.02,148451,0.78,0.01
25904,1524.05,145114,0.78,0.01
25905,13.38,0.21,0.01,63.71
25906,1538.95,147803,0.78,0.01
25907,1522.73,144714,0.78,0.01
25908,1416.72,123101,0.77,0.01
25909,762.54,34552,0.75,0.02
25910,1691.01,162335,0.71,0.01
25911,1358.96,114529,0.78,0.01
25912,3562.09,530994,0.53,0.01
25913,1227.81,96626.8,0.81,0.01
25914,1540.26,147078,0.78,0.01
25915,1416.82,123269,0.77,0.01
25916,399.03,5207.48,0.41,0.08
25917,570.22,10478.4,0.4,0.05
25918,91.75,202.98,0.3,0.45
25919,425.41,4269.3,0.3,0.1
25920,533.19,6642.63,0.29,0.08
25921,397.56,4477.32,0.36,0.09
25922,731.61,33338.6,0.78,0.02
25923,727.3,32377,0.77,0.02
25924,592.36,19860.4,0.71,0.03
25925,1065.41,70966.6,0.79,0.02
25926,1000.48,60803.7,0.76,0.02
25927,1017.99,52046.3,0.63,0.02
25928,2002.07,132484,0.42,0.02
25929,1103.8,55631.7,0.57,0.02
25930,1528.1,132265,0.71,0.01
25931,1460.27,120917,0.71,0.01
25932,885.37,48405.6,0.78,0.02
25933,825.07,42439.4,0.78,0.02
25934,4139.31,726326,0.53,0.01
25935,3508.87,613592,0.63,0.01
25936,1239.86,96517.6,0.79,0.01
25937,859.18,17453,0.3,0.05
25938,800.14,40020,0.79,0.02
25939,135.14,530.83,0.37,0.25
25940,888.9,12047.8,0.19,0.07
25941,1164.26,87636.3,0.81,0.01
25942,668.15,28231.1,0.79,0.02
25943,92.28,183.95,0.27,0.5
25944,1017.97,18606.2,0.23,0.05
25945,1053.61,66082.2,0.75,0.02
25946,884.32,48610.4,0.78,0.02
25947,923.58,52019.1,0.77,0.02
25948,177.93,1434.9,0.57,0.12
25949,219.47,1233.6,0.32,0.18
25950,410.03,3987.59,0.3,0.1
25951,1268.38,55313.5,0.43,0.02
25952,1141.5,53382.9,0.51,0.02
25953,2006.1,117913,0.37,0.02
25954,167.23,887.62,0.4,0.19
25955,61.26,156.49,0.52,0.39
25956,986.11,60766.6,0.78,0.02
25957,731.31,33345.4,0.78,0.02
25958,1266.92,80452.9,0.63,0.02
25959,2005.79,195106,0.61,0.01
25960,1109.77,73512.5,0.75,0.02
25961,1123.57,73543.7,0.73,0.02
25962,1657.7,167313,0.76,0.01
25963,289.65,2262.44,0.34,0.13
25964,1049.17,70585.1,0.81,0.01
25965,1489.77,133773,0.76,0.01
25966,1436.48,127139,0.77,0.01
25967,1272.41,96158.7,0.75,0.01
25968,1891.91,121362,0.43,0.02
25969,545.8,16588.5,0.7,0.03
25970,592,15943.3,0.57,0.04
25971,431.52,8365.4,0.56,0.05
25972,507.35,15874,0.77,0.03
25973,1181.64,85923.1,0.77,0.01
25974,59.03,149.18,0.54,0.4
25975,1215.38,88442.8,0.75,0.01
25976,803.71,29798.4,0.58,0.03
25977,1395.5,115240,0.74,0.01
25978,795.34,29235.8,0.58,0.03
25979,960.45,56783.6,0.77,0.02
25980,907.2,50076,0.76,0.02
25981,792.75,36781.1,0.74,0.02
25982,312.43,2590.14,0.33,0.12
25983,1521.65,113225,0.61,0.01
25984,278.81,2743.55,0.44,0.1
25985,60.71,187.21,0.64,0.32
25986,2515.97,345317,0.69,0.01
25987,2391.87,295495,0.65,0.01
25988,1230.43,95081.9,0.79,0.01
25989,1609.72,153663,0.74,0.01
25990,1794.87,190027,0.74,0.01
25991,1170.18,83288.6,0.76,0.01
25992,1217.28,89186.4,0.76,0.01
25993,1261.93,97315.6,0.77,0.01
25994,1301.48,104574,0.78,0.01
25995,1211.59,89950.5,0.77,0.01
25996,2055.52,251334,0.75,0.01
25997,3216.17,529894,0.64,0.01
25998,1065.62,70010.8,0.77,0.02
25999,1533.9,147056,0.79,0.01
26000,390.71,6513.96,0.54,0.06
26001,139.91,481.05,0.31,0.29
26002,1260.97,84322.9,0.67,0.01
26003,625.94,24087.6,0.77,0.03
26004,909.47,51021,0.77,0.02
26005,1475.44,137458,0.79,0.01
26006,3594.6,626793,0.61,0.01
26007,1900.68,230726,0.8,0.01
26008,2284.91,321813,0.77,0.01
26009,1048.53,48367.5,0.55,0.02
26010,1736.16,179173,0.75,0.01
26011,1743.1,185997,0.77,0.01
26012,949.05,54698.4,0.76,0.02
26013,2174.33,226029,0.6,0.01
26014,406.57,11769.8,0.89,0.03
26015,63.26,189.73,0.6,0.33
26016,429.47,7626.85,0.52,0.06
26017,922.99,43398.7,0.64,0.02
26018,1211.34,59066.2,0.51,0.02
26019,959.42,49069.9,0.67,0.02
26020,730.01,23581.7,0.56,0.03
26021,1127.14,80799.8,0.8,0.01
26022,1214.71,90280.6,0.77,0.01
26023,1021.48,64344.2,0.77,0.02
26024,874.46,46642.3,0.77,0.02
26025,1818.85,184155,0.7,0.01
26026,1199.47,87815.3,0.77,0.01
26027,1243.27,93699.4,0.76,0.01
26028,754.3,34337.6,0.76,0.02
26029,896.76,47274.6,0.74,0.02
26030,954.06,59048.8,0.81,0.02
26031,1051.4,66159.5,0.75,0.02
26032,1270.07,94906.3,0.74,0.01
26033,1073.11,70329.8,0.77,0.02
26034,1202.03,90567.4,0.79,0.01
26035,1450.54,129376,0.77,0.01
26036,1308.87,81672.6,0.6,0.02
26037,1226.77,84245.3,0.7,0.01
26038,1885.99,218446,0.77,0.01
26039,1332.67,109454,0.77,0.01
26040,892,47422,0.75,0.02
26041,1420.06,63546.2,0.4,0.02
26042,1441.87,43523.8,0.26,0.03
26043,254.8,3911.03,0.76,0.07
26044,221.96,3047.11,0.78,0.07
26045,206.33,2653.78,0.78,0.08
26046,569.29,18787.1,0.73,0.03
26047,879.45,24655.6,0.4,0.04
26048,465,10317.7,0.6,0.05
26049,599.27,22191.6,0.78,0.03
26050,114.61,807.21,0.77,0.14
26051,1870.68,204590,0.73,0.01
26052,2296.36,198583,0.47,0.01
26053,958.41,39036,0.53,0.02
26054,1642.19,154837,0.72,0.01
26055,1281.22,61993.8,0.47,0.02
26056,1247.46,95723.5,0.77,0.01
26057,40.39,66.99,0.52,0.6
26058,1901.09,221405,0.77,0.01
26059,1305.5,99743.8,0.74,0.01
26060,936.53,52856,0.76,0.02
26061,998.43,57545.1,0.73,0.02
26062,865.99,33867.3,0.57,0.03
26063,360.88,7063.61,0.68,0.05
26064,261.3,4343.69,0.8,0.06
26065,596.62,18144.6,0.64,0.03
26066,1229.21,93588.3,0.78,0.01
26067,833.6,42782.6,0.77,0.02
26068,1448.5,104329,0.62,0.01
26069,1222.65,57109.2,0.48,0.02
26070,755.52,35576,0.78,0.02
26071,842,42073.1,0.75,0.02
26072,783.39,35561.3,0.73,0.02
26073,624.66,20978.4,0.68,0.03
26074,1349.58,111871,0.77,0.01
26075,1289.53,101118,0.76,0.01
26076,881.58,43456,0.7,0.02
26077,933.86,48449.3,0.7,0.02
26078,1248.4,92125,0.74,0.01
26079,1560.06,151311,0.78,0.01
26080,849.07,38661.2,0.67,0.02
26081,552.22,17474,0.72,0.03
26082,403.68,10532.9,0.81,0.04
26083,785.51,31842.6,0.65,0.02
26084,827.16,37815.1,0.69,0.02
26085,422.57,11772.1,0.83,0.04
26086,988.45,59331.9,0.76,0.02
26087,1019.75,61877.5,0.75,0.02
26088,936.67,51629.1,0.74,0.02
26089,976.92,56146.6,0.74,0.02
26090,1220.69,85317.3,0.72,0.01
26091,1551.93,148849,0.78,0.01
26092,2817.76,493747,0.78,0.01
26093,3043.7,564292,0.77,0.01
26094,1356.65,34384.2,0.23,0.04
26095,1601.57,110312,0.54,0.01
26096,1703.69,173958,0.75,0.01
26097,1825.06,177187,0.67,0.01
26098,1732.44,149346,0.62,0.01
26099,2265.42,209049,0.51,0.01
26100,1015.03,63731,0.78,0.02
26101,1100.91,75497.9,0.78,0.01
26102,1176.86,86492.1,0.78,0.01
26103,1169.78,87047.9,0.8,0.01
26104,853.15,45434.5,0.78,0.02
26105,871.38,47268.8,0.78,0.02
26106,138.53,668.77,0.44,0.21
26107,1357.62,124403,0.85,0.01
26108,1600.48,146692,0.72,0.01
26109,673.79,29242.1,0.81,0.02
26110,884.63,50645.1,0.81,0.02
26111,2680.88,366007,0.64,0.01
26112,2072.78,203747,0.6,0.01
26113,1816.57,201418,0.77,0.01
26114,1546.66,104985,0.55,0.01
26115,1169.62,84917.7,0.78,0.01
26116,1059.73,70989.5,0.79,0.01
26117,1488.52,135745,0.77,0.01
26118,734.31,5761.76,0.13,0.13
26119,1592.89,156414,0.77,0.01
26120,787.88,40504.9,0.82,0.02
26121,853.83,45344.6,0.78,0.02
26122,1625.12,144583,0.69,0.01
26123,1295.76,69652.1,0.52,0.02
26124,1511.49,131088,0.72,0.01
26125,1400.43,123143,0.79,0.01
26126,3011.62,522649,0.72,0.01
26127,395.41,1368.11,0.11,0.29
26128,997.84,53787.5,0.68,0.02
26129,744.83,34334.3,0.78,0.02
26130,1387.37,123409,0.81,0.01
26131,1212.28,85382,0.73,0.01
26132,1080.72,64010.2,0.69,0.02
26133,2602.04,213185,0.4,0.01
26134,1612.3,159536,0.77,0.01
26135,782.06,37943.3,0.78,0.02
26136,1256.75,92988.1,0.74,0.01
26137,1250.84,73060.8,0.59,0.02
26138,1133.11,74561.2,0.73,0.02
26139,1260.13,75470.8,0.6,0.02
26140,671.43,28149.7,0.78,0.02
26141,1417.07,122616,0.77,0.01
26142,19.28,7.36,0.25,2.62
26143,2177.83,239657,0.63,0.01
26144,1239.5,90928.4,0.74,0.01
26145,997.96,62164.8,0.78,0.02
26146,889.6,49366.8,0.78,0.02
26147,1026.96,65481.8,0.78,0.02
26148,1202.07,89081.8,0.77,0.01
26149,1905.82,217728,0.75,0.01
26150,1219.95,87774.4,0.74,0.01
26151,1173.8,82023.8,0.75,0.01
26152,1242.05,90525.8,0.74,0.01
26153,1208.08,91491.4,0.79,0.01
26154,856.33,41195.1,0.71,0.02
26155,964.75,53655.3,0.72,0.02
26156,365.55,3803.19,0.36,0.1
26157,68.64,205.49,0.55,0.33
26158,97.32,393.15,0.52,0.25
26159,648.2,15020.3,0.45,0.04
26160,266.59,1287.8,0.23,0.21
26161,47.2,119.09,0.67,0.4
26162,533.2,16262,0.72,0.03
26163,531.42,16362.7,0.73,0.03
26164,524.48,16309.2,0.74,0.03
26165,521.4,16042.8,0.74,0.03
26166,962.12,51068.6,0.69,0.02
26167,1012.29,61784.8,0.76,0.02
26168,834.44,12030.4,0.22,0.07
26169,898.5,35339.6,0.55,0.03
26170,899.57,42529.4,0.66,0.02
26171,1935.51,201641,0.68,0.01
26172,2363.11,330793,0.74,0.01
26173,2175.76,275757,0.73,0.01
26174,1808.86,150786,0.58,0.01
26175,1523.93,141043,0.76,0.01
26176,1426.78,124759,0.77,0.01
26177,1556.07,129468,0.67,0.01
26178,2032.46,256602,0.78,0.01
26179,1096.76,74123.7,0.77,0.01
26180,19.94,16.48,0.52,1.21
26181,1513.09,136855,0.75,0.01
26182,270.27,5151.56,0.89,0.05
26183,1174.96,83938.5,0.76,0.01
26184,1494.41,138643,0.78,0.01
26185,1205.52,88822.2,0.77,0.01
26186,1547.13,149464,0.78,0.01
26187,1184.23,87528.1,0.78,0.01
26188,1245.42,95392.9,0.77,0.01
26189,319.69,7178.32,0.88,0.04
26190,1177.86,38951.1,0.35,0.03
26191,1098.93,43037,0.45,0.03
26192,1159.2,75955.3,0.71,0.02
26193,1087.1,62549.2,0.66,0.02
26194,1889.75,217521,0.77,0.01
26195,669.19,27367.8,0.77,0.02
26196,639.27,24839.5,0.76,0.03
26197,56.07,148.07,0.59,0.38
26198,337.17,6161.65,0.68,0.05
26199,230.08,3081.99,0.73,0.07
26200,320.93,6372.67,0.78,0.05
26201,327.26,6419.01,0.75,0.05
26202,256.75,2245.21,0.43,0.11
26203,710.46,27787.1,0.69,0.03
26204,39.05,120.25,0.99,0.32
26205,229.27,2921.32,0.7,0.08
26206,243.94,3470.56,0.73,0.07
26207,247.13,3578.37,0.74,0.07
26208,352,6821.87,0.69,0.05
26209,1223.73,56623.4,0.47,0.02
26210,301.24,4206.93,0.58,0.07
26211,552.19,8381.61,0.35,0.07
26212,209.19,2720.5,0.78,0.08
26213,674.14,24108.6,0.67,0.03
26214,476.32,10448.4,0.58,0.05
26215,194.77,1980.14,0.66,0.1
26216,785.98,35468.6,0.72,0.02
26217,869.25,24821.1,0.41,0.04
26218,540.08,17871.9,0.77,0.03
26219,1295.97,42723.8,0.32,0.03
26220,441.53,10234,0.66,0.04
26221,260.14,4221.87,0.78,0.06
26222,341.82,2852.31,0.31,0.12
26223,298.12,3445.1,0.49,0.09
26224,330.46,5205.67,0.6,0.06
26225,272.21,4393.69,0.74,0.06
26226,75.06,275.65,0.61,0.27
26227,296.17,3900.84,0.56,0.08
26228,307.3,4436.23,0.59,0.07
26229,317.22,5223.52,0.65,0.06
26230,303.84,4709.41,0.64,0.06
26231,290.76,4458,0.66,0.07
26232,424.78,11042.1,0.77,0.04
26233,267.31,3945.79,0.69,0.07
26234,270.27,4065.28,0.7,0.07
26235,611.49,23712.8,0.8,0.03
26236,211.05,2530.95,0.71,0.08
26237,245.63,4147.66,0.86,0.06
26238,416.8,7865.26,0.57,0.05
26239,463.93,9321.86,0.54,0.05
26240,554.36,10904,0.45,0.05
26241,480.62,8856.08,0.48,0.05
26242,418.19,11468.9,0.82,0.04
26243,216.88,2382.29,0.64,0.09
26244,16.29,1.65,0.08,9.87
26245,171.78,1746.63,0.74,0.1
26246,316.14,2247.11,0.28,0.14
26247,276.54,2084.67,0.34,0.13
26248,318.79,5532.12,0.68,0.06
26249,383.74,7318.92,0.62,0.05
26250,314.95,6560.65,0.83,0.05
26251,381.66,7222.82,0.62,0.05
26252,1501.78,135495,0.75,0.01
26253,222.03,3169.94,0.81,0.07
26254,211.18,2534.98,0.71,0.08
26255,370.78,7552.55,0.69,0.05
26256,410.44,9385.76,0.7,0.04
26257,412.1,9228.18,0.68,0.04
26258,349.07,5320.66,0.55,0.07
26259,379.64,6304.27,0.55,0.06
26260,440.86,10368.7,0.67,0.04
26261,443.44,10047.9,0.64,0.04
26262,463.11,11325.3,0.66,0.04
26263,248.71,3494.66,0.71,0.07
26264,215.98,2785.1,0.75,0.08
26265,217.85,2406.85,0.64,0.09
26266,264.77,3822.55,0.68,0.07
26267,1329.09,83092.5,0.59,0.02
26268,2946.63,460741,0.67,0.01
26269,594.36,15037.7,0.53,0.04
26270,437.57,9749.17,0.64,0.04
26271,154.27,1840.11,0.97,0.08
26272,242.12,3442.96,0.74,0.07
26273,317.84,5119.42,0.64,0.06
26274,989.43,65477.3,0.84,0.02
26275,629.41,25339,0.8,0.02
26276,209.5,1893.36,0.54,0.11
26277,103.39,761.22,0.89,0.14
26278,570.69,16334.7,0.63,0.03
26279,399.62,9603.3,0.76,0.04
26280,370.13,7761.36,0.71,0.05
26281,1227.49,88422.1,0.74,0.01
26282,322.79,6267.57,0.76,0.05
26283,566.06,19050.8,0.75,0.03
26284,455.08,13056.7,0.79,0.03
26285,741.9,28998.4,0.66,0.03
26286,575.98,9136.93,0.35,0.06
26287,623.68,19471.5,0.63,0.03
26288,1194.1,61657.4,0.54,0.02
26289,647.49,18800.4,0.56,0.03
26290,596.8,16365.9,0.58,0.04
26291,334.94,6779.5,0.76,0.05
26292,323.02,6154.91,0.74,0.05
26293,450.47,13038.2,0.81,0.03
26294,654.79,25829.7,0.76,0.03
26295,298.55,4900.76,0.69,0.06
26296,313.85,5256.22,0.67,0.06
26297,312.55,5206.63,0.67,0.06
26298,398.61,7436.86,0.59,0.05
26299,328,6723.59,0.78,0.05
26300,121.98,610.37,0.52,0.2
26301,101.3,763.71,0.93,0.13
26302,370.24,8395.85,0.77,0.04
26303,997.39,45952.8,0.58,0.02
26304,409.33,10094.3,0.76,0.04
26305,190.96,1228.51,0.42,0.16
26306,693.72,9315.51,0.24,0.07
26307,251.95,4057.42,0.8,0.06
26308,78.11,340.97,0.7,0.23
26309,55.38,195.6,0.8,0.28
26310,557.32,11754.2,0.48,0.05
26311,190.14,1594.41,0.55,0.12
26312,64.71,298.88,0.9,0.22
26313,387.77,8509.08,0.71,0.05
26314,421.75,10340.9,0.73,0.04
26315,897.13,40883.2,0.64,0.02
26316,782.44,36294,0.74,0.02
26317,1262.95,113502,0.89,0.01
26318,499.32,16316.9,0.82,0.03
26319,724.46,28953.7,0.69,0.03
26320,116.56,630.31,0.58,0.18
26321,907.12,46225.4,0.71,0.02
26322,105.95,506.07,0.57,0.21
26323,538.63,15205.6,0.66,0.04
26324,795.69,28200.7,0.56,0.03
26325,149.81,953.34,0.53,0.16
26326,271.3,4286.72,0.73,0.06
26327,300.49,4973.7,0.69,0.06
26328,249.04,3455.25,0.7,0.07
26329,67.01,210.82,0.59,0.32
26330,95.47,540.71,0.75,0.18
26331,722.5,24933.2,0.6,0.03
26332,838.15,14990,0.27,0.06
26333,169.84,1158.44,0.5,0.15
26334,906.33,45382.2,0.69,0.02
26335,356.23,5451.1,0.54,0.07
26336,222.24,1809.73,0.46,0.12
26337,222.67,2184.1,0.55,0.1
26338,356.75,7618.84,0.75,0.05
26339,401.65,10001.5,0.78,0.04
26340,661.49,21665.8,0.62,0.03
26341,629.62,17642,0.56,0.04
26342,45.1,151.41,0.93,0.3
26343,788.79,35096.7,0.71,0.02
26344,182.99,1871.1,0.7,0.1
26345,765.17,30459.4,0.65,0.03
26346,382.34,4963,0.43,0.08
26347,168.53,500.77,0.22,0.34
26348,210.01,1488.37,0.42,0.14
26349,228.36,1611.29,0.39,0.14
26350,270.47,2686.21,0.46,0.1
26351,333.85,3422.03,0.39,0.1
26352,365.12,2562.71,0.24,0.14
26353,297.29,2401.39,0.34,0.12
26354,78.57,486.7,0.99,0.16
26355,78.57,486.78,0.99,0.16
26356,78.57,486.75,0.99,0.16
26357,78.56,486.6,0.99,0.16
26358,241.57,3095.31,0.67,0.08
26359,239.96,3372.14,0.74,0.07
26360,1162.74,71600.3,0.67,0.02
26361,641.36,25704.6,0.78,0.02
26362,641.01,26126.3,0.8,0.02
26363,193.43,1851.67,0.62,0.1
26364,829.75,41985.7,0.77,0.02
26365,283,4536.19,0.71,0.06
26366,857.19,19539.9,0.33,0.04
26367,321.68,5588.57,0.68,0.06
26368,354.53,5033.75,0.5,0.07
26369,343.75,7047.69,0.75,0.05
26370,224.65,2796.14,0.7,0.08
26371,220.33,2642.67,0.68,0.08
26372,448.71,12571.9,0.78,0.04
26373,784.71,28588.9,0.58,0.03
26374,422.4,10669.6,0.75,0.04
26375,479.32,12528.1,0.68,0.04
26376,474.02,7875.79,0.44,0.06
26377,97.41,231.22,0.31,0.42
26378,72.83,371.09,0.88,0.2
26379,358.83,7035.65,0.69,0.05
26380,443.89,12468.5,0.79,0.04
26381,1380.75,44561.8,0.29,0.03
26382,63.62,258.45,0.8,0.25
26383,288.27,4983.59,0.75,0.06
26384,271.77,4529.91,0.77,0.06
26385,164.31,2123.61,0.99,0.08
26386,903.09,46255.7,0.71,0.02
26387,756.28,35187.7,0.77,0.02
26388,202.08,1847.39,0.57,0.11
26389,339.38,5697.79,0.62,0.06
26390,68.13,316.06,0.86,0.22
26391,363.01,5649.88,0.54,0.06
26392,396.92,7422.48,0.59,0.05
26393,342.74,5317.89,0.57,0.06
26394,217.46,2915.89,0.77,0.07
26395,351.98,5958.71,0.6,0.06
26396,331.95,5180.98,0.59,0.06
26397,346.46,5487.41,0.57,0.06
26398,447.15,6562.31,0.41,0.07
26399,335.23,5174.81,0.58,0.06
26400,416.7,7216.43,0.52,0.06
26401,399.24,7135.64,0.56,0.06
26402,332.61,5401.99,0.61,0.06
26403,856.84,43721.6,0.75,0.02
26404,235.56,3130.69,0.71,0.08
26405,321.29,6377.61,0.78,0.05
26406,331.92,6840.9,0.78,0.05
26407,274.96,4263.63,0.71,0.06
26408,464.21,12395.4,0.72,0.04
26409,328.86,6643.47,0.77,0.05
26410,342.25,7261.48,0.78,0.05
26411,279.06,4303.41,0.69,0.06
26412,258.64,3856.38,0.72,0.07
26413,272.97,4203.37,0.71,0.06
26414,433.39,11954.2,0.8,0.04
26415,975.13,57969.6,0.77,0.02
26416,508.46,10876.3,0.53,0.05
26417,831.32,10304,0.19,0.08
26418,661.54,5037.5,0.14,0.13
26419,618.67,30216.6,0.99,0.02
26420,232.07,1330.52,0.31,0.17
26421,521.74,3407.57,0.16,0.15
26422,299.92,3436.44,0.48,0.09
26423,757.94,18005.8,0.39,0.04
26424,357.51,4706.3,0.46,0.08
26425,539.8,11070.7,0.48,0.05
26426,559.13,12920.7,0.52,0.04
26427,886.18,23273.1,0.37,0.04
26428,303.28,5747.6,0.78,0.05
26429,728.26,4923.01,0.12,0.15
26430,443.97,2981.43,0.19,0.15
26431,283.47,4267.6,0.67,0.07
26432,286.52,5419.28,0.83,0.05
26433,428.33,10362.5,0.71,0.04
26434,252.79,3508.85,0.69,0.07
26435,253.45,3570.32,0.7,0.07
26436,377.87,8969.08,0.79,0.04
26437,276.53,3853.83,0.63,0.07
26438,94.28,305.87,0.43,0.31
26439,307.68,4932.71,0.65,0.06
26440,319.29,6256.86,0.77,0.05
26441,776.39,35939.1,0.75,0.02
26442,302.31,4444.99,0.61,0.07
26443,290.52,5314.98,0.79,0.05
26444,67.37,357.86,0.99,0.19
26445,676.53,30621.1,0.84,0.02
26446,1112.58,21149.7,0.21,0.05
26447,289.91,4849.17,0.72,0.06
26448,475.23,9899.72,0.55,0.05
26449,434.01,9237.61,0.62,0.05
26450,285.18,4551.05,0.7,0.06
26451,169.08,1091.38,0.48,0.15
26452,548,11811.2,0.49,0.05
26453,211.21,2673.68,0.75,0.08
26454,285.56,3522.39,0.54,0.08
26455,311.44,3569.93,0.46,0.09
26456,497.14,11665.8,0.59,0.04
26457,244.81,2624.77,0.55,0.09
26458,1160.07,37842.5,0.35,0.03
26459,9.19,1.17,0.17,7.85
26460,251.69,3030.87,0.6,0.08
26461,290,4085.7,0.61,0.07
26462,1675.47,116732,0.52,0.01
26463,306.8,4567.79,0.61,0.07
26464,455.35,12809.4,0.78,0.04
26465,213.88,2351.48,0.65,0.09
26466,353.82,1640.48,0.16,0.22
26467,248.8,3592.1,0.73,0.07
26468,238.24,2979.6,0.66,0.08
26469,246.32,2932.43,0.61,0.08
26470,314.98,5426.71,0.69,0.06
26471,977.75,41064.3,0.54,0.02
26472,516.42,9628.17,0.45,0.05
26473,538.87,13570.2,0.59,0.04
26474,673.46,26317.5,0.73,0.03
26475,218.77,2802.64,0.74,0.08
26476,168.16,1751.72,0.78,0.1
26477,476.86,10890.5,0.6,0.04
26478,556.61,12911.3,0.52,0.04
26479,671.63,19426.8,0.54,0.03
26480,755.76,27882.9,0.61,0.03
26481,261.6,2654.08,0.49,0.1
26482,553.65,7402.67,0.3,0.07
26483,898.94,44171.5,0.69,0.02
26484,162.02,1782.53,0.85,0.09
26485,799.84,18800.9,0.37,0.04
26486,211.98,2938.6,0.82,0.07
26487,622.1,10543.5,0.34,0.06
26488,819.82,40533.9,0.76,0.02
26489,795.56,39867.7,0.79,0.02
26490,497.22,16640.4,0.85,0.03
26491,181.95,2161.18,0.82,0.08
26492,378.81,8251.27,0.72,0.05
26493,87.73,552.08,0.9,0.16
26494,69.85,344.38,0.89,0.2
26495,104.52,533.2,0.61,0.2
26496,102.16,722.68,0.87,0.14
26497,447.55,11238.9,0.7,0.04
26498,1603.19,83989.7,0.41,0.02
26499,259.15,4373.83,0.82,0.06
26500,192.95,2090.78,0.71,0.09
26501,74.9,408.14,0.91,0.18
26502,214.23,2768.52,0.76,0.08
26503,252.84,4613.84,0.91,0.05
26504,699.38,30437.5,0.78,0.02
26505,82.94,502.16,0.92,0.17
26506,57.54,255.02,0.97,0.23
26507,372.95,5250.37,0.47,0.07
26508,203.67,3120.78,0.94,0.07
26509,142.85,1216.38,0.75,0.12
26510,50.33,108.98,0.54,0.46
26511,82.77,498.06,0.91,0.17
26512,218.92,2925.77,0.77,0.07
26513,153.63,1596.44,0.85,0.1
26514,168.9,1880.1,0.83,0.09
26515,184.26,2011.79,0.74,0.09
26516,623.13,14725,0.48,0.04
26517,79.36,279.21,0.56,0.28
26518,553.74,17691.2,0.72,0.03
26519,170.1,1771.57,0.77,0.1
26520,1150.63,64630.9,0.61,0.02
26521,934.37,45009.8,0.65,0.02
26522,385.44,9072.82,0.77,0.04
26523,603.29,21535.1,0.74,0.03
26524,438.6,11662.7,0.76,0.04
26525,1316.41,58849.4,0.43,0.02
26526,1110.86,74850.9,0.76,0.01
26527,993.31,58902.9,0.75,0.02
26528,595.51,17595.1,0.62,0.03
26529,189.76,1812.62,0.63,0.1
26530,663.4,22709.9,0.65,0.03
26531,221.83,2921.24,0.75,0.08
26532,302.53,5685.05,0.78,0.05
26533,1116.56,26891.5,0.27,0.04
26534,3960.79,397518,0.32,0.01
26535,2144.17,56549.7,0.15,0.04
26536,650,20553,0.61,0.03
26537,1166.16,50191.8,0.46,0.02
26538,991.42,33172.6,0.42,0.03
26539,1840.84,54740.4,0.2,0.03
26540,696.16,11649.3,0.3,0.06
26541,1121.93,79511.7,0.79,0.01
26542,996.29,17596.6,0.22,0.06
26543,962.6,55694.7,0.75,0.02
26544,287.16,2546.22,0.39,0.11
26545,287.05,2459.39,0.37,0.12
26546,281.5,2361.07,0.37,0.12
26547,276.41,2638.34,0.43,0.1
26548,299.78,2563.06,0.36,0.12
26549,225.7,1760.93,0.43,0.13
26550,334.84,4950.54,0.55,0.07
26551,319.61,3136.53,0.39,0.1
26552,291.93,2905.01,0.43,0.1
26553,290.34,2252.89,0.34,0.13
26554,152.36,828.73,0.45,0.18
26555,332.64,4995.46,0.57,0.07
26556,105.97,481.27,0.54,0.22
26557,123.52,712.43,0.59,0.17
26558,51.65,159.69,0.75,0.32
26559,67.04,245.97,0.69,0.27
26560,376.81,5028.5,0.44,0.07
26561,708.86,27095,0.68,0.03
26562,433.59,11019.3,0.74,0.04
26563,320.07,5322.2,0.65,0.06
26564,347.52,5260.22,0.55,0.07
26565,157.18,1531.73,0.78,0.1
26566,398.5,9334.4,0.74,0.04
26567,221.8,2153.31,0.55,0.1
26568,344.1,4990.39,0.53,0.07
26569,317.54,5272.67,0.66,0.06
26570,421.19,10011.7,0.71,0.04
26571,192.04,2907.66,0.99,0.07
26572,2101.52,251210,0.71,0.01
26573,745.17,18140.5,0.41,0.04
26574,677.67,17660.6,0.48,0.04
26575,187.75,1808.33,0.64,0.1
26576,2027.42,147722,0.45,0.01
26577,845.06,21031,0.37,0.04
26578,371.79,8161.64,0.74,0.05
26579,1582.63,142970,0.72,0.01
26580,836.02,16922.3,0.3,0.05
26581,1031.39,59804.3,0.71,0.02
26582,509.29,11206.4,0.54,0.05
26583,152.6,1548.13,0.84,0.1
26584,637.64,26375.6,0.81,0.02
26585,10055,473852,0.06,0.02
26586,1682.28,176409,0.78,0.01
26587,660.85,17526.7,0.5,0.04
26588,77.47,384.47,0.8,0.2
26589,911.74,30023.7,0.45,0.03
26590,1088.2,56831.3,0.6,0.02
26591,777.78,33715,0.7,0.02
26592,253.55,3813.76,0.75,0.07
26593,274.25,3836.17,0.64,0.07
26594,944.2,19483.4,0.27,0.05
26595,98.44,424.11,0.55,0.23
26596,396.79,7254.6,0.58,0.05
26597,672.94,28548.8,0.79,0.02
26598,455.01,13080.9,0.79,0.03
26599,571.48,19064.1,0.73,0.03
26600,519.89,16196.8,0.75,0.03
26601,262.41,3388.9,0.62,0.08
26602,667.27,22359.1,0.63,0.03
26603,815.51,29859.6,0.56,0.03
26604,367.32,6937.96,0.65,0.05
26605,343.6,6225.87,0.66,0.06
26606,365.64,6647.79,0.62,0.06
26607,168.23,1761.91,0.78,0.1
26608,249.17,3437.33,0.7,0.07
26609,1344.61,74902.3,0.52,0.02
26610,1308.08,63890,0.47,0.02
26611,500.05,11214.7,0.56,0.04
26612,472.41,8327.72,0.47,0.06
26613,467.57,8723.83,0.5,0.05
26614,428.42,10944.1,0.75,0.04
26615,423.35,3523.18,0.25,0.12
26616,428.32,4217.81,0.29,0.1
26617,426.03,3579.02,0.25,0.12
26618,475,8084.29,0.45,0.06
26619,450.89,6550.7,0.4,0.07
26620,282.63,2964.52,0.47,0.1
26621,525.72,14418.5,0.66,0.04
26622,349.61,4919.4,0.51,0.07
26623,5209.82,207270,0.1,0.03
26624,608.24,10167.2,0.35,0.06
26625,655.36,17135.4,0.5,0.04
26626,1082.1,45237.6,0.49,0.02
26627,1584.58,86012.4,0.43,0.02
26628,1210.11,49349.2,0.42,0.02
26629,1364.77,53141,0.36,0.03
26630,2804.39,330451,0.53,0.01
26631,1182.69,83766.6,0.75,0.01
26632,355.26,3077.41,0.31,0.12
26633,445.7,4373.18,0.28,0.1
26634,1154.32,79943.6,0.75,0.01
26635,558.79,13637.7,0.55,0.04
26636,213.71,807.1,0.22,0.26
26637,501.14,4207.06,0.21,0.12
26638,587.28,19380.5,0.71,0.03
26639,349.5,4170.18,0.43,0.08
26640,553.46,10098.8,0.41,0.05
26641,233.43,2780.66,0.64,0.08
26642,82.94,482.08,0.88,0.17
26643,395.23,4517.45,0.36,0.09
26644,842.59,22712,0.4,0.04
26645,962.99,54865.2,0.74,0.02
26646,1189.6,90339,0.8,0.01
26647,1179.59,89205.2,0.81,0.01
26648,723.99,16064.1,0.38,0.05
26649,942,48571.2,0.69,0.02
26650,412.98,7179.28,0.53,0.06
26651,955.99,23237.6,0.32,0.04
26652,77.85,405.43,0.84,0.19
26653,116.42,574.45,0.53,0.2
26654,224.46,3004.96,0.75,0.07
26655,333.38,5496.57,0.62,0.06
26656,576.44,10454.1,0.4,0.06
26657,233.69,3510.66,0.81,0.07
26658,340.9,6773.81,0.73,0.05
26659,346.7,7297.42,0.76,0.05
26660,566.14,15398.9,0.6,0.04
26661,269.47,3995.78,0.69,0.07
26662,411.12,10402.1,0.77,0.04
26663,419.68,10768.8,0.77,0.04
26664,335.37,6323.28,0.71,0.05
26665,448.32,12549.2,0.78,0.04
26666,719.02,18094.2,0.44,0.04
26667,251.77,3667.29,0.73,0.07
26668,208.54,2527.54,0.73,0.08
26669,317.23,4703.48,0.59,0.07
26670,272.3,4374.7,0.74,0.06
26671,171.94,1586.68,0.67,0.11
26672,145.3,1356.95,0.81,0.11
26673,292.43,893.77,0.13,0.33
26674,370.32,4826.24,0.44,0.08
26675,530.64,11678.3,0.52,0.05
26676,432.94,8600.31,0.58,0.05
26677,381,4255.75,0.37,0.09
26678,383.83,4314.56,0.37,0.09
26679,433.49,10336.7,0.69,0.04
26680,954.23,47506.3,0.66,0.02
26681,259.75,3818.03,0.71,0.07
26682,197.24,1660.13,0.54,0.12
26683,236.4,2171.3,0.49,0.11
26684,219.56,1850.53,0.48,0.12
26685,312.51,3069.58,0.39,0.1
26686,294.36,2756.47,0.4,0.11
26687,238.66,2186.96,0.48,0.11
26688,236.86,2255.42,0.5,0.11
26689,260.29,2694.6,0.5,0.1
26690,271.26,2393.34,0.41,0.11
26691,229.63,2096.67,0.5,0.11
26692,221.98,2188.57,0.56,0.1
26693,79.57,429.43,0.85,0.19
26694,1089.25,57010.9,0.6,0.02
26695,259.19,4710.5,0.88,0.06
26696,507.56,11417.5,0.56,0.04
26697,437.72,11470,0.75,0.04
26698,2705.53,160815,0.28,0.02
26699,275.52,4784.25,0.79,0.06
26700,246.83,3554.27,0.73,0.07
26701,256.5,4537.51,0.87,0.06
26702,165.07,1591.81,0.73,0.1
26703,217.83,2406.54,0.64,0.09
26704,310.19,6284.23,0.82,0.05
26705,721.74,28125.8,0.68,0.03
26706,65.6,206.93,0.6,0.32
26707,56.97,221.6,0.86,0.26
26708,189.71,1647.22,0.57,0.12
26709,270.19,4279.18,0.74,0.06
26710,198.08,1942.96,0.62,0.1
26711,254.89,3331.52,0.64,0.08
26712,86.3,443.75,0.75,0.19
26713,389.18,5010.44,0.42,0.08
26714,101.09,669.92,0.82,0.15
26715,5.94,1.16,0.41,5.12
26716,284.83,4450.15,0.69,0.06
26717,1119.27,27390.3,0.27,0.04
26718,389.51,7110.68,0.59,0.05
26719,542.62,17717.5,0.76,0.03
26720,1594.95,53885.8,0.27,0.03
26721,431.85,10083.5,0.68,0.04
26722,281.18,3718.05,0.59,0.08
26723,390.79,9864.2,0.81,0.04
26724,49.35,185.03,0.95,0.27
26725,215.24,2293.88,0.62,0.09
26726,161.65,1551.94,0.75,0.1
26727,1124.91,50169.8,0.5,0.02
26728,51.71,204.82,0.96,0.25
26729,366.38,8595.3,0.8,0.04
26730,814.81,41781.7,0.79,0.02
26731,305.96,5502.07,0.74,0.06
26732,83.31,500.13,0.9,0.17
26733,226.88,2782.69,0.68,0.08
26734,631.21,25693.1,0.81,0.02
26735,834.99,30013.3,0.54,0.03
26736,406.84,9793.17,0.74,0.04
26737,371.56,7257.52,0.66,0.05
26738,325.05,5076.36,0.6,0.06
26739,294.35,4947.86,0.72,0.06
26740,633.65,23441.8,0.73,0.03
26741,313.72,5876.13,0.75,0.05
26742,320.26,6141.55,0.75,0.05
26743,452.91,12468.4,0.76,0.04
26744,647.2,26336.1,0.79,0.02
26745,522.4,16712.5,0.77,0.03
26746,921.37,49596.8,0.73,0.02
26747,343.5,6006.8,0.64,0.06
26748,393.21,9981.27,0.81,0.04
26749,641.56,24377.9,0.74,0.03
26750,574.74,21421.6,0.81,0.03
26751,224.66,3216.03,0.8,0.07
26752,218.28,3059.75,0.81,0.07
26753,705.08,27151.1,0.69,0.03
26754,542.49,15623,0.67,0.03
26755,214.13,2795.48,0.77,0.08
26756,297.87,3410.99,0.48,0.09
26757,322.37,5156.04,0.62,0.06
26758,1240.34,50499.8,0.41,0.02
26759,401.97,9875.76,0.77,0.04
26760,261.42,3537.04,0.65,0.07
26761,602.39,22793.5,0.79,0.03
26762,573.78,20162.7,0.77,0.03
26763,332.27,4425.28,0.5,0.08
26764,304.72,4348.81,0.59,0.07
26765,556.67,16451.2,0.67,0.03
26766,212.9,2155.71,0.6,0.1
26767,178.72,1658.49,0.65,0.11
26768,397.4,9772.92,0.78,0.04
26769,441.72,12250.6,0.79,0.04
26770,414.24,10025.6,0.73,0.04
26771,423.42,11286.5,0.79,0.04
26772,1194.14,56684.5,0.5,0.02
26773,1068.25,40706.8,0.45,0.03
26774,388.64,9576.64,0.8,0.04
26775,412.24,10564.1,0.78,0.04
26776,159.44,1359.6,0.67,0.12
26777,170.74,1750.35,0.75,0.1
26778,980.77,20365.3,0.27,0.05
26779,1165,82891.4,0.77,0.01
26780,219.01,2831.29,0.74,0.08
26781,250.51,2806.47,0.56,0.09
26782,294.74,4983.25,0.72,0.06
26783,208.76,2095.19,0.6,0.1
26784,2329.79,153604,0.36,0.02
26785,386.02,5113.03,0.43,0.08
26786,706.46,19440.5,0.49,0.04
26787,1407.09,50634.3,0.32,0.03
26788,401.41,9747.75,0.76,0.04
26789,148.83,1219.66,0.69,0.12
26790,184.9,1650.85,0.61,0.11
26791,1216.57,67273.8,0.57,0.02
26792,830.45,31246.7,0.57,0.03
26793,3405.03,380307,0.41,0.01
26794,2195.99,191552,0.5,0.01
26795,256.72,3630.58,0.69,0.07
26796,518.55,14081.9,0.66,0.04
26797,1406.48,59166.7,0.38,0.02
26798,2378.08,137628,0.31,0.02
26799,507.33,16088.5,0.79,0.03
26800,748.97,29274.1,0.66,0.03
26801,354.87,6463.63,0.64,0.05
26802,461.97,9392.19,0.55,0.05
26803,491.69,10797.2,0.56,0.05
26804,336.87,4098.45,0.45,0.08
26805,833.18,34875.2,0.63,0.02
26806,509.97,16325.1,0.79,0.03
26807,529.6,14332.5,0.64,0.04
26808,581,9034.95,0.34,0.06
26809,150.03,868.89,0.48,0.17
26810,562.78,10117.4,0.4,0.06
26811,161.75,1112.7,0.53,0.15
26812,222.04,1132.39,0.29,0.2
26813,242.28,3441.35,0.74,0.07
26814,260.53,4033.51,0.75,0.06
26815,179.75,1796.45,0.7,0.1
26816,592.69,11392.2,0.41,0.05
26817,637.16,13027.6,0.4,0.05
26818,726.47,29399.8,0.7,0.02
26819,580.83,15673.2,0.58,0.04
26820,506.07,11982.2,0.59,0.04
26821,300.28,4873.62,0.68,0.06
26822,282.41,4438.57,0.7,0.06
26823,436.31,8066.83,0.53,0.05
26824,1645.92,112243,0.52,0.01
26825,802.34,16356.3,0.32,0.05
26826,578.37,20353.2,0.76,0.03
26827,732.69,26915.6,0.63,0.03
26828,520.78,14076.7,0.65,0.04
26829,851.47,31830.1,0.55,0.03
26830,186.91,1628.91,0.59,0.11
26831,769.18,19127.9,0.41,0.04
26832,899.16,9830.47,0.15,0.09
26833,1237,46593.3,0.38,0.03
26834,1515.08,86670.4,0.47,0.02
26835,274.08,4163.11,0.7,0.07
26836,230.58,3233.33,0.76,0.07
26837,710.46,18820.6,0.47,0.04
26838,3462.92,608621,0.64,0.01
26839,243.58,1774.05,0.38,0.14
26840,345.53,5259.28,0.55,0.07
26841,1906.41,152490,0.53,0.01
26842,1959.81,153563,0.5,0.01
26843,590.41,21038.8,0.76,0.03
26844,136.72,918.21,0.62,0.15
26845,157.52,1109.42,0.56,0.14
26846,464.68,12885.7,0.75,0.04
26847,218.27,2586.19,0.68,0.08
26848,793.14,32933.2,0.66,0.02
26849,250.05,3168.1,0.64,0.08
26850,529.53,14210.8,0.64,0.04
26851,484.37,12375.5,0.66,0.04
26852,93.56,606.81,0.87,0.15
26853,475.09,15249.6,0.85,0.03
26854,394.32,9424.77,0.76,0.04
26855,712.07,27142.4,0.67,0.03
26856,708.72,27291.5,0.68,0.03
26857,696.65,27816.3,0.72,0.03
26858,785.31,35373.6,0.72,0.02
26859,306.94,5877.71,0.78,0.05
26860,236.41,3547.08,0.8,0.07
26861,372.01,8684.91,0.79,0.04
26862,299.88,5347.04,0.75,0.06
26863,243.85,2352.95,0.5,0.1
26864,265.35,3794.12,0.68,0.07
26865,393.32,9993.19,0.81,0.04
26866,104.73,594.08,0.68,0.18
26867,577.73,10655.4,0.4,0.05
26868,517.05,12449.7,0.58,0.04
26869,655,17030.4,0.5,0.04
26870,319.77,6168.93,0.76,0.05
26871,474.96,11539.5,0.64,0.04
26872,488.19,12452.2,0.66,0.04
26873,300.46,5587.27,0.78,0.05
26874,315.35,6254.56,0.79,0.05
26875,241.66,3687.67,0.79,0.07
26876,56.66,144.81,0.57,0.39
26877,117.62,1090.75,0.99,0.11
26878,433,4914.88,0.33,0.09
26879,339.81,6247.09,0.68,0.05
26880,258.1,4027.77,0.76,0.06
26881,337.92,6001.21,0.66,0.06
26882,246.67,3508.74,0.72,0.07
26883,339.51,5923.23,0.65,0.06
26884,333.71,6992.25,0.79,0.05
26885,268.33,4380.7,0.76,0.06
26886,730.92,21805.2,0.51,0.03
26887,244.38,3520.94,0.74,0.07
26888,440.35,10834.9,0.7,0.04
26889,237.52,3360.44,0.75,0.07
26890,251.7,3692.59,0.73,0.07
26891,359.52,7781.12,0.76,0.05
26892,355.09,7731.71,0.77,0.05
26893,242.55,3516.26,0.75,0.07
26894,394.02,9060.78,0.73,0.04
26895,541.46,16517.3,0.71,0.03
26896,396.52,9903.09,0.79,0.04
26897,410.58,10479.9,0.78,0.04
26898,464.81,10732.5,0.62,0.04
26899,1346,75438.3,0.52,0.02
26900,91.57,433,0.65,0.21
26901,369.36,8126.38,0.75,0.05
26902,425.36,4246.6,0.29,0.1
26903,215,2605.62,0.71,0.08
26904,182.04,2038.74,0.77,0.09
26905,164.26,1574.74,0.73,0.1
26906,238.61,3431.42,0.76,0.07
26907,525.98,12690.5,0.58,0.04
26908,605.79,17478.3,0.6,0.03
26909,206.34,2494.86,0.74,0.08
26910,213.72,2789.59,0.77,0.08
26911,277.55,2479.4,0.4,0.11
26912,178.46,1817.85,0.72,0.1
26913,200.53,2218.67,0.69,0.09
26914,155.13,1534.22,0.8,0.1
26915,223.95,2569.79,0.64,0.09
26916,222.56,2704.79,0.69,0.08
26917,222.08,2960.41,0.75,0.08
26918,216.5,2663.35,0.71,0.08
26919,174.19,948.13,0.39,0.18
26920,218.71,2490.57,0.65,0.09
26921,217.64,2568.18,0.68,0.08
26922,212.59,2778.31,0.77,0.08
26923,171.87,1168.17,0.5,0.15
26924,157.04,921.38,0.47,0.17
26925,337,4456.26,0.49,0.08
26926,187.32,2080.36,0.74,0.09
26927,224.73,2731.9,0.68,0.08
26928,372.18,5322.79,0.48,0.07
26929,170.56,1116.48,0.48,0.15
26930,404.6,9392.75,0.72,0.04
26931,522.96,15619.7,0.72,0.03
26932,215.25,1879.14,0.51,0.11
26933,196.32,1157.05,0.38,0.17
26934,343.17,2742.04,0.29,0.13
26935,350.28,3031.4,0.31,0.12
26936,210.12,2490.47,0.71,0.08
26937,401.71,7249.03,0.56,0.06
26938,210.45,2451.92,0.7,0.09
26939,226.01,2888.31,0.71,0.08
26940,207.17,2637.36,0.77,0.08
26941,325.01,4986.77,0.59,0.07
26942,175.33,1407.47,0.58,0.12
26943,158.89,1289.94,0.64,0.12
26944,734.09,23144.2,0.54,0.03
26945,211.17,2097.04,0.59,0.1
26946,213.22,2662.73,0.74,0.08
26947,435.21,9827.96,0.65,0.04
26948,227.8,3164.96,0.77,0.07
26949,205.02,2432.5,0.73,0.08
26950,257.2,4133.73,0.78,0.06
26951,737.23,31061.3,0.72,0.02
26952,230.12,3201.41,0.76,0.07
26953,1263.07,53544.5,0.42,0.02
26954,512.01,6327.76,0.3,0.08
26955,742.31,20494,0.47,0.04
26956,468.84,11791.7,0.67,0.04
26957,335.89,7115.89,0.79,0.05
26958,793.68,25592.3,0.51,0.03
26959,381.14,7759.4,0.67,0.05
26960,1258.01,62961.9,0.5,0.02
26961,918.7,56048,0.83,0.02
26962,429.74,7705.72,0.52,0.06
26963,1267.8,98027,0.77,0.01
26964,320.21,3691.46,0.45,0.09
26965,396.37,10633.5,0.85,0.04
26966,401.83,10227.1,0.8,0.04
26967,715.34,20154,0.49,0.04
26968,827.51,37483.3,0.69,0.02
26969,968.48,64912,0.87,0.01
26970,202.64,1963.87,0.6,0.1
26971,327.13,6909.79,0.81,0.05
26972,445.44,11935.3,0.76,0.04
26973,1718.73,86145.4,0.37,0.02
26974,874.67,29219,0.48,0.03
26975,1576.21,42098.4,0.21,0.04
26976,83.61,375.31,0.67,0.22
26977,203.18,1549.88,0.47,0.13
26978,361.49,1768.87,0.17,0.2
26979,694.48,21335.7,0.56,0.03
26980,816.21,27579.9,0.52,0.03
26981,353.25,7836.85,0.79,0.05
26982,306.28,4341.72,0.58,0.07
26983,91.09,654.17,0.99,0.14
26984,368.44,5250.15,0.49,0.07
26985,434.1,10637.4,0.71,0.04
26986,452.71,11998.6,0.74,0.04
26987,467.31,13056.9,0.75,0.04
26988,488.34,14562.4,0.77,0.03
26989,455.01,12248.6,0.74,0.04
26990,188.71,1546.98,0.55,0.12
26991,55.7,205.47,0.83,0.27
26992,1253.88,96273.9,0.77,0.01
26993,414.5,10239.5,0.75,0.04
26994,448.63,12177.5,0.76,0.04
26995,952.6,45914.8,0.64,0.02
26996,763.8,27997.6,0.6,0.03
26997,356.2,7774.99,0.77,0.05
26998,661.59,27078.9,0.78,0.02
26999,648.33,12472.8,0.37,0.05
27000,692.46,19604.2,0.51,0.04
27001,761.73,29696.2,0.64,0.03
27002,73.34,308.33,0.72,0.24
27003,616.84,18359.7,0.61,0.03
27004,369.53,8538.85,0.79,0.04
27005,354.18,7174.83,0.72,0.05
27006,758.54,34409,0.75,0.02
27007,1020.03,62799.6,0.76,0.02
27008,955.47,56432.1,0.78,0.02
27009,340.46,6831.44,0.74,0.05
27010,182.75,892.58,0.34,0.2
27011,354.53,7744.11,0.77,0.05
27012,57.29,258.76,0.99,0.22
27013,157.6,751.77,0.38,0.21
27014,123.61,953.87,0.78,0.13
27015,219.38,1957.41,0.51,0.11
27016,1684.33,93324.7,0.41,0.02
27017,370.33,3631,0.33,0.1
27018,345.44,7176.53,0.76,0.05
27019,791.63,33821.3,0.68,0.02
27020,605.94,18453.3,0.63,0.03
27021,1024.67,23701.1,0.28,0.04
27022,1002.42,21072.9,0.26,0.05
27023,687.99,19722.3,0.52,0.03
27024,496.26,15141.2,0.77,0.03
27025,370.47,8241.04,0.75,0.04
27026,579.95,20068.1,0.75,0.03
27027,575.12,19664.1,0.75,0.03
27028,247.82,3675.71,0.75,0.07
27029,225.35,2673.42,0.66,0.08
27030,380.98,7496.47,0.65,0.05
27031,141.66,950.12,0.59,0.15
27032,1057.2,42356.7,0.48,0.02
27033,1549.05,135310,0.71,0.01
27034,434.09,9759.86,0.65,0.04
27035,1924.48,104095,0.35,0.02
27036,616.67,20141.8,0.67,0.03
27037,574.51,18256.1,0.69,0.03
27038,784.32,41815,0.85,0.02
27039,2063.54,169254,0.5,0.01
27040,212.91,2281.14,0.63,0.09
27041,120.82,1092.74,0.94,0.11
27042,599.1,18037.8,0.63,0.03
27043,534.63,17211.4,0.76,0.03
27044,364.31,8235.84,0.78,0.04
27045,195.83,1377.84,0.45,0.14
27046,89.69,521.8,0.81,0.17
27047,1661.82,161477,0.73,0.01
27048,1823.42,211059,0.8,0.01
27049,1931.25,229500,0.77,0.01
27050,1662.22,169868,0.77,0.01
27051,1397.24,122808,0.79,0.01
27052,965.45,65274.1,0.88,0.01
27053,750.92,21471.3,0.48,0.03
27054,1015.84,72480.8,0.88,0.01
27055,813.75,37310.2,0.71,0.02
27056,1596.44,87432.8,0.43,0.02
27057,942.67,30946.6,0.44,0.03
27058,730.19,31019.1,0.73,0.02
27059,645.57,24592.4,0.74,0.03
27060,436.13,6909,0.46,0.06
27061,882.92,35652.7,0.57,0.02
27062,718.86,33414.5,0.81,0.02
27063,98.71,662.11,0.85,0.15
27064,794.24,36669.3,0.73,0.02
27065,470.08,13427.5,0.76,0.04
27066,1178.4,48929.3,0.44,0.02
27067,389.57,5362.53,0.44,0.07
27068,126.44,688.76,0.54,0.18
27069,1129.48,71523.9,0.7,0.02
27070,495.37,14412.5,0.74,0.03
27071,549.86,19088,0.79,0.03
27072,611.2,3416.65,0.11,0.18
27073,587.05,6735.86,0.25,0.09
27074,490.24,4507.67,0.24,0.11
27075,550.67,5957.29,0.25,0.09
27076,233.82,1232.67,0.28,0.19
27077,76.75,367.52,0.78,0.21
27078,355.09,2364.22,0.24,0.15
27079,758.43,34755.5,0.76,0.02
27080,586.49,5093.44,0.19,0.12
27081,250.66,1113.45,0.22,0.23
27082,91.09,515.35,0.78,0.18
27083,328.44,1785.36,0.21,0.18
27084,90.91,514.14,0.78,0.18
27085,782.15,10426.2,0.21,0.08
27086,242.05,1113.27,0.24,0.22
27087,78.11,381,0.78,0.21
27088,296.85,2402.37,0.34,0.12
27089,410.3,4445.63,0.33,0.09
27090,213.29,964.22,0.27,0.22
27091,555.43,14034.7,0.57,0.04
27092,244.22,1435.65,0.3,0.17
27093,240.9,1530.87,0.33,0.16
27094,361.42,2536.32,0.24,0.14
27095,71.88,407.32,0.99,0.18
27096,116.03,558.06,0.52,0.21
27097,72.19,410.9,0.99,0.18
27098,72.18,410.82,0.99,0.18
27099,71.89,407.43,0.99,0.18
27100,71.89,407.39,0.99,0.18
27101,72.18,410.81,0.99,0.18
27102,71.88,407.31,0.99,0.18
27103,71.87,407.22,0.99,0.18
27104,72.18,410.78,0.99,0.18
27105,72.18,410.8,0.99,0.18
27106,72.19,410.95,0.99,0.18
27107,71.88,407.28,0.99,0.18
27108,89.91,637.39,0.99,0.14
27109,158.03,1368.45,0.69,0.12
27110,151.69,1311.34,0.72,0.12
27111,154.3,1355.03,0.71,0.11
27112,355.1,3837.11,0.38,0.09
27113,133.83,896.43,0.63,0.15
27114,128.58,843.9,0.64,0.15
27115,141.08,951.81,0.6,0.15
27116,298.15,863.83,0.12,0.35
27117,135.01,970.14,0.67,0.14
27118,136.81,978.71,0.66,0.14
27119,131.86,942.75,0.68,0.14
27120,296.78,1847.14,0.26,0.16
27121,111.17,610.15,0.62,0.18
27122,141.65,1046.45,0.66,0.14
27123,129.79,1046,0.78,0.12
27124,1027.84,63881.9,0.76,0.02
27125,1159.98,86026.9,0.8,0.01
27126,1086.59,76070,0.81,0.01
27127,1040.11,64403.4,0.75,0.02
27128,538.13,3650.78,0.16,0.15
27129,551.17,21545.2,0.89,0.03
27130,728.9,7263.76,0.17,0.1
27131,335.64,3908.58,0.44,0.09
27132,223.43,1687.33,0.42,0.13
27133,230.25,1848.77,0.44,0.12
27134,353.89,2818.39,0.28,0.13
27135,173.6,684.22,0.29,0.25
27136,349.24,2340.56,0.24,0.15
27137,577.81,5592.35,0.21,0.1
27138,290.06,1964.12,0.29,0.15
27139,165.46,608.4,0.28,0.27
27140,235.85,1238.2,0.28,0.19
27141,228.21,1212.79,0.29,0.19
27142,480.89,9113.45,0.49,0.05
27143,125.68,576.09,0.46,0.22
27144,719.21,10605.6,0.26,0.07
27145,651.04,6810.05,0.2,0.1
27146,169.23,1604.77,0.7,0.11
27147,218.52,1308.88,0.34,0.17
27148,322.83,2047.27,0.25,0.16
27149,209.28,961.42,0.28,0.22
27150,278.41,3608.18,0.58,0.08
27151,230.43,1430.52,0.34,0.16
27152,325.07,2296.5,0.27,0.14
27153,226.66,1038.5,0.25,0.22
27154,302.05,4823,0.66,0.06
27155,71.87,407.23,0.99,0.18
27156,71.87,407.26,0.99,0.18
27157,72.19,410.9,0.99,0.18
27158,71.88,407.33,0.99,0.18
27159,72.18,410.81,0.99,0.18
27160,72.19,410.89,0.99,0.18
27161,71.88,407.3,0.99,0.18
27162,72.19,410.87,0.99,0.18
27163,152.18,995.4,0.54,0.15
27164,60.68,217.44,0.74,0.28
27165,104.64,338.38,0.39,0.31
27166,133.96,929.5,0.65,0.14
27167,194.29,1923.06,0.64,0.1
27168,189.29,1854.34,0.65,0.1
27169,294.71,3020.75,0.44,0.1
27170,131.32,847.98,0.62,0.15
27171,163.67,1130.46,0.53,0.14
27172,356.96,3550.2,0.35,0.1
27173,204.72,2775.48,0.83,0.07
27174,327.23,4769.81,0.56,0.07
27175,1790.3,127660,0.5,0.01
27176,637.31,11196.7,0.35,0.06
27177,289.6,5036.65,0.75,0.06
27178,215.63,2888.2,0.78,0.07
27179,250.9,3913.21,0.78,0.06
27180,624.59,22485,0.72,0.03
27181,556.45,17401.3,0.71,0.03
27182,177.12,1543.47,0.62,0.11
27183,196.56,2383.79,0.77,0.08
27184,301.92,5286.48,0.73,0.06
27185,403.81,10089.1,0.78,0.04
27186,223.57,2788.56,0.7,0.08
27187,824.08,27433.5,0.51,0.03
27188,1012.14,53714.6,0.66,0.02
27189,610.53,21575.4,0.73,0.03
27190,453.86,10601.1,0.65,0.04
27191,922.92,37583.9,0.55,0.02
27192,359.25,7984.09,0.78,0.04
27193,244.81,2977.57,0.62,0.08
27194,234.38,2402.96,0.55,0.1
27195,277.08,4414.53,0.72,0.06
27196,242.62,2670.1,0.57,0.09
27197,670.25,17953.7,0.5,0.04
27198,578.58,6978.3,0.26,0.08
27199,445.12,5672.38,0.36,0.08
27200,272.18,4299.34,0.73,0.06
27201,176.34,1864.04,0.75,0.09
27202,219.38,2911.44,0.76,0.08
27203,286.68,4920.97,0.75,0.06
27204,214.49,2250.14,0.61,0.1
27205,263.29,3159.03,0.57,0.08
27206,494.59,8797.92,0.45,0.06
27207,859.37,25043.9,0.43,0.03
27208,1511.88,105903,0.58,0.01
27209,307.37,6022.59,0.8,0.05
27210,1414.15,100429,0.63,0.01
27211,1258.16,74380.6,0.59,0.02
27212,1454.28,94288,0.56,0.02
27213,957.98,51078.7,0.7,0.02
27214,344.69,5736.74,0.61,0.06
27215,667.37,34911.7,0.98,0.02
27216,413.67,8285.66,0.61,0.05
27217,896.78,36597.3,0.57,0.02
27218,234.98,3256.24,0.74,0.07
27219,366.04,4714.54,0.44,0.08
27220,218.95,2443.31,0.64,0.09
27221,292.84,4596.13,0.67,0.06
27222,303.56,4948.13,0.67,0.06
27223,349.93,6406.28,0.66,0.05
27224,309.39,4637.77,0.61,0.07
27225,444.34,7219.3,0.46,0.06
27226,346.54,6328.3,0.66,0.05
27227,498.51,11752,0.59,0.04
27228,131.17,998.34,0.73,0.13
27229,800.27,39424.6,0.77,0.02
27230,214.27,2307.69,0.63,0.09
27231,397.46,9310.79,0.74,0.04
27232,1049.03,63029.4,0.72,0.02
27233,786.87,37956.6,0.77,0.02
27234,327.6,6222.58,0.73,0.05
27235,287.51,4812.78,0.73,0.06
27236,263.79,4401.25,0.79,0.06
27237,806.33,20840.9,0.4,0.04
27238,986.47,61061.8,0.79,0.02
27239,1060.38,69744.2,0.78,0.02
27240,460.2,10155,0.6,0.05
27241,233.64,1943.66,0.45,0.12
27242,864.3,31999.4,0.54,0.03
27243,413.21,9537.04,0.7,0.04
27244,418.05,5284.36,0.38,0.08
27245,477.93,12274.6,0.67,0.04
27246,460.93,9141.29,0.54,0.05
27247,24.78,21.45,0.44,1.16
27248,2825.55,292704,0.46,0.01
27249,1363.55,38894.5,0.26,0.04
27250,401.09,414.51,0.03,0.97
27251,145.85,67.05,0.04,2.18
27252,1114.21,37679.9,0.38,0.03
27253,729.51,23956.8,0.57,0.03
27254,574.18,18680.9,0.71,0.03
27255,565.25,20190.5,0.79,0.03
27256,666.3,24841.6,0.7,0.03
27257,349.96,6062.58,0.62,0.06
27258,772.2,11035.7,0.23,0.07
27259,846.44,35600.7,0.62,0.02
27260,726.17,21540.9,0.51,0.03
27261,311.6,5827.27,0.75,0.05
27262,528.4,11952.9,0.54,0.04
27263,498.92,11153.8,0.56,0.04
27264,830.71,42347,0.77,0.02
27265,224.96,3135.13,0.78,0.07
27266,199.16,2371.99,0.75,0.08
27267,278.27,4364.14,0.71,0.06
27268,92.12,438.54,0.65,0.21
27269,90.24,416.25,0.64,0.22
27270,216.27,2458.84,0.66,0.09
27271,216.82,2457.46,0.66,0.09
27272,560.87,19849.6,0.79,0.03
27273,215.85,2173.7,0.59,0.1
27274,148.53,1291.85,0.74,0.11
27275,388.03,6842.33,0.57,0.06
27276,317.02,3367.1,0.42,0.09
27277,198.1,1691.05,0.54,0.12
27278,214.33,2045.29,0.56,0.1
27279,173.34,1514.55,0.63,0.11
27280,379.76,3667.45,0.32,0.1
27281,105.96,623.29,0.7,0.17
27282,872.1,45598.5,0.75,0.02
27283,101.39,810.61,0.99,0.13
27284,974.33,56675.8,0.75,0.02
27285,465.77,13691.8,0.79,0.03
27286,621.84,21409.7,0.7,0.03
27287,675.31,23747.5,0.65,0.03
27288,762.89,28821.8,0.62,0.03
27289,573.99,19389.4,0.74,0.03
27290,610.71,20764.8,0.7,0.03
27291,569.68,16784.1,0.65,0.03
27292,615.09,20824.3,0.69,0.03
27293,599.25,19638.5,0.69,0.03
27294,671.88,24444.1,0.68,0.03
27295,120.69,875.27,0.75,0.14
27296,508.62,15656.4,0.76,0.03
27297,881.42,48221.2,0.78,0.02
27298,526.01,16155.8,0.73,0.03
27299,413.89,9267.05,0.68,0.04
27300,226.84,2955.97,0.72,0.08
27301,675.17,25286.9,0.7,0.03
27302,103.03,816.36,0.97,0.13
27303,405.52,7356.63,0.56,0.06
27304,97.83,330.08,0.43,0.3
27305,183.21,1267.39,0.47,0.14
27306,174.51,1150.47,0.47,0.15
27307,169.57,1790.36,0.78,0.09
27308,156.25,1575.91,0.81,0.1
27309,176.86,1893.32,0.76,0.09
27310,358.36,6544.15,0.64,0.05
27311,146.03,1163.6,0.69,0.13
27312,232.23,3008.67,0.7,0.08
27313,310.61,5925.57,0.77,0.05
27314,292.99,4891.87,0.72,0.06
27315,408.75,10383.4,0.78,0.04
27316,258.93,3843.29,0.72,0.07
27317,533.15,18265.2,0.81,0.03
27318,196.36,1345.1,0.44,0.15
27319,200.39,1753.07,0.55,0.11
27320,215.15,2147.41,0.58,0.1
27321,546.58,19119.5,0.8,0.03
27322,395.37,9651.71,0.78,0.04
27323,431.74,10784.3,0.73,0.04
27324,78.39,366.19,0.75,0.21
27325,343.56,7071.83,0.75,0.05
27326,199.71,1296.47,0.41,0.15
27327,269.49,3772.8,0.65,0.07
27328,266.42,3754.19,0.66,0.07
27329,665.8,12982.5,0.37,0.05
27330,721.03,19696.6,0.48,0.04
27331,602.91,10025.4,0.35,0.06
27332,485.8,10631.5,0.57,0.05
27333,295.22,5371.62,0.77,0.05
27334,329.65,4128.75,0.48,0.08
27335,357.5,6541.15,0.64,0.05
27336,373.58,8420.02,0.76,0.04
27337,17,0.6,0.03,28.33
27338,768.48,35721.9,0.76,0.02
27339,310.98,4397.45,0.57,0.07
27340,1175.76,78011.5,0.71,0.02
27341,753.22,12294.3,0.27,0.06
27342,268.56,5213.49,0.91,0.05
27343,717.63,9985.5,0.24,0.07
27344,1360.87,19721.1,0.13,0.07
27345,626.45,7731.52,0.25,0.08
27346,1694.7,90522.6,0.4,0.02
27347,376.02,6407.7,0.57,0.06
27348,789.51,35662.2,0.72,0.02
27349,396.85,8793.15,0.7,0.05
27350,245.18,3213.59,0.67,0.08
27351,79.27,387.64,0.77,0.2
27352,110.48,714.05,0.73,0.15
27353,335.23,5277.95,0.59,0.06
27354,342.98,6238.11,0.67,0.05
27355,609.96,17219,0.58,0.04
27356,495.52,13105.8,0.67,0.04
27357,458.87,13053,0.78,0.04
27358,310.38,5130.03,0.67,0.06
27359,219.21,2972.21,0.78,0.07
27360,230.08,3302.98,0.78,0.07
27361,220.96,3143.58,0.81,0.07
27362,1237.73,97804.6,0.8,0.01
27363,225.83,3244.6,0.8,0.07
27364,253.11,4086.94,0.8,0.06
27365,1244.32,75059.6,0.61,0.02
27366,224.16,3223.24,0.81,0.07
27367,210.41,2675.58,0.76,0.08
27368,808.89,35069.6,0.67,0.02
27369,805.88,31485.8,0.61,0.03
27370,287.03,3645.5,0.56,0.08
27371,382.81,9254.72,0.79,0.04
27372,550.28,6305.25,0.26,0.09
27373,645.16,27501.4,0.83,0.02
27374,408.18,9847.3,0.74,0.04
27375,451.42,11857.7,0.73,0.04
27376,780.86,31433.2,0.65,0.02
27377,503.59,9353.04,0.46,0.05
27378,615.92,21413.9,0.71,0.03
27379,894.22,48981.2,0.77,0.02
27380,1948.7,120688,0.4,0.02
27381,686.75,16842.7,0.45,0.04
27382,493.87,14144.2,0.73,0.03
27383,1439.65,54085.5,0.33,0.03
27384,343.15,7346.49,0.78,0.05
27385,392.19,9361.4,0.76,0.04
27386,1762.19,92773.6,0.38,0.02
27387,197.93,809.3,0.26,0.24
27388,466.02,1806,0.1,0.26
27389,342.12,6975.2,0.75,0.05
27390,443.89,10565.8,0.67,0.04
27391,191.88,2903.91,0.99,0.07
27392,99.24,376.88,0.48,0.26
27393,124.24,857.18,0.7,0.14
27394,216.58,2325.72,0.62,0.09
27395,237.44,2321.52,0.52,0.1
27396,337.36,4995.02,0.55,0.07
27397,243.47,3850.45,0.82,0.06
27398,417.8,8095.85,0.58,0.05
27399,215.26,2682.57,0.73,0.08
27400,273.41,4473.33,0.75,0.06
27401,244.35,3168.76,0.67,0.08
27402,141.55,889.2,0.56,0.16
27403,127.57,1283.09,0.99,0.1
27404,213.7,1450.56,0.4,0.15
27405,407.34,6910.87,0.52,0.06
27406,277.46,3468.41,0.57,0.08
27407,241.46,2541.59,0.55,0.1
27408,948.9,50739.7,0.71,0.02
27409,101.71,728.25,0.88,0.14
27410,211.57,1600.95,0.45,0.13
27411,230.41,1849.6,0.44,0.12
27412,280.83,4089.54,0.65,0.07
27413,56.17,175.1,0.7,0.32
27414,197.79,2407.03,0.77,0.08
27415,441.62,12424.5,0.8,0.04
27416,41.4,135.13,0.99,0.31
27417,508.7,13635,0.66,0.04
27418,252.27,3376.44,0.67,0.07
27419,583.8,13016.9,0.48,0.04
27420,335.33,5229.24,0.58,0.06
27421,365.69,7341.3,0.69,0.05
27422,375.62,6388.76,0.57,0.06
27423,315.17,2914.62,0.37,0.11
27424,282.91,4726.18,0.74,0.06
27425,469.48,8325.52,0.47,0.06
27426,109.9,519.8,0.54,0.21
27427,288.15,5049.51,0.76,0.06
27428,150.92,1316.53,0.73,0.11
27429,209.68,1825.36,0.52,0.11
27430,284.6,4584.58,0.71,0.06
27431,814.24,22651.3,0.43,0.04
27432,193.49,1450.21,0.49,0.13
27433,813.28,14135.9,0.27,0.06
27434,319.65,5016.81,0.62,0.06
27435,672.12,29097.6,0.81,0.02
27436,766.02,31767.9,0.68,0.02
27437,791.52,34716.5,0.7,0.02
27438,328.92,7559.93,0.88,0.04
27439,395.4,9950.13,0.8,0.04
27440,667.68,31508.1,0.89,0.02
27441,213.9,1007.56,0.28,0.21
27442,76.46,208.54,0.45,0.37
27443,86.63,350.9,0.59,0.25
27444,89.17,273.91,0.43,0.33
27445,326.08,3830.38,0.45,0.09
27446,713.18,30585.3,0.76,0.02
27447,1470.82,92672,0.54,0.02
27448,407.15,8734.97,0.66,0.05
27449,405.74,8612.04,0.66,0.05
27450,408.53,8920.18,0.67,0.05
27451,401.78,8493.77,0.66,0.05
27452,521.08,11145.2,0.52,0.05
27453,672.21,26454.8,0.74,0.03
27454,500.11,15444.1,0.78,0.03
27455,491.44,14715.9,0.77,0.03
27456,480.23,14161.9,0.77,0.03
27457,577.98,20896.6,0.79,0.03
27458,664.95,11336.4,0.32,0.06
27459,672.52,12071.1,0.34,0.06
27460,918.2,30938.4,0.46,0.03
27461,644.19,25115.9,0.76,0.03
27462,661.48,26129.9,0.75,0.03
27463,1152.08,66832.5,0.63,0.02
27464,555.95,18963.3,0.77,0.03
27465,665.74,25181.1,0.71,0.03
27466,728.83,18968.3,0.45,0.04
27467,146.91,1273.06,0.74,0.12
27468,751.19,24018.9,0.53,0.03
27469,364.21,6567.3,0.62,0.06
27470,299.11,2881.88,0.4,0.1
27471,130.56,978.45,0.72,0.13
27472,208.52,2684.94,0.78,0.08
27473,2519.17,238498,0.47,0.01
27474,978.43,57845,0.76,0.02
27475,1191.41,77671.4,0.69,0.02
27476,74.96,358.86,0.8,0.21
27477,52.37,207.18,0.95,0.25
27478,3941.23,428206,0.35,0.01
27479,659.93,17415.4,0.5,0.04
27480,471.48,8833.43,0.5,0.05
27481,655.99,17529.7,0.51,0.04
27482,98.63,554.2,0.72,0.18
27483,506.19,7513.82,0.37,0.07
27484,959.48,23919.7,0.33,0.04
27485,36728.4,52390200,0.49,0
27486,225.1,3327.57,0.82,0.07
27487,779,25457,0.53,0.03
27488,433.99,10875.1,0.73,0.04
27489,292.82,5269.26,0.77,0.06
27490,424.34,12060.7,0.84,0.04
27491,1124.81,56995.6,0.57,0.02
27492,164.35,1350.66,0.63,0.12
27493,165.28,1402.85,0.65,0.12
27494,284.62,4553.27,0.71,0.06
27495,354.47,7433.63,0.74,0.05
27496,372.52,6237.11,0.56,0.06
27497,711.31,30931.2,0.77,0.02
27498,463.26,12755.7,0.75,0.04
27499,448.77,8173.81,0.51,0.05
27500,376.78,7101.43,0.63,0.05
27501,470.54,14409.3,0.82,0.03
27502,60952.5,99640600,0.34,0
27503,1129.92,48808.5,0.48,0.02
27504,1333,48930.5,0.35,0.03
27505,551.92,10554.3,0.44,0.05
27506,433.36,9649.72,0.65,0.04
27507,1411.2,43600.1,0.27,0.03
27508,644.63,12594.8,0.38,0.05
27509,468.19,4970.92,0.28,0.09
27510,230.71,1742.67,0.41,0.13
27511,472.24,4119.51,0.23,0.11
27512,373.41,8582.66,0.77,0.04
27513,727.52,30036.3,0.71,0.02
27514,1300.31,24210.7,0.18,0.05
27515,703.82,7988.46,0.2,0.09
27516,334.31,4738.43,0.53,0.07
27517,2091.21,142285,0.41,0.01
27518,524.65,17373.8,0.79,0.03
27519,159.92,1593.11,0.78,0.1
27520,141.51,1247.8,0.78,0.11
27521,250.36,3368.62,0.68,0.07
27522,257.24,3296.12,0.63,0.08
27523,329.09,5395.7,0.63,0.06
27524,328.41,4784.45,0.56,0.07
27525,1032.81,22017.8,0.26,0.05
27526,1492.44,90711.5,0.51,0.02
27527,289.64,5732.35,0.86,0.05
27528,1178.68,26706.1,0.24,0.04
27529,22675.5,13640600,0.33,0
27530,1019.4,34521.6,0.42,0.03
27531,207.09,2192.56,0.64,0.09
27532,811.62,18681.4,0.36,0.04
27533,289.48,4165.76,0.62,0.07
27534,625.85,15087.4,0.48,0.04
27535,354.14,4721.07,0.47,0.08
27536,417.96,9334.96,0.67,0.04
27537,468.16,12306.6,0.71,0.04
27538,47934.1,47962400,0.26,0
27539,278.43,4440.66,0.72,0.06
27540,353.06,5709.45,0.58,0.06
27541,597.61,19602.2,0.69,0.03
27542,421.85,6876.36,0.49,0.06
27543,494.97,11594.6,0.59,0.04
27544,725.04,21580.8,0.52,0.03
27545,728.6,22283.4,0.53,0.03
27546,205.88,1719.97,0.51,0.12
27547,890.8,30865.9,0.49,0.03
27548,1435.64,110324,0.67,0.01
27549,2947.96,336270,0.49,0.01
27550,1188.98,71563.6,0.64,0.02
27551,1922.53,69127.4,0.23,0.03
27552,157.17,1565.87,0.8,0.1
27553,965.73,29990,0.4,0.03
27554,494.55,10946.2,0.56,0.05
27555,364.01,7488.08,0.71,0.05
27556,581.59,16612.6,0.62,0.04
27557,1294.21,24954.7,0.19,0.05
27558,324.06,6403.83,0.77,0.05
27559,319.44,5473.54,0.67,0.06
27560,417.04,8656.82,0.63,0.05
27561,788.73,35740.1,0.72,0.02
27562,401.06,8337.44,0.65,0.05
27563,521.52,13334.1,0.62,0.04
27564,768.15,19125.6,0.41,0.04
27565,516.31,15119.5,0.71,0.03
27566,425.1,5519.21,0.38,0.08
27567,1017.67,60188.5,0.73,0.02
27568,573.01,17285.8,0.66,0.03
27569,1937.85,167635,0.56,0.01
27570,913.82,39760.2,0.6,0.02
27571,511.89,11982.9,0.57,0.04
27572,1152.77,30434,0.29,0.04
27573,619.1,10282.9,0.34,0.06
27574,408.56,7620.78,0.57,0.05
27575,1805.46,102575,0.4,0.02
27576,868.8,11001.3,0.18,0.08
27577,764.32,11390.9,0.24,0.07
27578,528.02,8190.65,0.37,0.06
27579,1543.93,153024,0.81,0.01
27580,2475.02,279615,0.57,0.01
27581,2947.84,236575,0.34,0.01
27582,655.58,27183.5,0.79,0.02
27583,324.84,7455.77,0.89,0.04
27584,492.22,14764.1,0.77,0.03
27585,796.06,34888.6,0.69,0.02
27586,319.02,4595.9,0.57,0.07
27587,2131.33,80409.9,0.22,0.03
27588,902.31,44640.1,0.69,0.02
27589,244.99,1263.97,0.26,0.19
27590,1309.31,62528.9,0.46,0.02
27591,1011.66,41940.5,0.51,0.02
27592,650.52,19006.3,0.56,0.03
27593,1129.33,56864,0.56,0.02
27594,371.68,5988.3,0.54,0.06
27595,750.28,28006.7,0.62,0.03
27596,346.14,5840.48,0.61,0.06
27597,1166.97,66131.6,0.61,0.02
27598,399.48,6860.09,0.54,0.06
27599,267.96,2224.21,0.39,0.12
27600,381.09,6895.16,0.6,0.06
27601,196.29,2385.85,0.78,0.08
27602,202.15,2416.12,0.74,0.08
27603,184.86,1736.23,0.64,0.11
27604,320.61,6158.63,0.75,0.05
27605,524.73,15139.1,0.69,0.03
27606,507.41,9979.77,0.49,0.05
27607,610.37,23256.3,0.78,0.03
27608,612.92,23383.3,0.78,0.03
27609,431.13,10429.7,0.7,0.04
27610,517.49,11871.8,0.56,0.04
27611,543.43,8620.15,0.37,0.06
27612,553.41,16315.6,0.67,0.03
27613,228.52,3186.04,0.77,0.07
27614,156.84,818.45,0.42,0.19
27615,82.05,223.52,0.42,0.37
27616,545.65,19269.2,0.81,0.03
27617,362.95,7489.69,0.71,0.05
27618,231.62,2972.97,0.7,0.08
27619,231.99,2987.06,0.7,0.08
27620,230.18,2916.86,0.69,0.08
27621,301.35,5673.92,0.78,0.05
27622,223.65,2799.09,0.7,0.08
27623,94.2,441.93,0.63,0.21
27624,159.7,1657.36,0.82,0.1
27625,109.83,261.84,0.27,0.42
27626,459.59,10716.7,0.64,0.04
27627,325.94,7091.35,0.84,0.05
27628,575.82,7280.38,0.28,0.08
27629,128.71,1010.15,0.77,0.13
27630,712.21,32633.8,0.81,0.02
27631,984.92,56414.2,0.73,0.02
27632,830.52,33732.8,0.61,0.02
27633,458.97,7706.01,0.46,0.06
27634,366.62,4579.54,0.43,0.08
27635,319.45,4049.12,0.5,0.08
27636,594.95,12548.8,0.45,0.05
27637,593.63,12740.9,0.45,0.05
27638,447.97,11731.8,0.73,0.04
27639,282.31,4545.92,0.72,0.06
27640,392.94,7556.62,0.61,0.05
27641,416.85,8166.4,0.59,0.05
27642,405.39,8571.99,0.66,0.05
27643,408.28,10069.8,0.76,0.04
27644,533.42,17523.2,0.77,0.03
27645,394.64,9196.6,0.74,0.04
27646,276.04,4753.84,0.78,0.06
27647,214.42,2639.09,0.72,0.08
27648,306.53,5721.92,0.76,0.05
27649,191.65,1881.49,0.64,0.1
27650,231.8,807.11,0.19,0.29
27651,543.03,4780.87,0.2,0.11
27652,246.37,2069.01,0.43,0.12
27653,105.22,619.41,0.7,0.17
27654,117.91,733.25,0.66,0.16
27655,65.38,337.03,0.99,0.19
27656,211.55,2406.98,0.68,0.09
27657,1069.61,67254.8,0.74,0.02
27658,1281.7,108885,0.83,0.01
27659,402.27,5996.03,0.47,0.07
27660,56.01,247.39,0.99,0.23
27661,284.38,4411.9,0.69,0.06
27662,302.36,5185.74,0.71,0.06
27663,50.28,150.08,0.75,0.34
27664,30.25,26.95,0.37,1.12
27665,488.69,12466.2,0.66,0.04
27666,934.92,43300.7,0.62,0.02
27667,225.82,1718.79,0.42,0.13
27668,63.18,179.8,0.57,0.35
27669,174.14,799.97,0.33,0.22
27670,345.6,7656.75,0.81,0.05
27671,1124.67,65060.9,0.65,0.02
27672,395.22,9870.45,0.79,0.04
27673,355.9,7325.22,0.73,0.05
27674,349.65,3202.57,0.33,0.11
27675,190.41,2302.84,0.8,0.08
27676,172.18,1695.39,0.72,0.1
27677,237.37,2294.21,0.51,0.1
27678,138.53,1153.33,0.75,0.12
27679,66.14,236.87,0.68,0.28
27680,302.76,5795.57,0.79,0.05
27681,256.39,3557.85,0.68,0.07
27682,274.09,4073.84,0.68,0.07
27683,252.44,2767.13,0.55,0.09
27684,121.61,586.73,0.5,0.21
27685,1085.87,67468.1,0.72,0.02
27686,336.24,5705.13,0.63,0.06
27687,700.86,26447.4,0.68,0.03
27688,795.3,37996.1,0.75,0.02
27689,138.42,1013.16,0.66,0.14
27690,148.34,757.66,0.43,0.2
27691,139.04,646.36,0.42,0.22
27692,814.39,19122,0.36,0.04
27693,304.3,4996.04,0.68,0.06
27694,345.22,7157.8,0.75,0.05
27695,139.74,1129.52,0.73,0.12
27696,276.08,4566.85,0.75,0.06
27697,424.82,9221.44,0.64,0.05
27698,466.39,12294.1,0.71,0.04
27699,931.34,51170.2,0.74,0.02
27700,269.21,3461.08,0.6,0.08
27701,1564.85,181189,0.93,0.01
27702,624.06,22276.6,0.72,0.03
27703,636.3,23724.1,0.74,0.03
27704,834.51,43922.1,0.79,0.02
27705,131.22,597.45,0.44,0.22
27706,292.26,5033.62,0.74,0.06
27707,202.14,1844.75,0.57,0.11
27708,517.78,14677.2,0.69,0.04
27709,81.71,485.02,0.91,0.17
27710,287.9,2931.09,0.44,0.1
27711,378.54,5094.32,0.45,0.07
27712,256.97,3967.02,0.75,0.06
27713,82.94,494.11,0.9,0.17
27714,62.34,213.97,0.69,0.29
27715,84.21,498.54,0.88,0.17
27716,90.27,548.21,0.85,0.16
27717,225.02,3254.49,0.81,0.07
27718,99.32,654.8,0.83,0.15
27719,99.29,665.91,0.85,0.15
27720,329.07,6491.83,0.75,0.05
27721,650.46,22266.5,0.66,0.03
27722,874.62,21291.5,0.35,0.04
27723,874.55,21058.4,0.35,0.04
27724,1005.31,15362.9,0.19,0.07
27725,465.78,11076.7,0.64,0.04
27726,872.58,21120.2,0.35,0.04
27727,872.14,21261.4,0.35,0.04
27728,868.68,20821.5,0.35,0.04
27729,206.65,1919.77,0.56,0.11
27730,293.77,2981.21,0.43,0.1
27731,169.9,1817.46,0.79,0.09
27732,82.5,339.36,0.63,0.24
27733,306.91,5723.65,0.76,0.05
27734,236.02,3369.27,0.76,0.07
27735,237.53,3352.49,0.75,0.07
27736,295.78,5183.1,0.74,0.06
27737,239.65,3585.22,0.78,0.07
27738,173.07,1499.31,0.63,0.12
27739,299.46,4263.71,0.6,0.07
27740,296.56,3674.3,0.52,0.08
27741,292.69,4392.7,0.64,0.07
27742,212.29,2453.95,0.68,0.09
27743,246.32,3279.86,0.68,0.08
27744,248.34,3669.41,0.75,0.07
27745,284.06,3896.57,0.61,0.07
27746,381.57,6086.55,0.53,0.06
27747,737.01,17636,0.41,0.04
27748,222.2,2961.63,0.75,0.08
27749,377,6690.06,0.59,0.06
27750,353.21,5994.62,0.6,0.06
27751,277.69,4434.76,0.72,0.06
27752,622.32,12813.2,0.42,0.05
27753,480.1,11092.1,0.6,0.04
27754,369.73,7158.23,0.66,0.05
27755,348.46,6357.32,0.66,0.05
27756,358.12,6434.25,0.63,0.06
27757,495.98,14569.5,0.74,0.03
27758,322.38,7199.68,0.87,0.04
27759,660.46,25306.5,0.73,0.03
27760,148.97,1012.47,0.57,0.15
27761,579.74,17576.3,0.66,0.03
27762,87.56,604.57,0.99,0.14
27763,81.79,526.14,0.99,0.16
27764,79.9,397.45,0.78,0.2
27765,1159.47,81345.5,0.76,0.01
27766,233.71,2944.48,0.68,0.08
27767,635.34,13791.8,0.43,0.05
27768,563.13,14119.1,0.56,0.04
27769,364.44,6843.63,0.65,0.05
27770,367.27,7006.8,0.65,0.05
27771,344.93,6241.34,0.66,0.06
27772,336.5,1976.61,0.22,0.17
27773,97.06,586.17,0.78,0.17
27774,89.47,499.64,0.78,0.18
27775,336.81,5739.64,0.64,0.06
27776,471.53,11139,0.63,0.04
27777,414.23,10359.4,0.76,0.04
27778,335.77,5166.5,0.58,0.06
27779,273.78,4326.1,0.72,0.06
27780,1160.22,30866.9,0.29,0.04
27781,840.3,22159.7,0.39,0.04
27782,688.92,13094.8,0.35,0.05
27783,331.88,6757.06,0.77,0.05
27784,310.77,3707.4,0.48,0.08
27785,210.52,2773.34,0.79,0.08
27786,335.17,5066.3,0.57,0.07
27787,334.61,4999.35,0.56,0.07
27788,340.48,5345.1,0.58,0.06
27789,394.36,8780.84,0.71,0.04
27790,392.44,8605.51,0.7,0.05
27791,93.75,692.96,0.99,0.14
27792,186.03,2096.89,0.76,0.09
27793,1440.14,85097,0.52,0.02
27794,459.63,12700.7,0.76,0.04
27795,356.91,5173.98,0.51,0.07
27796,402.01,6195.15,0.48,0.06
27797,480.48,11903,0.65,0.04
27798,499.21,15130.1,0.76,0.03
27799,514.25,11029.6,0.52,0.05
27800,158.54,1545.45,0.77,0.1
27801,250.2,2661.35,0.53,0.09
27802,321.27,4459.45,0.54,0.07
27803,637.89,23429.3,0.72,0.03
27804,69.41,379.78,0.99,0.18
27805,726.51,23214.8,0.55,0.03
27806,148.24,1244.44,0.71,0.12
27807,136.79,730.12,0.49,0.19
27808,170.35,978.6,0.42,0.17
27809,180.68,1340.71,0.52,0.13
27810,663.4,2072.96,0.06,0.32
27811,753.14,25383.1,0.56,0.03
27812,349.83,8214.16,0.84,0.04
27813,312.64,5640.59,0.72,0.06
27814,328.46,5389.05,0.63,0.06
27815,76.73,342.3,0.73,0.22
27816,270.27,4245.74,0.73,0.06
27817,1528.54,94405.1,0.51,0.02
27818,878.99,30009.9,0.49,0.03
27819,915.22,49335.1,0.74,0.02
27820,663.76,25723.7,0.73,0.03
27821,663.85,22302.5,0.64,0.03
27822,322.83,5849.4,0.7,0.06
27823,268.73,4197.98,0.73,0.06
27824,44.75,157.92,0.99,0.28
27825,319.51,5861.89,0.72,0.05
27826,400.14,4847.94,0.38,0.08
27827,380.56,7536.11,0.65,0.05
27828,262.36,4008.53,0.73,0.07
27829,705.75,33109.3,0.83,0.02
27830,85.46,575.82,0.99,0.15
27831,90.39,644.25,0.99,0.14
27832,1346.54,109087,0.76,0.01
27833,1087.59,73062.4,0.78,0.01
27834,349.39,7607.97,0.78,0.05
27835,309.07,5914.25,0.78,0.05
27836,655.66,19157.7,0.56,0.03
27837,406.89,4990.83,0.38,0.08
27838,671.09,19976.5,0.56,0.03
27839,223.37,2727.73,0.69,0.08
27840,236.87,2929.35,0.66,0.08
27841,181.66,2011.29,0.77,0.09
27842,529.29,15241.8,0.68,0.03
27843,322.21,6721.32,0.81,0.05
27844,298.21,5337.97,0.75,0.06
27845,219.61,2368.19,0.62,0.09
27846,312.68,5839.11,0.75,0.05
27847,371.88,5180.64,0.47,0.07
27848,359.06,4561.31,0.44,0.08
27849,408.15,8338.32,0.63,0.05
27850,390.89,7233.31,0.59,0.05
27851,461.27,13059.2,0.77,0.04
27852,231.62,2349.84,0.55,0.1
27853,269.2,3924.2,0.68,0.07
27854,345.8,7522.37,0.79,0.05
27855,381.27,8635.77,0.75,0.04
27856,443.24,12106.7,0.77,0.04
27857,341.81,3201.26,0.34,0.11
27858,442.14,7571.96,0.49,0.06
27859,189.27,2024.01,0.71,0.09
27860,783.32,21227.5,0.43,0.04
27861,106.41,703.6,0.78,0.15
27862,146.32,884.63,0.52,0.17
27863,153.02,883.51,0.47,0.17
27864,203.84,2499.98,0.76,0.08
27865,200.33,2434.52,0.76,0.08
27866,335.05,6724.78,0.75,0.05
27867,392.69,6521.86,0.53,0.06
27868,193.75,1742.11,0.58,0.11
27869,344.18,6741.1,0.71,0.05
27870,369.13,9342.89,0.86,0.04
27871,590.64,19613.3,0.71,0.03
27872,543.22,16349.9,0.7,0.03
27873,513.37,16220.6,0.77,0.03
27874,446.04,5563.54,0.35,0.08
27875,145.15,881.62,0.53,0.16
27876,814.43,42096.6,0.8,0.02
27877,887.67,39948.6,0.64,0.02
27878,348.52,7791.22,0.81,0.04
27879,292.66,5174.36,0.76,0.06
27880,424.17,11309.4,0.79,0.04
27881,209.89,2373.8,0.68,0.09
27882,441.08,9599.23,0.62,0.05
27883,321.02,6474.89,0.79,0.05
27884,377.87,8704.66,0.77,0.04
27885,431.11,11535.6,0.78,0.04
27886,343.22,7737.02,0.82,0.04
27887,164.28,1247.11,0.58,0.13
27888,122.81,937.62,0.78,0.13
27889,335.13,6468.86,0.72,0.05
27890,460.05,13190,0.78,0.03
27891,46.36,164.92,0.96,0.28
27892,552.38,11394,0.47,0.05
27893,427.68,8652,0.59,0.05
27894,325.29,6372.35,0.76,0.05
27895,1075.14,29831.7,0.32,0.04
27896,240.38,3584.19,0.78,0.07
27897,262.83,4196.57,0.76,0.06
27898,435.94,11406.1,0.75,0.04
27899,797.87,15934,0.31,0.05
27900,1512.02,30835.4,0.17,0.05
27901,97.31,516.52,0.69,0.19
27902,52.6,217.95,0.99,0.24
27903,286.38,3673.65,0.56,0.08
27904,659.52,18513.3,0.53,0.04
27905,55.45,242.18,0.99,0.23
27906,253.86,3754.98,0.73,0.07
27907,219.02,2787.84,0.73,0.08
27908,1037.22,54192.1,0.63,0.02
27909,482.13,9003.13,0.49,0.05
27910,801.37,26635.2,0.52,0.03
27911,446.06,10850.9,0.68,0.04
27912,64.48,327.79,0.99,0.2
27913,267.06,3323.6,0.59,0.08
27914,393.41,8506.36,0.69,0.05
27915,440.71,11308.3,0.73,0.04
27916,1524.42,139608,0.75,0.01
27917,1259.05,88651.4,0.7,0.01
27918,275.91,4910.21,0.81,0.06
27919,607,10711.9,0.37,0.06
27920,207.48,1328.81,0.39,0.16
27921,551.4,6552.28,0.27,0.08
27922,504.05,13192.6,0.65,0.04
27923,472.6,1411.06,0.08,0.33
27924,288.61,2734.49,0.41,0.11
27925,165.44,1586.57,0.73,0.1
27926,158.97,1261.9,0.63,0.13
27927,169.91,1582.23,0.69,0.11
27928,204.6,2097.31,0.63,0.1
27929,440.74,5603.18,0.36,0.08
27930,197.99,2180.82,0.7,0.09
27931,193.77,1996.84,0.67,0.1
27932,509.58,8012.25,0.39,0.06
27933,212.39,2403.59,0.67,0.09
27934,362.72,5049.27,0.48,0.07
27935,275.83,3577.6,0.59,0.08
27936,283.87,3486.18,0.54,0.08
27937,162.45,1443.16,0.69,0.11
27938,170.51,1687.5,0.73,0.1
27939,235.27,3136.25,0.71,0.08
27940,792.82,23552,0.47,0.03
27941,214.78,1895.26,0.52,0.11
27942,3512.94,419466,0.43,0.01
27943,75.62,337.03,0.74,0.22
27944,387.81,2831.64,0.24,0.14
27945,206.23,1428.47,0.42,0.14
27946,210.8,1649.49,0.47,0.13
27947,164.99,1698.81,0.78,0.1
27948,1325.31,48507.7,0.35,0.03
27949,461.61,11083.9,0.65,0.04
27950,203.66,1699.93,0.51,0.12
27951,202.23,1516.74,0.47,0.13
27952,250.48,4242.99,0.85,0.06
27953,203.06,878.68,0.27,0.23
27954,244.76,3733.79,0.78,0.07
27955,205.21,2286.9,0.68,0.09
27956,178.92,1478.05,0.58,0.12
27957,154.8,1644.1,0.86,0.09
27958,180.26,2047.62,0.79,0.09
27959,112.41,680,0.68,0.17
27960,321.44,3429.03,0.42,0.09
27961,262.91,2845.31,0.52,0.09
27962,199.66,2010.46,0.63,0.1
27963,331.86,6499.99,0.74,0.05
27964,81.33,407.59,0.77,0.2
27965,253.12,2957.34,0.58,0.09
27966,413.9,10647.9,0.78,0.04
27967,426.61,7054.09,0.49,0.06
27968,444.64,11197.1,0.71,0.04
27969,267.28,3291.9,0.58,0.08
27970,229.54,3277.09,0.78,0.07
27971,330.79,4594.62,0.53,0.07
27972,623.51,24457.5,0.79,0.03
27973,557.1,13654.8,0.55,0.04
27974,111.72,684.93,0.69,0.16
27975,159.45,1065.05,0.53,0.15
27976,678.53,14422.5,0.39,0.05
27977,520.42,9210.61,0.43,0.06
27978,1426.62,82510.8,0.51,0.02
27979,733.32,22656.1,0.53,0.03
27980,265.23,3474.22,0.62,0.08
27981,284.22,4018.29,0.62,0.07
27982,309.01,4375.2,0.58,0.07
27983,327.81,4932.64,0.58,0.07
27984,318.71,4577.19,0.57,0.07
27985,119.98,1133,0.99,0.11
27986,268.68,3711.02,0.65,0.07
27987,259.86,3649.28,0.68,0.07
27988,362.98,4339.66,0.41,0.08
27989,612.33,21777.1,0.73,0.03
27990,169.03,1783.35,0.78,0.09
27991,152.21,1441.33,0.78,0.11
27992,117.99,493.94,0.45,0.24
27993,123.41,576.74,0.48,0.21
27994,97.14,402.24,0.54,0.24
27995,114.32,527.82,0.51,0.22
27996,136.73,1474.15,0.99,0.09
27997,154.44,1467.61,0.77,0.11
27998,139.2,1210.71,0.78,0.11
27999,672.57,17611.8,0.49,0.04
28000,275.91,3266.8,0.54,0.08
28001,354.76,6017.82,0.6,0.06
28002,250.9,3363.71,0.67,0.07
28003,671.15,16417.5,0.46,0.04
28004,1361.42,58891.6,0.4,0.02
28005,547.78,13909.4,0.58,0.04
28006,526.67,9970.79,0.45,0.05
28007,908.35,43768,0.67,0.02
28008,552.3,13404.5,0.55,0.04
28009,326.15,5493.42,0.65,0.06
28010,397.78,9613.74,0.76,0.04
28011,297.58,4983.68,0.71,0.06
28012,305.32,5016.73,0.68,0.06
28013,575.93,20721.1,0.78,0.03
28014,303.42,4878.65,0.67,0.06
28015,283.48,4342.6,0.68,0.07
28016,305.81,4992.68,0.67,0.06
28017,199.55,2554.44,0.81,0.08
28018,376.99,6642.8,0.59,0.06
28019,112.97,715.11,0.7,0.16
28020,18.12,12.63,0.48,1.43
28021,418.86,5770.37,0.41,0.07
28022,221.9,2549.99,0.65,0.09
28023,587.68,21304,0.77,0.03
28024,582.88,18392.6,0.68,0.03
28025,4695.15,807921,0.46,0.01
28026,733.51,12303.9,0.29,0.06
28027,314.88,2695.05,0.34,0.12
28028,408.09,7690.73,0.58,0.05
28029,752.09,18847.1,0.42,0.04
28030,839.07,13276.5,0.24,0.06
28031,52.02,163.58,0.76,0.32
28032,493.87,13957.6,0.72,0.04
28033,434.91,8695.06,0.58,0.05
28034,282.42,4852.71,0.76,0.06
28035,284.33,4881.22,0.76,0.06
28036,459.25,15518.7,0.92,0.03
28037,155.45,1657.04,0.86,0.09
28038,226.78,1802.43,0.44,0.13
28039,371.51,8104.39,0.74,0.05
28040,277.87,3707.68,0.6,0.07
28041,2257.8,40990.8,0.1,0.06
28042,1023.69,66645.1,0.8,0.02
28043,3580.72,395369,0.39,0.01
28044,271.34,3978.02,0.68,0.07
28045,355.61,7605.66,0.76,0.05
28046,1493.66,21160.9,0.12,0.07
28047,1411.52,74060.8,0.47,0.02
28048,693.98,16479.8,0.43,0.04
28049,15.01,0.02,0,750.5
28050,66.16,267.55,0.77,0.25
28051,72.21,291.07,0.7,0.25
28052,337.99,5510.61,0.61,0.06
28053,329.08,4678.56,0.54,0.07
28054,122.01,746.44,0.63,0.16
28055,448.53,8011.05,0.5,0.06
28056,2000.64,155293,0.49,0.01
28057,68.11,169.36,0.46,0.4
28058,251.61,2107.84,0.42,0.12
28059,593.73,23069.2,0.82,0.03
28060,180.46,840.5,0.32,0.21
28061,2114.72,122009,0.34,0.02
28062,354.19,6392.08,0.64,0.06
28063,767.73,30140.8,0.64,0.03
28064,669.02,18753.7,0.53,0.04
28065,472.86,13242.7,0.74,0.04
28066,189.78,2222.95,0.78,0.09
28067,638.04,10071,0.31,0.06
28068,204.76,1981.31,0.59,0.1
28069,240.66,3724.79,0.81,0.06
28070,2202.73,71470.9,0.19,0.03
28071,385.02,7192.82,0.61,0.05
28072,1131.57,46771.2,0.46,0.02
28073,136.88,900.24,0.6,0.15
28074,190.39,1294.87,0.45,0.15
28075,233.49,1411.35,0.33,0.17
28076,198.83,1634.83,0.52,0.12
28077,196.06,1607.37,0.53,0.12
28078,312.17,6034.37,0.78,0.05
28079,348.32,5640.61,0.58,0.06
28080,542.58,10718.7,0.46,0.05
28081,275.16,4292.85,0.71,0.06
28082,318.1,5452.72,0.68,0.06
28083,358.15,6604.75,0.65,0.05
28084,348.62,6366.88,0.66,0.05
28085,350.37,6379.33,0.65,0.05
28086,378.95,7245.49,0.63,0.05
28087,354.72,6533.44,0.65,0.05
28088,383.71,7586.99,0.65,0.05
28089,379.01,7241.91,0.63,0.05
28090,316.04,4147.73,0.52,0.08
28091,381.95,6132.1,0.53,0.06
28092,383.32,7435.06,0.64,0.05
28093,485.74,7068.27,0.38,0.07
28094,389.26,6500.22,0.54,0.06
28095,405.41,9873.83,0.75,0.04
28096,58.89,183.08,0.66,0.32
28097,195.34,2378.98,0.78,0.08
28098,121.9,904.37,0.76,0.13
28099,431.66,12937.3,0.87,0.03
28100,196.76,2375.91,0.77,0.08
28101,313.36,5032.64,0.64,0.06
28102,487.47,12577.2,0.66,0.04
28103,442.85,12029,0.77,0.04
28104,416.09,7856.94,0.57,0.05
28105,354.55,6542.11,0.65,0.05
28106,546.87,7891.71,0.33,0.07
28107,578.71,8735.75,0.33,0.07
28108,504.63,13204.8,0.65,0.04
28109,645.1,24615.6,0.74,0.03
28110,438.28,8299.14,0.54,0.05
28111,193.8,2252.26,0.75,0.09
28112,588.11,8538.8,0.31,0.07
28113,598.55,10976.6,0.38,0.05
28114,373.42,8902.44,0.8,0.04
28115,208.11,2682.74,0.78,0.08
28116,2540.42,109753,0.21,0.02
28117,385.57,7627.5,0.64,0.05
28118,234.94,2808.09,0.64,0.08
28119,1618.55,38466.5,0.18,0.04
28120,705.65,28933.1,0.73,0.02
28121,366.78,6694.86,0.63,0.05
28122,391.29,9901.75,0.81,0.04
28123,392.34,9564.55,0.78,0.04
28124,54.4,232.8,0.99,0.23
28125,54.43,233.09,0.99,0.23
28126,50.79,202.98,0.99,0.25
28127,62.19,254.09,0.83,0.24
28128,121.74,1169.63,0.99,0.1
28129,46.42,169.73,0.99,0.27
28130,49.76,194.87,0.99,0.26
28131,344.84,7039.47,0.74,0.05
28132,335.64,6821.53,0.76,0.05
28133,646.22,14439.5,0.43,0.04
28134,168.53,1864.57,0.82,0.09
28135,134.84,1083.72,0.75,0.12
28136,282.94,3072.98,0.48,0.09
28137,113.53,784.04,0.76,0.14
28138,279.6,3893.83,0.63,0.07
28139,108.99,659.7,0.7,0.17
28140,54.06,177.09,0.76,0.31
28141,108.29,759.1,0.81,0.14
28142,166.24,1527.88,0.69,0.11
28143,97.5,583.82,0.77,0.17
28144,109.11,734.03,0.77,0.15
28145,748.19,22909.3,0.51,0.03
28146,1195.2,72691,0.64,0.02
28147,679.73,17409,0.47,0.04
28148,647.59,10660,0.32,0.06
28149,55.44,241.58,0.99,0.23
28150,114.83,684.46,0.65,0.17
28151,53.83,227.54,0.99,0.24
28152,47.52,177.54,0.99,0.27
28153,42.35,141.13,0.99,0.3
28154,643.24,17061.8,0.52,0.04
28155,1374.11,89814.3,0.6,0.02
28156,390.13,5378.15,0.44,0.07
28157,2106.89,164778,0.47,0.01
28158,361.2,7805.5,0.75,0.05
28159,340.19,7096.57,0.77,0.05
28160,335.92,6680.86,0.74,0.05
28161,172.58,1111.51,0.47,0.16
28162,574.95,19275,0.73,0.03
28163,316.32,5610.06,0.7,0.06
28164,316.92,6178.15,0.77,0.05
28165,115.9,829.65,0.78,0.14
28166,408.53,10474,0.79,0.04
28167,197.36,1431.19,0.46,0.14
28168,428.72,11426.2,0.78,0.04
28169,721.61,31951.3,0.77,0.02
28170,256.91,3644.2,0.69,0.07
28171,473.2,13131.7,0.74,0.04
28172,74.79,441.05,0.99,0.17
28173,970.4,58336,0.78,0.02
28174,796.97,19360.1,0.38,0.04
28175,820.56,15595.4,0.29,0.05
28176,652.47,22636.1,0.67,0.03
28177,494.66,8810.89,0.45,0.06
28178,552.7,10034,0.41,0.06
28179,566.92,10438.8,0.41,0.05
28180,553.91,11385.8,0.47,0.05
28181,573.7,10611.9,0.4,0.05
28182,374.29,8907.12,0.8,0.04
28183,179.06,1835.04,0.72,0.1
28184,383.31,9321.6,0.8,0.04
28185,176.44,1936.59,0.78,0.09
28186,1435.11,49120.7,0.3,0.03
28187,584.03,18432.4,0.68,0.03
28188,441.11,11267.7,0.73,0.04
28189,577.43,20150.7,0.76,0.03
28190,224.87,2054.03,0.51,0.11
28191,372.63,5688.06,0.51,0.07
28192,1274.93,24556.4,0.19,0.05
28193,211.7,1798.26,0.5,0.12
28194,976.07,52887,0.7,0.02
28195,764.73,32761.5,0.7,0.02
28196,272.43,5036.5,0.85,0.05
28197,657.47,25286,0.73,0.03
28198,896.18,32495.9,0.51,0.03
28199,696.43,18559,0.48,0.04
28200,882.74,23174.7,0.37,0.04
28201,220.51,2536.93,0.66,0.09
28202,238.63,2884.67,0.64,0.08
28203,364.36,6906.74,0.65,0.05
28204,541.67,15635.4,0.67,0.03
28205,261.9,3564.98,0.65,0.07
28206,234.5,3005.99,0.69,0.08
28207,214.4,2295.32,0.63,0.09
28208,215.65,2537.84,0.69,0.08
28209,208.05,2151.44,0.62,0.1
28210,145.11,1239.99,0.74,0.12
28211,888.24,45224.1,0.72,0.02
28212,254.48,2828.29,0.55,0.09
28213,286.2,3864.9,0.59,0.07
28214,370.34,3982.1,0.36,0.09
28215,419.97,7787.9,0.55,0.05
28216,113.8,1015.29,0.98,0.11
28217,257.69,3724.35,0.7,0.07
28218,195.89,1408.53,0.46,0.14
28219,242.34,2918.54,0.62,0.08
28220,266.35,3732.62,0.66,0.07
28221,374.04,8385.05,0.75,0.04
28222,332.45,2656.96,0.3,0.13
28223,125.2,537.42,0.43,0.23
28224,193.07,661.09,0.22,0.29
28225,309.15,6131.35,0.81,0.05
28226,446.5,9877.58,0.62,0.05
28227,96.17,234.9,0.32,0.41
28228,117.48,430.75,0.39,0.27
28229,303.6,4262.43,0.58,0.07
28230,243.86,1261.24,0.27,0.19
28231,342.37,1879.81,0.2,0.18
28232,36.87,73.54,0.68,0.5
28233,105,869.26,0.99,0.12
28234,197.38,569.13,0.18,0.35
28235,164.64,461.64,0.21,0.36
28236,223.04,1492.99,0.38,0.15
28237,71.86,181.41,0.44,0.4
28238,309.61,1238.59,0.16,0.25
28239,204.91,1327.57,0.4,0.15
28240,194.98,984.89,0.33,0.2
28241,191.39,814.23,0.28,0.24
28242,92.57,319.87,0.47,0.29
28243,216.15,2238.02,0.6,0.1
28244,539.76,16691.6,0.72,0.03
28245,464.01,11228.8,0.66,0.04
28246,231.78,3616.52,0.85,0.06
28247,616.08,14579.9,0.48,0.04
28248,394.01,4853.16,0.39,0.08
28249,113.24,476.95,0.47,0.24
28250,325.31,6723.79,0.8,0.05
28251,64.89,276.92,0.83,0.23
28252,398.03,8736.76,0.69,0.05
28253,333.42,6436.18,0.73,0.05
28254,1361.21,103001,0.7,0.01
28255,95.51,719.23,0.99,0.13
28256,102.19,399.24,0.48,0.26
28257,102.99,381.34,0.45,0.27
28258,267.36,4419.45,0.78,0.06
28259,474.67,6211.21,0.35,0.08
28260,232.92,2680.24,0.62,0.09
28261,177.63,2018.88,0.8,0.09
28262,248.92,3484.51,0.71,0.07
28263,584.71,4749.86,0.17,0.12
28264,377.24,6870.15,0.61,0.05
28265,207.47,2703.9,0.79,0.08
28266,358.91,6071.11,0.59,0.06
28267,271.2,3064.98,0.52,0.09
28268,276.71,3836.41,0.63,0.07
28269,220.7,2919.86,0.75,0.08
28270,463.7,12029,0.7,0.04
28271,330.61,4704.85,0.54,0.07
28272,269.66,4670.16,0.81,0.06
28273,367.47,7507.65,0.7,0.05
28274,438.07,11904.9,0.78,0.04
28275,349.29,6945.26,0.72,0.05
28276,362.15,7995.8,0.77,0.05
28277,328.68,4468.35,0.52,0.07
28278,232.02,3292.39,0.77,0.07
28279,420.15,7800.21,0.55,0.05
28280,212.44,2811.14,0.78,0.08
28281,255.14,3980.44,0.77,0.06
28282,494.35,13672.6,0.7,0.04
28283,528.34,14789.6,0.67,0.04
28284,489.56,12716.4,0.67,0.04
28285,411.33,10294.3,0.76,0.04
28286,298.72,5443.14,0.77,0.05
28287,164.72,1719.72,0.8,0.1
28288,197.47,2434.64,0.78,0.08
28289,344.74,7424.01,0.78,0.05
28290,262.71,3881.19,0.71,0.07
28291,251.6,2617.44,0.52,0.1
28292,282.61,3909.09,0.61,0.07
28293,268.25,3062.25,0.53,0.09
28294,129.53,695.32,0.52,0.19
28295,231.17,3232.87,0.76,0.07
28296,95.38,446.98,0.62,0.21
28297,88.63,420.42,0.67,0.21
28298,254.69,2593.46,0.5,0.1
28299,83.61,232.77,0.42,0.36
28300,598.99,10054.3,0.35,0.06
28301,227.36,3237.13,0.79,0.07
28302,230.26,2950.9,0.7,0.08
28303,170.81,1819.47,0.78,0.09
28304,77.45,337.56,0.71,0.23
28305,304.75,4772.89,0.65,0.06
28306,186.49,2239.96,0.81,0.08
28307,338.52,6939.05,0.76,0.05
28308,445.57,10423.8,0.66,0.04
28309,451.78,11162.8,0.69,0.04
28310,491.2,12364.6,0.64,0.04
28311,226.2,2819.43,0.69,0.08
28312,279.99,4934.28,0.79,0.06
28313,221.83,2759.38,0.7,0.08
28314,284.91,3989.8,0.62,0.07
28315,339.89,6774.72,0.74,0.05
28316,232.3,2960.16,0.69,0.08
28317,345.76,7641.45,0.8,0.05
28318,286.21,4016.7,0.62,0.07
28319,435.27,10227.3,0.68,0.04
28320,432.68,10333.3,0.69,0.04
28321,142.4,1455.2,0.9,0.1
28322,266.49,3430.08,0.61,0.08
28323,277.8,3465.44,0.56,0.08
28324,263.34,4471.14,0.81,0.06
28325,101.04,554.19,0.68,0.18
28326,94.07,400.36,0.57,0.23
28327,594.18,19785.6,0.7,0.03
28328,220.4,3107.27,0.8,0.07
28329,240.38,3645.98,0.79,0.07
28330,361.96,7613.97,0.73,0.05
28331,438.93,10241.9,0.67,0.04
28332,254.77,4528.28,0.88,0.06
28333,320.08,3589.51,0.44,0.09
28334,373.13,7164.37,0.65,0.05
28335,370.49,6962.29,0.64,0.05
28336,371.39,7114.1,0.65,0.05
28337,457.67,12710.7,0.76,0.04
28338,392.12,8861.53,0.72,0.04
28339,256.19,3534.07,0.68,0.07
28340,267.16,3727.79,0.66,0.07
28341,273.47,3609.34,0.61,0.08
28342,386.22,6437.16,0.54,0.06
28343,278.89,4129.76,0.67,0.07
28344,270.53,3628.76,0.62,0.07
28345,265.44,3509.3,0.63,0.08
28346,160.25,1550.63,0.76,0.1
28347,2109.04,66455.7,0.19,0.03
28348,347.05,5806.97,0.61,0.06
28349,190.85,2200.52,0.76,0.09
28350,283.26,3933.96,0.62,0.07
28351,1701.09,106565,0.46,0.02
28352,3697.58,424340,0.39,0.01
28353,80.33,174.69,0.34,0.46
28354,100.1,739.37,0.93,0.14
28355,524.74,7495.26,0.34,0.07
28356,226.28,3150.81,0.77,0.07
28357,188.71,2077.74,0.73,0.09
28358,181.49,1932.37,0.74,0.09
28359,171.02,1776.19,0.76,0.1
28360,68.51,283.81,0.76,0.24
28361,333.48,6922.4,0.78,0.05
28362,414.2,9840.1,0.72,0.04
28363,44.13,146.89,0.95,0.3
28364,983.97,35236.3,0.46,0.03
28365,165.86,957.03,0.44,0.17
28366,151.65,1393.19,0.76,0.11
28367,1250.08,90014.2,0.72,0.01
28368,555.17,14689.9,0.6,0.04
28369,337.33,7937.18,0.88,0.04
28370,115.71,443.68,0.42,0.26
28371,89.28,392.79,0.62,0.23
28372,558.86,17176.8,0.69,0.03
28373,215.82,1506.48,0.41,0.14
28374,69.43,370.95,0.97,0.19
28375,198.9,1260.15,0.4,0.16
28376,339.34,5294.89,0.58,0.06
28377,232.88,3193.31,0.74,0.07
28378,256.82,3614.18,0.69,0.07
28379,1002.54,42737.3,0.53,0.02
28380,819.16,36247.3,0.68,0.02
28381,1276.32,71048.1,0.55,0.02
28382,198.2,1922.49,0.61,0.1
28383,151.71,1437.26,0.78,0.11
28384,487.29,13000.6,0.69,0.04
28385,173.71,1885.37,0.78,0.09
28386,220.2,2896.68,0.75,0.08
28387,525.41,5063.4,0.23,0.1
28388,125.66,880.53,0.7,0.14
28389,526.23,20086,0.91,0.03
28390,140.3,761.94,0.49,0.18
28391,328.83,6148.6,0.71,0.05
28392,266.3,3410.83,0.6,0.08
28393,373.51,2472.62,0.22,0.15
28394,147.4,1249.99,0.72,0.12
28395,237.48,2605.18,0.58,0.09
28396,245.89,2933.32,0.61,0.08
28397,186.91,1993.74,0.72,0.09
28398,197.68,2127.91,0.68,0.09
28399,203.04,2303.73,0.7,0.09
28400,497.52,13870.2,0.7,0.04
28401,360.34,8499.62,0.82,0.04
28402,858.96,47727.9,0.81,0.02
28403,50.6,59.04,0.29,0.86
28404,142.94,876.29,0.54,0.16
28405,367.23,8589.46,0.8,0.04
28406,397.92,9821.8,0.78,0.04
28407,384.58,7511.08,0.64,0.05
28408,205.48,2585.65,0.77,0.08
28409,313.68,5509.31,0.7,0.06
28410,57.86,124.39,0.47,0.47
28411,97.26,405.29,0.54,0.24
28412,290.22,4112.63,0.61,0.07
28413,282.45,4195.56,0.66,0.07
28414,556.17,16067.4,0.65,0.03
28415,114.87,725.67,0.69,0.16
28416,693.58,17996.1,0.47,0.04
28417,226.51,3227.03,0.79,0.07
28418,75.06,293.18,0.65,0.26
28419,119.13,534.76,0.47,0.22
28420,94.91,496.34,0.69,0.19
28421,75.26,209.6,0.46,0.36
28422,325.1,3437.07,0.41,0.09
28423,202.49,1883.64,0.58,0.11
28424,309.16,3221.04,0.42,0.1
28425,204.72,1958.23,0.59,0.1
28426,257.42,2789.32,0.53,0.09
28427,309.71,5994.78,0.78,0.05
28428,384.26,8588.98,0.73,0.04
28429,350.56,7532.1,0.77,0.05
28430,310.4,6021.83,0.78,0.05
28431,252.99,2568.96,0.5,0.1
28432,218.25,2725.72,0.72,0.08
28433,62.69,184.94,0.59,0.34
28434,374.55,9158.12,0.82,0.04
28435,73.03,318.12,0.75,0.23
28436,308.61,3020.71,0.4,0.1
28437,310.8,3796.73,0.49,0.08
28438,640.61,23359.8,0.71,0.03
28439,217.62,1486.93,0.39,0.15
28440,397.38,9716.67,0.77,0.04
28441,718.03,22496.5,0.55,0.03
28442,593.21,15405.9,0.55,0.04
28443,484.11,13187.8,0.71,0.04
28444,280.79,4708.88,0.75,0.06
28445,294.28,2902.57,0.42,0.1
28446,57.73,249.78,0.94,0.23
28447,333.3,7437.64,0.84,0.04
28448,516.33,7059.41,0.33,0.07
28449,972.69,11018.2,0.15,0.09
28450,709.86,6299.2,0.16,0.11
28451,188.87,1239.96,0.44,0.15
28452,217.45,1525.12,0.41,0.14
28453,402.74,7875.5,0.61,0.05
28454,355.25,7273.13,0.72,0.05
28455,46.56,97.18,0.56,0.48
28456,39.12,84.04,0.69,0.47
28457,5785.65,741503,0.28,0.01
28458,56.28,249.98,0.99,0.23
28459,432.6,6725.28,0.45,0.06
28460,76.07,457.3,0.99,0.17
28461,210.74,2400.87,0.68,0.09
28462,235.73,1331.61,0.3,0.18
28463,201.78,1269.15,0.39,0.16
28464,220.38,2038.57,0.53,0.11
28465,235.7,2717.37,0.61,0.09
28466,124.16,910.89,0.74,0.14
28467,140.39,1221.68,0.78,0.11
28468,160.57,1452.69,0.71,0.11
28469,363.83,4542.36,0.43,0.08
28470,353.52,3640.15,0.37,0.1
28471,353.52,3640.05,0.37,0.1
28472,359.47,4096.01,0.4,0.09
28473,353.52,3639.86,0.37,0.1
28474,156.53,1296.29,0.66,0.12
28475,156.54,1296.32,0.66,0.12
28476,353.53,3640.13,0.37,0.1
28477,627.49,23337.9,0.74,0.03
28478,649.66,25325.9,0.75,0.03
28479,483.96,15078,0.81,0.03
28480,490.21,11487.7,0.6,0.04
28481,255.58,4116.82,0.79,0.06
28482,176.81,1692.94,0.68,0.1
28483,550.75,17172.4,0.71,0.03
28484,546.4,16731.4,0.7,0.03
28485,481.06,10815.3,0.59,0.04
28486,264.12,4355.67,0.78,0.06
28487,612.17,16405,0.55,0.04
28488,553.43,18983.2,0.78,0.03
28489,24.46,1.63,0.03,15.01
28490,930.69,51766.6,0.75,0.02
28491,792.87,30330.3,0.61,0.03
28492,558.99,20808.5,0.84,0.03
28493,178.12,2037.81,0.81,0.09
28494,223.91,3072.45,0.77,0.07
28495,397.26,8928.12,0.71,0.04
28496,96.48,377.99,0.51,0.26
28497,285.09,3847.49,0.59,0.07
28498,147.04,862.09,0.5,0.17
28499,169.57,1286.95,0.56,0.13
28500,447.78,7835.36,0.49,0.06
28501,143.49,1013.46,0.62,0.14
28502,342.48,7379.28,0.79,0.05
28503,82.63,160.71,0.3,0.51
28504,1453.34,99938.5,0.59,0.01
28505,366.94,7691.81,0.72,0.05
28506,483.22,15130.7,0.81,0.03
28507,1351.25,73866.7,0.51,0.02
28508,590.19,21424.1,0.77,0.03
28509,310.22,4054.11,0.53,0.08
28510,262.68,3681.08,0.67,0.07
28511,258,3984.78,0.75,0.06
28512,23317.5,11163000,0.26,0
28513,303.67,6481.26,0.88,0.05
28514,14180.3,6207730,0.39,0
28515,246.89,2211.8,0.46,0.11
28516,310.44,4230.19,0.55,0.07
28517,588.04,10333.8,0.38,0.06
28518,4053.18,466146,0.36,0.01
28519,1579.12,40876,0.21,0.04
28520,423.87,11059.9,0.77,0.04
28521,167.2,689.5,0.31,0.24
28522,640.9,14998.1,0.46,0.04
28523,131.47,880.93,0.64,0.15
28524,249.04,1931.28,0.39,0.13
28525,1288.3,48399.8,0.37,0.03
28526,797.96,30121.6,0.59,0.03
28527,545.1,8754.91,0.37,0.06
28528,2342.5,160927,0.37,0.01
28529,92.49,455.27,0.67,0.2
28530,130.56,1051.26,0.77,0.12
28531,533.98,18008.7,0.79,0.03
28532,402.83,8420.83,0.65,0.05
28533,134.76,979.48,0.68,0.14
28534,268,4488.73,0.78,0.06
28535,223.74,3228.52,0.81,0.07
28536,229.46,2835.41,0.68,0.08
28537,203.58,1797.6,0.54,0.11
28538,244.49,3457.71,0.73,0.07
28539,260.73,4278.01,0.79,0.06
28540,1170.28,54612.9,0.5,0.02
28541,330.51,7455.37,0.86,0.04
28542,632.78,17036,0.53,0.04
28543,478.9,14603.4,0.8,0.03
28544,237.14,3433.89,0.77,0.07
28545,306.52,4790.48,0.64,0.06
28546,315.69,5292.68,0.67,0.06
28547,388.7,9400.48,0.78,0.04
28548,954.35,26412.5,0.36,0.04
28549,615.4,25475.2,0.84,0.02
28550,289.93,5192.42,0.78,0.06
28551,334.1,2986.93,0.34,0.11
28552,1117.2,54538.7,0.55,0.02
28553,466.43,14763.6,0.85,0.03
28554,722.83,26698.9,0.64,0.03
28555,671.75,18812.4,0.52,0.04
28556,600.46,22103.1,0.77,0.03
28557,632.88,18085.9,0.57,0.03
28558,540.57,18205.9,0.78,0.03
28559,370.35,8929.88,0.82,0.04
28560,922.64,59542.1,0.88,0.02
28561,361.7,7631.73,0.73,0.05
28562,628.25,15736.6,0.5,0.04
28563,244.59,4018.15,0.84,0.06
28564,373.15,3848.99,0.35,0.1
28565,242.33,2965.32,0.63,0.08
28566,64.83,138.99,0.42,0.47
28567,701.34,20460.6,0.52,0.03
28568,754.37,28216.7,0.62,0.03
28569,625.73,11104.4,0.36,0.06
28570,90.61,647.3,0.99,0.14
28571,124.59,947.5,0.77,0.13
28572,79.53,498.66,0.99,0.16
28573,987.69,47582,0.61,0.02
28574,670.28,10402.9,0.29,0.06
28575,298.96,4373.1,0.61,0.07
28576,297.25,4354.21,0.62,0.07
28577,97.8,754.16,0.99,0.13
28578,215.53,2731.87,0.74,0.08
28579,577.42,21056.1,0.79,0.03
28580,209.81,2538.18,0.72,0.08
28581,134.69,783.71,0.54,0.17
28582,1081.93,59364.2,0.64,0.02
28583,95.99,360.81,0.49,0.27
28584,596.35,19759.2,0.7,0.03
28585,1007.98,43832.5,0.54,0.02
28586,513.88,15399.7,0.73,0.03
28587,337.33,771.69,0.09,0.44
28588,57.85,263.89,0.99,0.22
28589,1424.49,61943.9,0.38,0.02
28590,995.46,50322.8,0.64,0.02
28591,652.22,15491.3,0.46,0.04
28592,759.93,36982.3,0.8,0.02
28593,599.48,21812.8,0.76,0.03
28594,963.15,19418.5,0.26,0.05
28595,206.11,992.18,0.29,0.21
28596,657.29,19954.3,0.58,0.03
28597,329.66,6172.57,0.71,0.05
28598,95.82,395.65,0.54,0.24
28599,252.24,3948.21,0.78,0.06
28600,480.7,12806.7,0.7,0.04
28601,605.54,18593.7,0.64,0.03
28602,473.53,12042.8,0.67,0.04
28603,731.33,12582,0.3,0.06
28604,420.42,8354.18,0.59,0.05
28605,397.77,7540.55,0.6,0.05
28606,423.97,8642.35,0.6,0.05
28607,744.39,35236.5,0.8,0.02
28608,384.64,7757.41,0.66,0.05
28609,686.76,24796.7,0.66,0.03
28610,84.86,436.28,0.76,0.19
28611,337.74,5620.36,0.62,0.06
28612,329.69,6843.8,0.79,0.05
28613,157.8,1035.64,0.52,0.15
28614,87.64,528.14,0.86,0.17
28615,137.07,1165.55,0.78,0.12
28616,317.74,4643.54,0.58,0.07
28617,60.57,157.34,0.54,0.38
28618,77.38,346.07,0.73,0.22
28619,242.88,3415.32,0.73,0.07
28620,809.54,40109.9,0.77,0.02
28621,512.25,16394.6,0.78,0.03
28622,332.11,6853.65,0.78,0.05
28623,503.56,15702,0.78,0.03
28624,489.56,14925.9,0.78,0.03
28625,328.39,6351.97,0.74,0.05
28626,613.18,20055.2,0.67,0.03
28627,50.32,199.67,0.99,0.25
28628,177.71,1969.86,0.78,0.09
28629,437.8,11969.5,0.78,0.04
28630,1008.13,45072,0.56,0.02
28631,278.91,4972.97,0.8,0.06
28632,260.95,4163.76,0.77,0.06
28633,255.84,2473.8,0.47,0.1
28634,925.11,24616,0.36,0.04
28635,2211.68,80878.2,0.21,0.03
28636,1033.51,38591.2,0.45,0.03
28637,2198.16,53427.7,0.14,0.04
28638,141.97,633.76,0.39,0.22
28639,162.09,868.27,0.42,0.19
28640,166.44,1760.31,0.8,0.09
28641,279.29,4517.36,0.73,0.06
28642,266.27,808.92,0.14,0.33
28643,255.28,3622.44,0.7,0.07
28644,372.36,10094,0.91,0.04
28645,196.66,2599.43,0.84,0.08
28646,298.94,4538.58,0.64,0.07
28647,90.71,648.83,0.99,0.14
28648,259.33,2642.83,0.49,0.1
28649,231.35,3139.11,0.74,0.07
28650,196.64,1998.44,0.65,0.1
28651,179.9,1900.18,0.74,0.09
28652,268.47,4232.66,0.74,0.06
28653,699.26,29088.6,0.75,0.02
28654,353.14,5751.92,0.58,0.06
28655,322.27,5900.61,0.71,0.05
28656,47.69,179.29,0.99,0.27
28657,97.73,430.93,0.57,0.23
28658,141.82,944.89,0.59,0.15
28659,285.91,4413.41,0.68,0.06
28660,275.56,3803.06,0.63,0.07
28661,318.52,6271.4,0.78,0.05
28662,172.25,1671.35,0.71,0.1
28663,173.65,1431.86,0.6,0.12
28664,97.39,532.52,0.71,0.18
28665,102.86,606.52,0.72,0.17
28666,347.56,4683.1,0.49,0.07
28667,108.24,338.67,0.36,0.32
28668,1608.06,78713.1,0.38,0.02
28669,172.18,1745.88,0.74,0.1
28670,158.58,1240.91,0.62,0.13
28671,116.99,813.23,0.75,0.14
28672,903.63,49367.9,0.76,0.02
28673,717.46,22893.2,0.56,0.03
28674,298.25,3441.79,0.49,0.09
28675,433.64,7508.43,0.5,0.06
28676,553.56,8517.16,0.35,0.06
28677,237.2,3036.12,0.68,0.08
28678,154.53,427.55,0.22,0.36
28679,72.77,417.06,0.99,0.17
28680,738.25,27093,0.62,0.03
28681,388.74,7225.13,0.6,0.05
28682,253.49,3064.46,0.6,0.08
28683,71.91,296.56,0.72,0.24
28684,82.86,445.84,0.82,0.19
28685,43.76,84.29,0.55,0.52
28686,406.27,2883.32,0.22,0.14
28687,612.93,21899.2,0.73,0.03
28688,208.05,2664.28,0.77,0.08
28689,378.72,6149.98,0.54,0.06
28690,702.01,16848.4,0.43,0.04
28691,1030.98,60875.9,0.72,0.02
28692,643.26,21719.2,0.66,0.03
28693,485.96,13988.5,0.74,0.03
28694,484.82,13968.8,0.75,0.03
28695,489.22,14331.5,0.75,0.03
28696,342.48,5478.42,0.59,0.06
28697,340.26,5357.7,0.58,0.06
28698,430.28,11248.1,0.76,0.04
28699,559.33,19867.3,0.8,0.03
28700,93.7,692.27,0.99,0.14
28701,469.26,9329,0.53,0.05
28702,368.94,5701.44,0.53,0.06
28703,496.73,15879.1,0.81,0.03
28704,607.01,23431.2,0.8,0.03
28705,240.79,3283.21,0.71,0.07
28706,1067.4,28634.2,0.32,0.04
28707,756.63,25539.8,0.56,0.03
28708,139.15,1139.99,0.74,0.12
28709,959.05,53747.5,0.73,0.02
28710,550.07,19307.5,0.8,0.03
28711,662.46,12117.6,0.35,0.05
28712,928.64,16542.4,0.24,0.06
28713,345.28,5939.78,0.63,0.06
28714,329.07,5060.93,0.59,0.07
28715,129.8,732.78,0.55,0.18
28716,582.05,12329.6,0.46,0.05
28717,321.47,2407.43,0.29,0.13
28718,545.81,18957.9,0.8,0.03
28719,190.81,2234.83,0.77,0.09
28720,1176.75,57348.2,0.52,0.02
28721,1083.28,64284.1,0.69,0.02
28722,498.57,11552,0.58,0.04
28723,139.84,1287.77,0.83,0.11
28724,314.44,5301.94,0.67,0.06
28725,687.61,11850.6,0.31,0.06
28726,324.28,6069.39,0.72,0.05
28727,162.52,1354.65,0.64,0.12
28728,441.98,8382.09,0.54,0.05
28729,1639.09,26006.7,0.12,0.06
28730,295.04,3731.42,0.54,0.08
28731,163.51,1649.48,0.77,0.1
28732,267.49,3142.31,0.55,0.09
28733,92.27,424.02,0.63,0.22
28734,802.81,39916.2,0.78,0.02
28735,1313.16,54539.9,0.4,0.02
28736,534.66,18332.7,0.81,0.03
28737,428.11,10534.7,0.72,0.04
28738,382.99,8404.12,0.72,0.05
28739,177.84,2493.77,0.99,0.07
28740,330.62,2459.97,0.28,0.13
28741,106.24,671.03,0.75,0.16
28742,109,748.74,0.79,0.15
28743,393.42,8214.99,0.67,0.05
28744,225.27,3046.48,0.75,0.07
28745,206.42,2451.57,0.72,0.08
28746,239.59,3549.98,0.78,0.07
28747,293.48,4512.19,0.66,0.07
28748,588.21,21501.6,0.78,0.03
28749,406.57,8070.86,0.61,0.05
28750,414.14,8737.53,0.64,0.05
28751,454.43,10176.9,0.62,0.04
28752,179.2,1865.81,0.73,0.1
28753,750.03,28289.3,0.63,0.03
28754,68.7,372.13,0.99,0.18
28755,210.3,1984.5,0.56,0.11
28756,510.59,7472.57,0.36,0.07
28757,385.94,4162.33,0.35,0.09
28758,759.91,27325.1,0.59,0.03
28759,512.58,13636.9,0.65,0.04
28760,316.45,5044.82,0.63,0.06
28761,336,2381.21,0.26,0.14
28762,282.51,2324.3,0.37,0.12
28763,275.48,4459.81,0.74,0.06
28764,968.16,48272.4,0.65,0.02
28765,959.08,38318.1,0.52,0.03
28766,542.46,16621.6,0.71,0.03
28767,296.92,6109.94,0.87,0.05
28768,684.33,23509.4,0.63,0.03
28769,561.07,18352.5,0.73,0.03
28770,447.48,10028.9,0.63,0.04
28771,548.94,15373.2,0.64,0.04
28772,730.78,30881,0.73,0.02
28773,810.92,41644.4,0.8,0.02
28774,128.92,1310.08,0.99,0.1
28775,329.18,5965.6,0.69,0.06
28776,553.03,12192.4,0.5,0.05
28777,482.63,9015.06,0.49,0.05
28778,719.07,16403.2,0.4,0.04
28779,602.53,13617.8,0.47,0.04
28780,143.75,939.09,0.57,0.15
28781,117.21,684.38,0.63,0.17
28782,118.38,708.86,0.64,0.17
28783,117.59,691.76,0.63,0.17
28784,179.07,890,0.35,0.2
28785,98.98,529.83,0.68,0.19
28786,389.68,3919.15,0.32,0.1
28787,576.22,12967.8,0.49,0.04
28788,117.61,879.45,0.8,0.13
28789,77.89,295.13,0.61,0.26
28790,106.74,593.69,0.65,0.18
28791,87.13,447.79,0.74,0.19
28792,217.45,2612.62,0.69,0.08
28793,214.6,2497.9,0.68,0.09
28794,220.47,2695.4,0.7,0.08
28795,385.34,8287.93,0.7,0.05
28796,177.44,1848.82,0.74,0.1
28797,228.84,2839.29,0.68,0.08
28798,447.17,12728.4,0.8,0.04
28799,226.87,2371.15,0.58,0.1
28800,296.02,5156.94,0.74,0.06
28801,284.97,5031.54,0.78,0.06
28802,378.43,6579.4,0.58,0.06
28803,706.07,20482.6,0.52,0.03
28804,544.77,8069.76,0.34,0.07
28805,337.07,6728.42,0.74,0.05
28806,1018.12,43510.2,0.53,0.02
28807,277.03,3256.92,0.53,0.09
28808,595.81,10849.8,0.38,0.05
28809,450.38,9626.05,0.6,0.05
28810,782.6,20086.5,0.41,0.04
28811,416.63,6905.02,0.5,0.06
28812,250.01,3510.38,0.71,0.07
28813,933.26,19054.1,0.27,0.05
28814,280.9,3350.07,0.53,0.08
28815,64.97,143.37,0.43,0.45
28816,379.69,1407.86,0.12,0.27
28817,263.84,779.82,0.14,0.34
28818,569.49,10140.6,0.39,0.06
28819,260.33,1337.76,0.25,0.19
28820,653.46,22655.9,0.67,0.03
28821,2171.78,233355,0.62,0.01
28822,581.5,21280.8,0.79,0.03
28823,331.32,5506.93,0.63,0.06
28824,546.56,16395.5,0.69,0.03
28825,2760.27,116697,0.19,0.02
28826,580.9,18160.4,0.68,0.03
28827,531.37,15554.4,0.69,0.03
28828,851.13,31112.2,0.54,0.03
28829,607.11,12047.9,0.41,0.05
28830,214.76,2846.92,0.78,0.08
28831,389.61,7770.02,0.64,0.05
28832,346.47,6844.28,0.72,0.05
28833,390.14,3932.51,0.32,0.1
28834,479.13,11842.5,0.65,0.04
28835,325.32,6481.44,0.77,0.05
28836,590.64,21089.1,0.76,0.03
28837,1639,121731,0.57,0.01
28838,341.48,7256.28,0.78,0.05
28839,832.56,37767.4,0.68,0.02
28840,1682.98,24618.7,0.11,0.07
28841,498.52,15574.4,0.79,0.03
28842,314.01,3094.27,0.39,0.1
28843,534.79,5606.17,0.25,0.1
28844,958.93,10665.9,0.15,0.09
28845,962.22,43983.8,0.6,0.02
28846,1054.17,69058.5,0.78,0.02
28847,784.25,31680.4,0.65,0.02
28848,622.84,23205.5,0.75,0.03
28849,648.26,26844.9,0.8,0.02
28850,268.09,2533.56,0.44,0.11
28851,2042.15,183828,0.55,0.01
28852,574.4,19667.7,0.75,0.03
28853,388.03,3821.13,0.32,0.1
28854,244.04,3296.26,0.7,0.07
28855,207.22,2339.28,0.68,0.09
28856,229.95,2955.77,0.7,0.08
28857,211.86,2880.03,0.81,0.07
28858,384.25,6689.78,0.57,0.06
28859,240.89,3594.05,0.78,0.07
28860,214.23,1432.14,0.39,0.15
28861,271.66,3831.56,0.65,0.07
28862,438.25,11324.1,0.74,0.04
28863,438.69,11738.2,0.77,0.04
28864,1656.32,11881.1,0.05,0.14
28865,603.96,3997.99,0.14,0.15
28866,171.93,781.57,0.33,0.22
28867,216.74,725.74,0.19,0.3
28868,391,1403.18,0.12,0.28
28869,143.05,675.88,0.41,0.21
28870,829.24,6936.31,0.13,0.12
28871,354.23,7806.76,0.78,0.05
28872,188.77,2201.5,0.78,0.09
28873,205.4,2264.99,0.67,0.09
28874,224.96,881.41,0.22,0.26
28875,164.24,1610.82,0.75,0.1
28876,525.16,16719.8,0.76,0.03
28877,412.68,2706.04,0.2,0.15
28878,105.55,455.3,0.51,0.23
28879,197.27,1403.33,0.45,0.14
28880,1497.65,122980,0.69,0.01
28881,1170.84,84554.5,0.77,0.01
28882,910.81,54921.4,0.83,0.02
28883,160.45,1177.4,0.57,0.14
28884,670.82,27533.5,0.77,0.02
28885,468.56,12039.8,0.69,0.04
28886,405.27,7234.48,0.55,0.06
28887,479.38,13160.7,0.72,0.04
28888,546.71,18449.3,0.78,0.03
28889,344.25,5083.24,0.54,0.07
28890,995.19,16082.6,0.2,0.06
28891,1028.01,22810,0.27,0.05
28892,394.54,4426.92,0.36,0.09
28893,132.09,799.04,0.58,0.17
28894,193.98,2507.96,0.84,0.08
28895,141.43,878.61,0.55,0.16
28896,276.36,1940.49,0.32,0.14
28897,433.9,9185.08,0.61,0.05
28898,330.69,4603.38,0.53,0.07
28899,287,2199.64,0.34,0.13
28900,589.94,13922,0.5,0.04
28901,295.14,2248.05,0.32,0.13
28902,272.16,1852.56,0.31,0.15
28903,473.42,2864.19,0.16,0.17
28904,474.39,3656.58,0.2,0.13
28905,265.16,2246.22,0.4,0.12
28906,253.34,2116.58,0.41,0.12
28907,117.61,748.84,0.68,0.16
28908,232.07,1809.65,0.42,0.13
28909,211.9,1751.1,0.49,0.12
28910,263.03,1815.93,0.33,0.14
28911,222.37,2361.16,0.6,0.09
28912,240.47,3670.67,0.8,0.07
28913,142.33,763.57,0.47,0.19
28914,196.2,2380.42,0.78,0.08
28915,633.34,26582.9,0.83,0.02
28916,748.15,21637.3,0.49,0.03
28917,383.75,5310.12,0.45,0.07
28918,449.08,5171.26,0.32,0.09
28919,789.95,44678.3,0.9,0.02
28920,698.11,24273.5,0.63,0.03
28921,626.53,23096.2,0.74,0.03
28922,451.79,13174.1,0.81,0.03
28923,209.41,1709.33,0.49,0.12
28924,860.07,45443.6,0.77,0.02
28925,522.5,7899.74,0.36,0.07
28926,661.87,18829.8,0.54,0.04
28927,517.07,13193,0.62,0.04
28928,440.68,8074.8,0.52,0.05
28929,949.12,54500.8,0.76,0.02
28930,1039.57,67464.3,0.78,0.02
28931,1032.99,66232.6,0.78,0.02
28932,885.95,48394.5,0.77,0.02
28933,459.93,7495.92,0.45,0.06
28934,805.55,35923.2,0.7,0.02
28935,307.24,5773.22,0.77,0.05
28936,498.56,15962.4,0.81,0.03
28937,1046.75,53047.3,0.61,0.02
28938,287.66,4407.04,0.67,0.07
28939,261.78,2701.94,0.5,0.1
28940,356.7,7383.07,0.73,0.05
28941,284.61,4595.86,0.71,0.06
28942,269.27,3265.08,0.57,0.08
28943,290.33,4256.64,0.63,0.07
28944,569.32,17073.1,0.66,0.03
28945,223.46,3006.18,0.76,0.07
28946,265.27,3912.13,0.7,0.07
28947,177.36,1958.82,0.78,0.09
28948,104.89,754.39,0.86,0.14
28949,86.66,522.85,0.87,0.17
28950,352.24,3392.98,0.34,0.1
28951,85.45,508.72,0.88,0.17
28952,725.2,36617.9,0.87,0.02
28953,210.39,2147.99,0.61,0.1
28954,1162.04,79988.3,0.74,0.01
28955,68.29,317.81,0.86,0.21
28956,478.15,10589.5,0.58,0.05
28957,184.98,1595.91,0.59,0.12
28958,549.96,13067.5,0.54,0.04
28959,676.39,16646.6,0.46,0.04
28960,710.95,31264.6,0.78,0.02
28961,301.24,3597.48,0.5,0.08
28962,432.44,10693.4,0.72,0.04
28963,856.09,25610,0.44,0.03
28964,293.04,4510.09,0.66,0.06
28965,490.13,7846.27,0.41,0.06
28966,490.6,7700.29,0.4,0.06
28967,476.16,11959.1,0.66,0.04
28968,717.78,23283.7,0.57,0.03
28969,385.75,3198.05,0.27,0.12
28970,345.84,2272.18,0.24,0.15
28971,205.75,1310.68,0.39,0.16
28972,161.39,908.36,0.44,0.18
28973,659.89,10942.7,0.32,0.06
28974,244.86,3929.88,0.82,0.06
28975,416.91,7702.06,0.56,0.05
28976,450.27,7877.74,0.49,0.06
28977,418.29,5241.38,0.38,0.08
28978,388.28,2703.39,0.23,0.14
28979,409.74,4682.8,0.35,0.09
28980,430.71,6717.76,0.45,0.06
28981,402.66,4991.59,0.39,0.08
28982,428.94,2646.68,0.18,0.16
28983,420.68,9089.41,0.65,0.05
28984,213,2315.93,0.64,0.09
28985,563.65,17278.9,0.68,0.03
28986,588.3,20695.6,0.75,0.03
28987,699.75,22733.8,0.58,0.03
28988,122.44,2.75,0,44.52
28989,212.37,2746.57,0.76,0.08
28990,373.28,8634.54,0.78,0.04
28991,370.85,8510.15,0.78,0.04
28992,386.61,8849,0.74,0.04
28993,155.55,1062.36,0.55,0.15
28994,485.06,5615.47,0.3,0.09
28995,174.21,1891.72,0.78,0.09
28996,280,4054.95,0.65,0.07
28997,116.92,628.15,0.58,0.19
28998,72.27,411.78,0.99,0.18
28999,458.07,12697.4,0.76,0.04
29000,625.51,21757.4,0.7,0.03
29001,836.56,29450.4,0.53,0.03
29002,543.55,19235.4,0.82,0.03
29003,712.2,28091.3,0.7,0.03
29004,510.74,11909,0.57,0.04
29005,406.9,5396.62,0.41,0.08
29006,374.46,5143.48,0.46,0.07
29007,314.42,4676.33,0.59,0.07
29008,297.43,3674.46,0.52,0.08
29009,296.9,3610.61,0.51,0.08
29010,303.08,3943.88,0.54,0.08
29011,730.07,31660.6,0.75,0.02
29012,164.17,1282.66,0.6,0.13
29013,167.01,1913.16,0.86,0.09
29014,269.74,3844.76,0.66,0.07
29015,351.62,3904.76,0.4,0.09
29016,373.06,5266.26,0.48,0.07
29017,375.61,8131.24,0.72,0.05
29018,733.11,32687.1,0.76,0.02
29019,190.27,1041.93,0.36,0.18
29020,201.87,1025.46,0.32,0.2
29021,463.01,13332,0.78,0.03
29022,712.75,30127.4,0.74,0.02
29023,643.28,23355.7,0.71,0.03
29024,278.7,4305.58,0.7,0.06
29025,619.69,19266.3,0.63,0.03
29026,656.54,25218.9,0.73,0.03
29027,147.8,755.85,0.43,0.2
29028,249.33,3851.93,0.78,0.06
29029,271.6,3527.69,0.6,0.08
29030,287.19,4332.41,0.66,0.07
29031,283.72,4178.19,0.65,0.07
29032,182.84,1970.29,0.74,0.09
29033,444.17,8667.12,0.55,0.05
29034,246.07,3408.28,0.71,0.07
29035,211.68,1835.33,0.51,0.12
29036,326.49,5586.08,0.66,0.06
29037,727.94,20585,0.49,0.04
29038,309.63,5415.43,0.71,0.06
29039,160.59,1479.2,0.72,0.11
29040,266.3,4096.33,0.73,0.07
29041,254.72,3225.44,0.62,0.08
29042,260.58,3525.97,0.65,0.07
29043,256.87,3390.76,0.65,0.08
29044,260.74,3597.95,0.66,0.07
29045,251.58,3213.71,0.64,0.08
29046,223.66,1788.96,0.45,0.13
29047,220.21,3005.29,0.78,0.07
29048,223.21,2405.37,0.61,0.09
29049,285,3433.03,0.53,0.08
29050,181.66,1751.79,0.67,0.1
29051,184.23,1802.13,0.67,0.1
29052,254.89,3675.23,0.71,0.07
29053,284.74,3683.58,0.57,0.08
29054,232.96,2742.4,0.63,0.08
29055,241.53,3164.86,0.68,0.08
29056,235.44,2983.68,0.68,0.08
29057,173.25,1647.96,0.69,0.11
29058,266.48,3857.74,0.68,0.07
29059,254.69,3228.82,0.63,0.08
29060,237.06,2884.45,0.64,0.08
29061,220.97,2600.91,0.67,0.08
29062,305.66,4684.96,0.63,0.07
29063,234.32,2727.11,0.62,0.09
29064,241.38,3392.61,0.73,0.07
29065,181.9,1446.59,0.55,0.13
29066,273.67,4669.93,0.78,0.06
29067,335.5,5641.29,0.63,0.06
29068,641.08,28510.2,0.87,0.02
29069,23.68,26.75,0.6,0.89
29070,426.25,10093.1,0.7,0.04
29071,107.73,809.29,0.88,0.13
29072,216.42,2629.95,0.71,0.08
29073,229.25,3084.21,0.74,0.07
29074,214.25,2612.24,0.71,0.08
29075,199.08,2293.94,0.73,0.09
29076,207.07,2343.47,0.69,0.09
29077,213.69,2537.51,0.7,0.08
29078,252.27,3272.12,0.65,0.08
29079,245.77,2977.57,0.62,0.08
29080,224.51,2031.75,0.51,0.11
29081,257.82,3513.1,0.66,0.07
29082,252.04,3250,0.64,0.08
29083,241.04,2751.24,0.59,0.09
29084,368.63,8430.22,0.78,0.04
29085,112.31,437.16,0.44,0.26
29086,120.24,854.61,0.74,0.14
29087,373.55,7905.05,0.71,0.05
29088,101.04,623.57,0.77,0.16
29089,234.94,2027.95,0.46,0.12
29090,377.21,6206.5,0.55,0.06
29091,100.7,689.6,0.85,0.15
29092,178.11,1776.5,0.7,0.1
29093,75.11,164.3,0.37,0.46
29094,188.78,1834.25,0.65,0.1
29095,90.36,183.17,0.28,0.49
29096,285.35,4960.11,0.77,0.06
29097,317.37,5688.69,0.71,0.06
29098,225.1,3145.37,0.78,0.07
29099,601.04,21684.3,0.75,0.03
29100,371.51,5405.03,0.49,0.07
29101,488.8,13614.7,0.72,0.04
29102,506.98,15714.8,0.77,0.03
29103,332.62,6384.35,0.72,0.05
29104,245.77,1603.13,0.33,0.15
29105,508.09,14943.6,0.73,0.03
29106,442.08,11546.9,0.74,0.04
29107,604.13,20258.3,0.7,0.03
29108,602.95,20103.9,0.69,0.03
29109,160.6,784.92,0.38,0.2
29110,567.48,20627.1,0.8,0.03
29111,246.14,2958.24,0.61,0.08
29112,147.68,688.45,0.4,0.21
29113,115.8,538.62,0.5,0.21
29114,366.89,3722.2,0.35,0.1
29115,172.61,1383.61,0.58,0.12
29116,986.56,45277.6,0.58,0.02
29117,197.04,1678.12,0.54,0.12
29118,102.24,193.12,0.23,0.53
29119,307.31,2679.64,0.36,0.11
29120,283.92,1494.96,0.23,0.19
29121,614.82,13904.6,0.46,0.04
29122,289.65,3963.74,0.59,0.07
29123,102.44,649.99,0.78,0.16
29124,725.96,15306.4,0.36,0.05
29125,124.03,702.09,0.57,0.18
29126,292.59,3215.45,0.47,0.09
29127,257.24,2302.68,0.44,0.11
29128,479.16,5671.01,0.31,0.08
29129,170.44,929.5,0.4,0.18
29130,318.65,6673.83,0.83,0.05
29131,191.26,853.2,0.29,0.22
29132,319.88,1864.43,0.23,0.17
29133,259.28,2249.45,0.42,0.12
29134,54.36,219.08,0.93,0.25
29135,234.34,1399.17,0.32,0.17
29136,917.27,29729.5,0.44,0.03
29137,185.45,1075.55,0.39,0.17
29138,668.1,26194.9,0.74,0.03
29139,315.43,5766.28,0.73,0.05
29140,218.71,2984.15,0.78,0.07
29141,416.04,11260.1,0.82,0.04
29142,4668.77,1010720,0.58,0
29143,959.04,45912.6,0.63,0.02
29144,256.32,3704.29,0.71,0.07
29145,381.65,7215.3,0.62,0.05
29146,873.21,46598.6,0.77,0.02
29147,450.65,2699.85,0.17,0.17
29148,326.77,5331.69,0.63,0.06
29149,354.74,7116.85,0.71,0.05
29150,245.06,2737.62,0.57,0.09
29151,534.78,17217.7,0.76,0.03
29152,1232.8,86503.2,0.71,0.01
29153,361.35,8197.31,0.79,0.04
29154,1114.22,76314.4,0.77,0.01
29155,471.14,13776.9,0.78,0.03
29156,829.68,33088.9,0.6,0.03
29157,377.16,8138.42,0.72,0.05
29158,373.14,7628.72,0.69,0.05
29159,234.97,3154.23,0.72,0.07
29160,635.67,21311.1,0.66,0.03
29161,789.13,32156.9,0.65,0.02
29162,538.61,13886.7,0.6,0.04
29163,237.51,3406.21,0.76,0.07
29164,528.68,15669.6,0.7,0.03
29165,472.11,13047.7,0.74,0.04
29166,149.88,931.9,0.52,0.16
29167,236.83,3409.95,0.76,0.07
29168,145.69,1193.98,0.71,0.12
29169,173.76,1875.05,0.78,0.09
29170,4023.58,165432,0.13,0.02
29171,1857.41,68344.7,0.25,0.03
29172,5495.11,255029,0.11,0.02
29173,854.83,25197,0.43,0.03
29174,1374.34,101403,0.67,0.01
29175,759.99,12573,0.27,0.06
29176,491.51,10749.4,0.56,0.05
29177,1152.52,65528.2,0.62,0.02
29178,778.97,41533.2,0.86,0.02
29179,1559.85,60055.9,0.31,0.03
29180,577.87,6390.24,0.24,0.09
29181,2308.71,129003,0.3,0.02
29182,1738.43,80359.7,0.33,0.02
29183,868.07,39428,0.66,0.02
29184,161.58,1318.89,0.63,0.12
29185,952.45,20728.5,0.29,0.05
29186,79.82,380.9,0.75,0.21
29187,1204.34,36005.1,0.31,0.03
29188,1303.72,50609.2,0.37,0.03
29189,2135.59,126350,0.35,0.02
29190,269.62,2234.5,0.39,0.12
29191,499.44,12340.3,0.62,0.04
29192,37.5,19.11,0.17,1.96
29193,410.11,10543.7,0.79,0.04
29194,905.84,50252.1,0.77,0.02
29195,184.36,2258.41,0.83,0.08
29196,277.23,4699.68,0.77,0.06
29197,90.08,303.83,0.47,0.3
29198,85.91,248.44,0.42,0.35
29199,583.21,15892.1,0.59,0.04
29200,356.28,6749.57,0.67,0.05
29201,371.92,6637.9,0.6,0.06
29202,307.81,6304.09,0.84,0.05
29203,81.29,253.63,0.48,0.32
29204,168.1,994.53,0.44,0.17
29205,1447.51,128159,0.77,0.01
29206,508.49,13709.8,0.67,0.04
29207,408.18,8716.96,0.66,0.05
29208,153.17,1338.42,0.72,0.11
29209,263.39,4027.54,0.73,0.07
29210,429.34,11173.6,0.76,0.04
29211,383.9,8750.7,0.75,0.04
29212,280.24,4750.03,0.76,0.06
29213,439.71,12115.4,0.79,0.04
29214,294.82,5033.35,0.73,0.06
29215,287.6,5115.39,0.78,0.06
29216,323.45,6257.83,0.75,0.05
29217,245.25,3058.4,0.64,0.08
29218,727,17945.4,0.43,0.04
29219,467.96,13476.8,0.77,0.03
29220,892.41,43196.4,0.68,0.02
29221,1003.86,31710.4,0.4,0.03
29222,290.95,4952.58,0.73,0.06
29223,333.26,6278.45,0.71,0.05
29224,282.05,4880.14,0.77,0.06
29225,371.49,7179.66,0.65,0.05
29226,258.74,2508.66,0.47,0.1
29227,337.69,6535.03,0.72,0.05
29228,224.35,3217.75,0.8,0.07
29229,364.29,7548.71,0.71,0.05
29230,144.08,1212.63,0.73,0.12
29231,280.54,4916.78,0.78,0.06
29232,298.29,5135.17,0.72,0.06
29233,456.34,9103.71,0.55,0.05
29234,427.71,7284.97,0.5,0.06
29235,533.9,18322,0.81,0.03
29236,278.69,4061.93,0.66,0.07
29237,270.68,4335.93,0.74,0.06
29238,283.56,3821.67,0.6,0.07
29239,254.09,3315.99,0.65,0.08
29240,257.93,3686.79,0.7,0.07
29241,287.03,3829.76,0.58,0.07
29242,112.35,794.87,0.79,0.14
29243,174.41,1996.57,0.82,0.09
29244,153.48,1395.41,0.74,0.11
29245,507.75,10009.2,0.49,0.05
29246,262.57,3371.62,0.61,0.08
29247,300.38,3445.84,0.48,0.09
29248,634.69,24156.1,0.75,0.03
29249,738.33,19870.9,0.46,0.04
29250,674.36,27174.9,0.75,0.02
29251,297.03,5087.79,0.72,0.06
29252,358.21,6842.99,0.67,0.05
29253,382.89,8449.88,0.72,0.05
29254,660.49,26205.7,0.75,0.03
29255,331.66,6295.35,0.72,0.05
29256,363.95,7263.26,0.69,0.05
29257,380.03,7872.77,0.68,0.05
29258,389.93,8522.04,0.7,0.05
29259,378.62,8051.26,0.71,0.05
29260,369.04,7494.28,0.69,0.05
29261,368,7161.1,0.66,0.05
29262,364.93,7122.01,0.67,0.05
29263,362.91,7197.77,0.69,0.05
29264,370.7,7792.39,0.71,0.05
29265,372.4,7512.01,0.68,0.05
29266,372.67,7519.88,0.68,0.05
29267,361.62,7193.95,0.69,0.05
29268,370.39,7286.99,0.67,0.05
29269,362.15,7058.64,0.68,0.05
29270,357.81,6939.89,0.68,0.05
29271,358.03,6969.66,0.68,0.05
29272,364.38,7266.25,0.69,0.05
29273,376.98,7626.34,0.67,0.05
29274,482.45,13833.2,0.75,0.03
29275,700.59,28925.3,0.74,0.02
29276,370.45,8247.13,0.75,0.04
29277,197.92,1550.51,0.5,0.13
29278,194.75,1761.51,0.58,0.11
29279,845.09,16105.5,0.28,0.05
29280,114.1,748.08,0.72,0.15
29281,650.8,20443.2,0.61,0.03
29282,570.88,11603.8,0.45,0.05
29283,718.25,17039.3,0.41,0.04
29284,739,26038.7,0.6,0.03
29285,383.47,6083.08,0.52,0.06
29286,135.2,1162.58,0.8,0.12
29287,413.12,9809.72,0.72,0.04
29288,213.71,2043.11,0.56,0.1
29289,105.54,623.38,0.7,0.17
29290,154.65,1178.22,0.62,0.13
29291,173.11,1741.39,0.73,0.1
29292,651.97,24486.8,0.72,0.03
29293,82.66,538.77,0.99,0.15
29294,812.66,14805.2,0.28,0.05
29295,198.86,1272.51,0.4,0.16
29296,517.33,6508.51,0.31,0.08
29297,424.39,8791.24,0.61,0.05
29298,414.86,10282.8,0.75,0.04
29299,373.56,8623.47,0.78,0.04
29300,533.58,17686.3,0.78,0.03
29301,297.65,5475.37,0.78,0.05
29302,294.31,5318.43,0.77,0.06
29303,406.24,8879.03,0.68,0.05
29304,289.83,5212.29,0.78,0.06
29305,408.05,8957.68,0.68,0.05
29306,456.75,12883.7,0.78,0.04
29307,439.32,11835.5,0.77,0.04
29308,463.05,13051.7,0.76,0.04
29309,515.06,16524.5,0.78,0.03
29310,465.94,13274.1,0.77,0.04
29311,126.06,331.72,0.26,0.38
29312,182.58,1082.09,0.41,0.17
29313,195.72,1471.83,0.48,0.13
29314,462.49,13770.3,0.81,0.03
29315,313.71,5163.12,0.66,0.06
29316,125.01,599.76,0.48,0.21
29317,460.99,12635.3,0.75,0.04
29318,958.02,54250.8,0.74,0.02
29319,673.48,27321.5,0.76,0.02
29320,167.25,1070.57,0.48,0.16
29321,547.79,16796.5,0.7,0.03
29322,712.76,26383.1,0.65,0.03
29323,387.95,8836.56,0.74,0.04
29324,372.78,8743.26,0.79,0.04
29325,631.75,20847.2,0.66,0.03
29326,375.83,8243.91,0.73,0.05
29327,760.04,11894.7,0.26,0.06
29328,779.19,28767.9,0.6,0.03
29329,651.37,25146.2,0.74,0.03
29330,1122.48,69932,0.7,0.02
29331,1496.54,101177,0.57,0.01
29332,305.69,5537.79,0.74,0.06
29333,315.02,4649.75,0.59,0.07
29334,862.52,25459.3,0.43,0.03
29335,320.83,2042.59,0.25,0.16
29336,199.09,1464.66,0.46,0.14
29337,258.47,3461.27,0.65,0.07
29338,66.41,227.23,0.65,0.29
29339,137.29,955.21,0.64,0.14
29340,317.6,5744.09,0.72,0.06
29341,592.88,20536.7,0.73,0.03
29342,295.28,5073.44,0.73,0.06
29343,923.61,40980.9,0.6,0.02
29344,221.23,2049.26,0.53,0.11
29345,1459.36,88908.3,0.52,0.02
29346,669.37,28165.5,0.79,0.02
29347,588.52,15493.7,0.56,0.04
29348,519.61,11196.5,0.52,0.05
29349,565.42,19700.4,0.77,0.03
29350,273.86,4172.75,0.7,0.07
29351,318.69,3216.62,0.4,0.1
29352,2693.14,212827,0.37,0.01
29353,1847.2,123728,0.46,0.01
29354,172.02,1550.28,0.66,0.11
29355,444.83,12279.8,0.78,0.04
29356,636.71,24616.5,0.76,0.03
29357,600.29,17171,0.6,0.03
29358,319.9,4775.23,0.59,0.07
29359,485.11,13156,0.7,0.04
29360,454.83,10726.1,0.65,0.04
29361,458.23,10946.5,0.65,0.04
29362,842.17,40187.1,0.71,0.02
29363,896.84,42541.9,0.66,0.02
29364,1084.7,33289.1,0.36,0.03
29365,376.72,8928.19,0.79,0.04
29366,357.07,7679.32,0.76,0.05
29367,423.43,4574.02,0.32,0.09
29368,219.8,2767.5,0.72,0.08
29369,290.84,5336.05,0.79,0.05
29370,134.41,1118.21,0.78,0.12
29371,136.91,1149.85,0.77,0.12
29372,210.29,2236.74,0.64,0.09
29373,210.1,2231.37,0.63,0.09
29374,274.66,4648.02,0.77,0.06
29375,245.13,3513.44,0.73,0.07
29376,210.25,2599.1,0.74,0.08
29377,203.46,2406.98,0.73,0.08
29378,288.74,4086.67,0.62,0.07
29379,203.67,2430.32,0.74,0.08
29380,217.02,2713.08,0.72,0.08
29381,294.57,5462.95,0.79,0.05
29382,217.07,2707.49,0.72,0.08
29383,219.78,2774.75,0.72,0.08
29384,328.75,3957.15,0.46,0.08
29385,341.48,4809.62,0.52,0.07
29386,203.79,1526.14,0.46,0.13
29387,487.96,9311.67,0.49,0.05
29388,254.92,3107.1,0.6,0.08
29389,128.38,695.93,0.53,0.18
29390,201.81,1816.66,0.56,0.11
29391,745.01,15971,0.36,0.05
29392,517.14,10592.1,0.5,0.05
29393,559.62,11666.6,0.47,0.05
29394,787.24,25842.7,0.52,0.03
29395,388.39,5837.04,0.49,0.07
29396,958.77,16625.7,0.23,0.06
29397,144.34,1021.69,0.62,0.14
29398,210.12,1382.87,0.39,0.15
29399,279.51,1958.46,0.31,0.14
29400,298.07,5799.26,0.82,0.05
29401,500.89,8599.85,0.43,0.06
29402,737.45,23842,0.55,0.03
29403,398.77,10154,0.8,0.04
29404,605.1,20487.7,0.7,0.03
29405,400.75,10020.8,0.78,0.04
29406,266.73,3174.56,0.56,0.08
29407,274.99,3630.97,0.6,0.08
29408,271.74,3315.2,0.56,0.08
29409,265.02,3489.67,0.62,0.08
29410,473.84,6905.46,0.39,0.07
29411,271.84,3282.07,0.56,0.08
29412,574.23,12173,0.46,0.05
29413,575.48,13136.9,0.5,0.04
29414,283.08,2222.35,0.35,0.13
29415,932.52,41704.5,0.6,0.02
29416,529.1,8327.75,0.37,0.06
29417,321.59,3718.66,0.45,0.09
29418,535.29,13150.8,0.58,0.04
29419,226.67,3248.09,0.79,0.07
29420,203.77,2639.77,0.8,0.08
29421,459.58,9157.37,0.54,0.05
29422,378.26,8448.34,0.74,0.04
29423,255.35,4103.63,0.79,0.06
29424,414.28,10781.1,0.79,0.04
29425,466.33,12833.6,0.74,0.04
29426,356.01,7914.48,0.78,0.04
29427,260.21,3876.84,0.72,0.07
29428,399.68,5687.1,0.45,0.07
29429,654.16,26098.2,0.77,0.03
29430,566.34,17938.6,0.7,0.03
29431,439.69,5491.95,0.36,0.08
29432,322.65,4987.39,0.6,0.06
29433,599.81,9198.59,0.32,0.07
29434,521.25,15487.3,0.72,0.03
29435,372.5,6673.5,0.6,0.06
29436,255.58,3266.96,0.63,0.08
29437,245.23,2992.35,0.62,0.08
29438,436.56,11662.3,0.77,0.04
29439,385.92,9350.06,0.79,0.04
29440,306.24,4354.11,0.58,0.07
29441,274.08,3677.77,0.61,0.07
29442,277.29,3588.8,0.59,0.08
29443,339.01,7119.68,0.78,0.05
29444,267.5,3523.97,0.62,0.08
29445,288.95,4774.96,0.72,0.06
29446,257.9,2882.71,0.54,0.09
29447,441.05,12170.9,0.79,0.04
29448,293.33,3546.94,0.52,0.08
29449,263.6,3224.34,0.58,0.08
29450,295.44,3680.92,0.53,0.08
29451,68.65,143.44,0.38,0.48
29452,570.63,9125.88,0.35,0.06
29453,567.58,8979.55,0.35,0.06
29454,456.92,8952.03,0.54,0.05
29455,701.85,17595.7,0.45,0.04
29456,468.76,12523.7,0.72,0.04
29457,202.66,2509.37,0.77,0.08
29458,550.45,17712.8,0.73,0.03
29459,202.03,1979.18,0.61,0.1
29460,379.73,7939.16,0.69,0.05
29461,565.36,19028.9,0.75,0.03
29462,161.16,1421.25,0.69,0.11
29463,607.2,15630.8,0.53,0.04
29464,599.19,14673.9,0.51,0.04
29465,587.61,13827.8,0.5,0.04
29466,692.29,26047.1,0.68,0.03
29467,166.77,845.96,0.38,0.2
29468,1073.92,69446.6,0.76,0.02
29469,660.93,25321.9,0.73,0.03
29470,316.53,5046.31,0.63,0.06
29471,565.4,12123.8,0.48,0.05
29472,364.59,6145.73,0.58,0.06
29473,466.55,9664.98,0.56,0.05
29474,618.15,19457.5,0.64,0.03
29475,1083,51634.1,0.55,0.02
29476,377.54,8136.21,0.72,0.05
29477,1102.81,49211.7,0.51,0.02
29478,213.86,2769.92,0.76,0.08
29479,351.82,6487.08,0.66,0.05
29480,411.94,7322.63,0.54,0.06
29481,683.37,18812.7,0.51,0.04
29482,289.02,3825.81,0.58,0.08
29483,948.27,15729.1,0.22,0.06
29484,781.69,31517.9,0.65,0.02
29485,1267.18,32961.3,0.26,0.04
29486,827.59,40167.9,0.74,0.02
29487,434.12,9242.93,0.62,0.05
29488,997.89,55762.2,0.7,0.02
29489,648.67,21568.7,0.64,0.03
29490,566.84,16590.3,0.65,0.03
29491,616.76,16846.1,0.56,0.04
29492,723.52,25182.6,0.6,0.03
29493,239.07,3216.91,0.71,0.07
29494,230.37,2765.34,0.65,0.08
29495,223.1,2508.84,0.63,0.09
29496,274.43,3879.64,0.65,0.07
29497,263.76,3364.75,0.61,0.08
29498,256.61,3068.37,0.59,0.08
29499,258.16,3042.31,0.57,0.08
29500,272.4,3720.57,0.63,0.07
29501,228.05,2713.57,0.66,0.08
29502,261.35,3315.7,0.61,0.08
29503,220.69,2431.15,0.63,0.09
29504,236.64,3089.98,0.69,0.08
29505,227.83,2746.44,0.66,0.08
29506,268.75,3508.55,0.61,0.08
29507,266.74,3426.74,0.6,0.08
29508,278.47,3917.39,0.63,0.07
29509,261.64,3059.19,0.56,0.09
29510,269.32,3475,0.6,0.08
29511,267.44,3395.59,0.6,0.08
29512,229.22,2778.27,0.66,0.08
29513,228.31,2450.99,0.59,0.09
29514,224.29,2303.36,0.58,0.1
29515,222.45,2203.77,0.56,0.1
29516,181.53,1744.57,0.66,0.1
29517,245.78,2659.59,0.55,0.09
29518,240.88,2537.93,0.55,0.09
29519,239.33,2447.47,0.54,0.1
29520,221.76,2167.96,0.55,0.1
29521,237.59,2574.58,0.57,0.09
29522,108.28,728.84,0.78,0.15
29523,229.78,2234.01,0.53,0.1
29524,241.29,2434.92,0.53,0.1
29525,176.01,1623.79,0.66,0.11
29526,238.93,2643.03,0.58,0.09
29527,246.86,2703.44,0.56,0.09
29528,179.82,1724.75,0.67,0.1
29529,243.45,2545.37,0.54,0.1
29530,179.29,1691.3,0.66,0.11
29531,233.63,2400.13,0.55,0.1
29532,241.62,2544.81,0.55,0.09
29533,241.35,2555.82,0.55,0.09
29534,242.16,2542.13,0.54,0.1
29535,238.5,2435.75,0.54,0.1
29536,241.55,2589.38,0.56,0.09
29537,242.98,2553.37,0.54,0.1
29538,237.26,2402.98,0.54,0.1
29539,241.8,2470.28,0.53,0.1
29540,447.01,12102.3,0.76,0.04
29541,451.81,12475.9,0.77,0.04
29542,260.87,4206.07,0.78,0.06
29543,327.75,6590.67,0.77,0.05
29544,242.62,2494.64,0.53,0.1
29545,174.71,1600.21,0.66,0.11
29546,232.79,2373.21,0.55,0.1
29547,239.76,2468.14,0.54,0.1
29548,626.89,12673.4,0.41,0.05
29549,320.2,6299.27,0.77,0.05
29550,236.47,2515.43,0.57,0.09
29551,163.63,985.41,0.46,0.17
29552,175.32,2248.93,0.92,0.08
29553,329.82,6342.62,0.73,0.05
29554,216.91,2593.5,0.69,0.08
29555,318.9,3322.72,0.41,0.1
29556,382.17,8855.88,0.76,0.04
29557,376.72,8913.17,0.79,0.04
29558,303.1,4913.13,0.67,0.06
29559,303.2,3803.46,0.52,0.08
29560,104.39,645.73,0.74,0.16
29561,552.3,19666.4,0.81,0.03
29562,128,940.17,0.72,0.14
29563,1001.22,38197.6,0.48,0.03
29564,979.47,33374.2,0.44,0.03
29565,1381.05,75822.6,0.5,0.02
29566,962.68,56910.6,0.77,0.02
29567,1177.67,22767.1,0.21,0.05
29568,352.67,4965.48,0.5,0.07
29569,255.21,5135.15,0.99,0.05
29570,221.07,1374.68,0.35,0.16
29571,1485.9,124356,0.71,0.01
29572,68.57,370.72,0.99,0.18
29573,404.1,6448.13,0.5,0.06
29574,209.32,1925.67,0.55,0.11
29575,771.44,34942.8,0.74,0.02
29576,280.76,4292.75,0.68,0.07
29577,339.2,4548.14,0.5,0.07
29578,326.89,6670.39,0.78,0.05
29579,484.93,13216.3,0.71,0.04
29580,61.03,293.66,0.99,0.21
29581,1699.63,145357,0.63,0.01
29582,380.68,6479.66,0.56,0.06
29583,754.62,32165.1,0.71,0.02
29584,373.94,5879.78,0.53,0.06
29585,277.25,4359.76,0.71,0.06
29586,208.7,2472.11,0.71,0.08
29587,157.17,1537.2,0.78,0.1
29588,153.15,1452.47,0.78,0.11
29589,182.3,1582.77,0.6,0.12
29590,459.96,10352,0.61,0.04
29591,214.32,1734.39,0.47,0.12
29592,209.92,1605.18,0.46,0.13
29593,216.47,1823.5,0.49,0.12
29594,212.38,1581.18,0.44,0.13
29595,298.09,5503.22,0.78,0.05
29596,138.39,1207.91,0.79,0.11
29597,305.72,3853.16,0.52,0.08
29598,395.89,5041.81,0.4,0.08
29599,310.74,4008.85,0.52,0.08
29600,256.07,3040.45,0.58,0.08
29601,801.94,30394,0.59,0.03
29602,691.94,14180.7,0.37,0.05
29603,284.95,4309.43,0.67,0.07
29604,485.29,9632.52,0.51,0.05
29605,147.17,1253.79,0.73,0.12
29606,349.59,6557.64,0.67,0.05
29607,822.35,37093.1,0.69,0.02
29608,277.57,4647.79,0.76,0.06
29609,294.2,3591.98,0.52,0.08
29610,290.29,3519.64,0.52,0.08
29611,224.76,2546,0.63,0.09
29612,605.47,14585.7,0.5,0.04
29613,528.14,15783.8,0.71,0.03
29614,338.91,7167.77,0.78,0.05
29615,223.29,2471.67,0.62,0.09
29616,473.19,6611.14,0.37,0.07
29617,962.8,53249.6,0.72,0.02
29618,968.22,58852,0.79,0.02
29619,1008.43,63856.2,0.79,0.02
29620,497.4,14967,0.76,0.03
29621,658.74,18935.9,0.55,0.03
29622,491.98,10937.8,0.57,0.04
29623,243.33,2840.1,0.6,0.09
29624,176.82,1662.58,0.67,0.11
29625,319.24,4848.19,0.6,0.07
29626,981.69,29418.4,0.38,0.03
29627,781.29,23899.6,0.49,0.03
29628,95.5,703.48,0.97,0.14
29629,250.1,3703.92,0.74,0.07
29630,382.71,7909.96,0.68,0.05
29631,370.33,7197.35,0.66,0.05
29632,546.45,17729.8,0.75,0.03
29633,981.37,52087,0.68,0.02
29634,401.67,8537.6,0.66,0.05
29635,517.02,15136,0.71,0.03
29636,336.91,7042.86,0.78,0.05
29637,256.1,4087.01,0.78,0.06
29638,201,1938.47,0.6,0.1
29639,334.2,6858.47,0.77,0.05
29640,601.87,16520.4,0.57,0.04
29641,798.36,38384.8,0.76,0.02
29642,1917.04,117631,0.4,0.02
29643,371.02,5485.14,0.5,0.07
29644,497.11,14865.5,0.76,0.03
29645,170.51,1500.39,0.65,0.11
29646,1908.13,171230,0.59,0.01
29647,190.74,2731.96,0.94,0.07
29648,714.16,23503.8,0.58,0.03
29649,307.73,5737.3,0.76,0.05
29650,412.18,9994.4,0.74,0.04
29651,227.5,3233.62,0.78,0.07
29652,777.89,41225.1,0.86,0.02
29653,199.36,2483.69,0.78,0.08
29654,1727.96,58990.8,0.25,0.03
29655,535.38,17325.6,0.76,0.03
29656,928.33,52729.3,0.77,0.02
29657,362.34,5033.31,0.48,0.07
29658,361.95,5574.71,0.53,0.06
29659,328.14,3532.62,0.41,0.09
29660,436.87,10690.2,0.7,0.04
29661,372.4,5871.85,0.53,0.06
29662,352.29,5054.66,0.51,0.07
29663,498.53,15361.1,0.78,0.03
29664,333.34,3998.87,0.45,0.08
29665,634.85,9276.55,0.29,0.07
29666,347.32,3953.76,0.41,0.09
29667,647.38,11695.5,0.35,0.06
29668,333.65,3827.89,0.43,0.09
29669,474.19,13967.7,0.78,0.03
29670,328.89,4844.34,0.56,0.07
29671,394.38,9000.81,0.73,0.04
29672,463.42,13458.6,0.79,0.03
29673,375.38,8297.64,0.74,0.05
29674,272.11,2756.66,0.47,0.1
29675,319.41,4958.6,0.61,0.06
29676,331.34,5143.01,0.59,0.06
29677,299.95,3273.05,0.46,0.09
29678,290.39,3132.39,0.47,0.09
29679,308.64,4098.49,0.54,0.08
29680,312.7,4143.17,0.53,0.08
29681,321.3,4732.52,0.58,0.07
29682,320.08,4679.56,0.57,0.07
29683,336.93,4822.21,0.53,0.07
29684,622.48,10637.8,0.34,0.06
29685,557.19,7472.25,0.3,0.07
29686,726.88,29864.5,0.71,0.02
29687,733.25,22767.9,0.53,0.03
29688,732.15,31867.3,0.75,0.02
29689,776.44,35936.9,0.75,0.02
29690,958.17,58385.7,0.8,0.02
29691,68.37,277.58,0.75,0.25
29692,1211.12,78633.4,0.67,0.02
29693,727.65,30256.1,0.72,0.02
29694,612.15,22317.7,0.75,0.03
29695,488.32,11230,0.59,0.04
29696,552.96,17238.3,0.71,0.03
29697,1210.62,63965.9,0.55,0.02
29698,710.35,28579.8,0.71,0.02
29699,1033.21,63096.2,0.74,0.02
29700,443.37,10542.8,0.67,0.04
29701,582.06,20394.1,0.76,0.03
29702,567.2,18754.6,0.73,0.03
29703,1799.12,214654,0.83,0.01
29704,363.75,5394.42,0.51,0.07
29705,1594.06,129479,0.64,0.01
29706,2070.66,185982,0.54,0.01
29707,1119.38,71738.6,0.72,0.02
29708,1136.27,77096.1,0.75,0.01
29709,1435.93,120683,0.74,0.01
29710,611.82,6382.32,0.21,0.1
29711,369.81,7109.69,0.65,0.05
29712,749.68,34759.3,0.78,0.02
29713,749.39,34596.6,0.77,0.02
29714,232.68,2689.85,0.62,0.09
29715,77.02,467.7,0.99,0.16
29716,87.78,607.61,0.99,0.14
29717,1707.97,165595,0.71,0.01
29718,540.31,9965,0.43,0.05
29719,357.44,5792.87,0.57,0.06
29720,511.33,10154.7,0.49,0.05
29721,850.74,23890.3,0.41,0.04
29722,561.19,17189.8,0.69,0.03
29723,496.22,14079.1,0.72,0.04
29724,809.74,20837.7,0.4,0.04
29725,515.87,8850.87,0.42,0.06
29726,516.63,9239.6,0.43,0.06
29727,499.32,15670,0.79,0.03
29728,513.37,8629.74,0.41,0.06
29729,844.91,27119.3,0.48,0.03
29730,652.96,18578.1,0.55,0.04
29731,568.54,10157,0.39,0.06
29732,403.98,7606.21,0.59,0.05
29733,624.42,18227.6,0.59,0.03
29734,1281.25,99152,0.76,0.01
29735,1571.42,153070,0.78,0.01
29736,919.66,53884.7,0.8,0.02
29737,227.05,3300.48,0.8,0.07
29738,95.32,457.95,0.63,0.21
29739,829.38,24885.3,0.45,0.03
29740,706.57,29644.3,0.75,0.02
29741,1508.32,104417,0.58,0.01
29742,584.93,18959.6,0.7,0.03
29743,322.15,6473.62,0.78,0.05
29744,978.29,58941,0.77,0.02
29745,365.23,7453.62,0.7,0.05
29746,493.68,14894.4,0.77,0.03
29747,666.03,28562.6,0.81,0.02
29748,1461.01,134292,0.79,0.01
29749,605.6,17302.4,0.59,0.04
29750,578.08,13356,0.5,0.04
29751,780.64,31096.1,0.64,0.03
29752,256.14,3716,0.71,0.07
29753,734.72,33604.2,0.78,0.02
29754,796.02,39064.2,0.77,0.02
29755,271.43,3779.38,0.64,0.07
29756,706.45,16365.1,0.41,0.04
29757,332.12,6447.92,0.73,0.05
29758,396.97,6182.82,0.49,0.06
29759,302.04,4799.25,0.66,0.06
29760,1521.71,111282,0.6,0.01
29761,582.75,17248.2,0.64,0.03
29762,327.46,4194.61,0.49,0.08
29763,251.71,3475.53,0.69,0.07
29764,508.19,8134.94,0.4,0.06
29765,1042.27,65463.6,0.76,0.02
29766,642.25,17391.4,0.53,0.04
29767,1924.26,178885,0.61,0.01
29768,620.81,24060.7,0.78,0.03
29769,679.35,26721.7,0.73,0.03
29770,603.21,22835.1,0.79,0.03
29771,334.84,5007.03,0.56,0.07
29772,1788.42,134409,0.53,0.01
29773,718.03,25021.3,0.61,0.03
29774,1224.02,73230.6,0.61,0.02
29775,834.86,41020,0.74,0.02
29776,1566.77,53547.8,0.27,0.03
29777,456.16,6353.77,0.38,0.07
29778,695.53,28791.5,0.75,0.02
